<?xml version="1.0"?>
<SmartPartMapping xmlns:xsi="http://www.w3.org/2001/XMLSchema-instance" xmlns:xsd="http://www.w3.org/2001/XMLSchema" id="701895bb-0fcd-4e7b-bc85-a64d33555541">
  <SmartPartId>ContactMisc</SmartPartId>
  <ReferencedModelId>b2741b79-02a2-4f4c-81cd-c204f82cf41c</ReferencedModelId>
  <SmartPart>\Entity Model\SalesLogix Application Entities\Contact\QuickForms\ContactMisc.main.quickform.xml</SmartPart>
  <TargetWorkspace>TabControl</TargetWorkspace>
  <ShowInMode>Detail</ShowInMode>
  <Properties />
  <AllowRoles />
</SmartPartMapping>