<?xml version="1.0"?>
<PortalPage xmlns:xsi="http://www.w3.org/2001/XMLSchema-instance" xmlns:xsd="http://www.w3.org/2001/XMLSchema" id="d985f8a2-20a2-4000-8adb-a41156407f1e">
  <PageAlias>OAuthProvider</PageAlias>
  <SmallImage>[Localization!Global_Images:data_map_16x16]</SmallImage>
  <LargeImage>[Localization!Global_Images:data_map_24x24]</LargeImage>
  <TemplateUrl>Masters\base.master</TemplateUrl>
  <InheritTemplate>false</InheritTemplate>
  <InheritsFrom>Sage.Platform.WebPortal.EntityPage, Sage.Platform.WebPortal</InheritsFrom>
  <Properties>
    <Property Name="EntityTypeName" TypeConverter="">Sage.Entity.Interfaces.IOAuthProvider,Sage.Entity.Interfaces</Property>
  </Properties>
  <TemplateProperties>
    <Property Name="IncludeMiddlePane" TypeConverter="">False</Property>
    <Property Name="IncludeMoreTabsTab" TypeConverter="">False</Property>
    <Property Name="MainContentWorkspace_IncludeCollapseButton" TypeConverter="">False</Property>
    <Property Name="IncludeTaskPane" TypeConverter="">False</Property>
  </TemplateProperties>
  <IsDefaultPage>false</IsDefaultPage>
  <ExcludedGlobalModules />
  <AppliedSecurity />
  <IncludeScript />
</PortalPage>