<NewDataSet>
  <xs:schema id="NewDataSet" xmlns="" xmlns:xs="http://www.w3.org/2001/XMLSchema" xmlns:msdata="urn:schemas-microsoft-com:xml-msdata">
    <xs:element name="NewDataSet" msdata:IsDataSet="true" msdata:MainDataTable="INTEGRATION" msdata:UseCurrentLocale="true">
      <xs:complexType>
        <xs:choice minOccurs="0" maxOccurs="unbounded">
          <xs:element name="INTEGRATION">
            <xs:complexType>
              <xs:sequence>
                <xs:element name="INTEGRATIONID" type="xs:string" minOccurs="0" />
                <xs:element name="CREATEUSER" type="xs:string" minOccurs="0" />
                <xs:element name="CREATEDATE" type="xs:dateTime" minOccurs="0" />
                <xs:element name="MODIFYUSER" type="xs:string" minOccurs="0" />
                <xs:element name="MODIFYDATE" type="xs:dateTime" minOccurs="0" />
                <xs:element name="NAME" type="xs:string" minOccurs="0" />
                <xs:element name="AUTHTYPE" type="xs:string" minOccurs="0" />
                <xs:element name="ENABLED" type="xs:string" minOccurs="0" />
                <xs:element name="SYNCABLE" type="xs:string" minOccurs="0" />
                <xs:element name="SUPPORTSSCHEMAREQUEST" type="xs:string" minOccurs="0" />
                <xs:element name="SYNCHANDLER" type="xs:string" minOccurs="0" />
                <xs:element name="SYNCMETHOD" type="xs:string" minOccurs="0" />
                <xs:element name="LINKTYPE" type="xs:string" minOccurs="0" />
                <xs:element name="SYNCINTERVAL" type="xs:int" minOccurs="0" />
                <xs:element name="SYNCSTARTTIME" type="xs:dateTime" minOccurs="0" />
                <xs:element name="SYNCENDTIME" type="xs:dateTime" minOccurs="0" />
              </xs:sequence>
            </xs:complexType>
          </xs:element>
        </xs:choice>
      </xs:complexType>
    </xs:element>
  </xs:schema>
  <INTEGRATION>
    <INTEGRATIONID>5906AE03C5B5</INTEGRATIONID>
    <NAME>Twitter</NAME>
    <AUTHTYPE>OAuth</AUTHTYPE>
    <ENABLED>T</ENABLED>
  </INTEGRATION>
  <INTEGRATION>
    <INTEGRATIONID>5906AE03C5B6</INTEGRATIONID>
    <NAME>LinkedIn</NAME>
    <AUTHTYPE>OAuth</AUTHTYPE>
    <ENABLED>T</ENABLED>
  </INTEGRATION>
</NewDataSet>