<NewDataSet>
  <xs:schema id="NewDataSet" xmlns="" xmlns:xs="http://www.w3.org/2001/XMLSchema" xmlns:msdata="urn:schemas-microsoft-com:xml-msdata">
    <xs:element name="NewDataSet" msdata:IsDataSet="true" msdata:MainDataTable="OAUTHPROVIDER" msdata:UseCurrentLocale="true">
      <xs:complexType>
        <xs:choice minOccurs="0" maxOccurs="unbounded">
          <xs:element name="OAUTHPROVIDER">
            <xs:complexType>
              <xs:sequence>
                <xs:element name="OAUTHPROVIDERID" type="xs:string" minOccurs="0" />
                <xs:element name="CREATEUSER" type="xs:string" minOccurs="0" />
                <xs:element name="CREATEDATE" type="xs:dateTime" minOccurs="0" />
                <xs:element name="MODIFYUSER" type="xs:string" minOccurs="0" />
                <xs:element name="MODIFYDATE" type="xs:dateTime" minOccurs="0" />
                <xs:element name="CLIENTID" type="xs:string" minOccurs="0" />
                <xs:element name="SECRET" type="xs:string" minOccurs="0" />
                <xs:element name="PROVIDERNAME" type="xs:string" minOccurs="0" />
                <xs:element name="USERAPPROVALURL" type="xs:string" minOccurs="0" />
                <xs:element name="SYNCHANDLER" type="xs:string" minOccurs="0" />
                <xs:element name="REFRESHTOKENURL" type="xs:string" minOccurs="0" />
                <xs:element name="HOST" type="xs:string" minOccurs="0" />
                <xs:element name="USERAPPROVALMETHOD" type="xs:string" minOccurs="0" />
                <xs:element name="USERAPPROVALDATA" type="xs:string" minOccurs="0" />
                <xs:element name="ACCESSTOKENURL" type="xs:string" minOccurs="0" />
                <xs:element name="ACCESSTOKENMETHOD" type="xs:string" minOccurs="0" />
                <xs:element name="ACCESSTOKENDATA" type="xs:string" minOccurs="0" />
                <xs:element name="REFRESHTOKENMETHOD" type="xs:string" minOccurs="0" />
                <xs:element name="REFRESHTOKENDATA" type="xs:string" minOccurs="0" />
                <xs:element name="REQUIRESACCESSTOKEN" type="xs:string" minOccurs="0" />
                <xs:element name="REQUIRESREFRESHTOKEN" type="xs:string" minOccurs="0" />
                <xs:element name="ACTIVE" type="xs:string" minOccurs="0" />
                <xs:element name="PROVIDERKEY" type="xs:string" minOccurs="0" />
                <xs:element name="ENDPOINTURL" type="xs:string" minOccurs="0" />
                <xs:element name="REQUESTTOKENURL" type="xs:string" minOccurs="0" />
                <xs:element name="REQUESTTOKENMETHOD" type="xs:string" minOccurs="0" />
                <xs:element name="OAUTHVERSION" type="xs:string" minOccurs="0" />
                <xs:element name="SUPPORTSCALLBACK" type="xs:string" minOccurs="0" />
                <xs:element name="INTEGRATIONID" type="xs:string" minOccurs="0" />
              </xs:sequence>
            </xs:complexType>
          </xs:element>
        </xs:choice>
      </xs:complexType>
    </xs:element>
  </xs:schema>
  <OAUTHPROVIDER>
    <OAUTHPROVIDERID>QDEMOA000KQS</OAUTHPROVIDERID>
    <CREATEUSER>ADMIN       </CREATEUSER>
    <CREATEDATE>2013-05-17T16:15:01-05:00</CREATEDATE>
    <MODIFYUSER>ADMIN       </MODIFYUSER>
    <MODIFYDATE>2013-08-30T14:02:33-05:00</MODIFYDATE>
    <CLIENTID>3RXaGN1NbmxM07jzFUOjcw</CLIENTID>
    <SECRET>DAex9TgzB8Wg8liMIFdNPkHoM90hqVWPBFBnEkNNE</SECRET>
    <PROVIDERNAME>Twitter</PROVIDERNAME>
    <USERAPPROVALURL>/oauth/authenticate</USERAPPROVALURL>
    <HOST>https://api.twitter.com</HOST>
    <ACCESSTOKENURL>/oauth/access_token</ACCESSTOKENURL>
    <REQUIRESACCESSTOKEN>T</REQUIRESACCESSTOKEN>
    <PROVIDERKEY>Twitter</PROVIDERKEY>
    <ENDPOINTURL>https://api.twitter.com</ENDPOINTURL>
    <REQUESTTOKENURL>/oauth/request_token</REQUESTTOKENURL>
    <REQUESTTOKENMETHOD>POST</REQUESTTOKENMETHOD>
    <OAUTHVERSION>1.0</OAUTHVERSION>
    <SUPPORTSCALLBACK>T</SUPPORTSCALLBACK>
  </OAUTHPROVIDER>
  <OAUTHPROVIDER>
    <OAUTHPROVIDERID>QDEMOA000KVJ</OAUTHPROVIDERID>
    <CREATEUSER>ADMIN       </CREATEUSER>
    <CREATEDATE>2013-06-19T22:22:37-05:00</CREATEDATE>
    <MODIFYUSER>ADMIN       </MODIFYUSER>
    <MODIFYDATE>2013-06-25T15:43:36-05:00</MODIFYDATE>
    <CLIENTID>75vbft27b2inoq</CLIENTID>
    <SECRET>SSXIxGiFgPw9RoKR</SECRET>
    <PROVIDERNAME>LinkedIn</PROVIDERNAME>
    <USERAPPROVALURL>/authorization</USERAPPROVALURL>
    <HOST>https://www.linkedin.com/uas/oauth2</HOST>
    <USERAPPROVALDATA>?response_type=code&amp;client_id={CLIENTID}&amp;state={STATE}&amp;redirect_uri={REDIRECT_URI}</USERAPPROVALDATA>
    <ACCESSTOKENURL>/accessToken</ACCESSTOKENURL>
    <ACCESSTOKENMETHOD>POST</ACCESSTOKENMETHOD>
    <ACCESSTOKENDATA>grant_type=authorization_code&amp;code={TOKEN}&amp;redirect_uri={REDIRECT_URI}&amp;client_id={CLIENTID}&amp;client_secret={CLIENTSECRET}</ACCESSTOKENDATA>
    <REQUIRESACCESSTOKEN>T</REQUIRESACCESSTOKEN>
    <PROVIDERKEY>LinkedIn</PROVIDERKEY>
    <ENDPOINTURL>https://www.linkedin.com/uas/oauth2</ENDPOINTURL>
    <OAUTHVERSION>2.0</OAUTHVERSION>
    <SUPPORTSCALLBACK>T</SUPPORTSCALLBACK>
  </OAUTHPROVIDER>
</NewDataSet>