<?xml version="1.0" encoding="utf-8"?>
<QuickFormDefinition Id="c2b4fd47-1d6e-4954-a507-dc6230e14927" name="ContactMisc">
  <Properties>
    <Property name="EntityTypeName" type="System.String">IContact</Property>
    <Property name="DefaultNamespace" type="System.String">Sage.Entity.Interfaces</Property>
    <Property name="AssemblyName" type="System.String">Sage.Entity.Interfaces</Property>
    <Property name="UseEntityNameAsTitle" type="System.Boolean">True</Property>
    <Property name="ImagePath" type="System.String"></Property>
    <Property name="DefinitionType" type="System.String">Sage.Platform.QuickForms.QuickFormMainDetailViewDefinition, Sage.Platform.QuickForms</Property>
    <Property name="Columns" type="System.ComponentModel.BindingList`1[[System.Windows.Forms.ColumnStyle, System.Windows.Forms, Version=2.0.0.0, Culture=neutral, PublicKeyToken=b77a5c561934e089]], System, Version=2.0.0.0, Culture=neutral, PublicKeyToken=b77a5c561934e089"><ArrayOfColumnStyle xmlns:xsi="http://www.w3.org/2001/XMLSchema-instance" xmlns:xsd="http://www.w3.org/2001/XMLSchema"><ColumnStyle><SizeType>Percent</SizeType><Width>33.3333321</Width></ColumnStyle><ColumnStyle><SizeType>Percent</SizeType><Width>33.3333321</Width></ColumnStyle><ColumnStyle><SizeType>Percent</SizeType><Width>33.3333321</Width></ColumnStyle></ArrayOfColumnStyle></Property>
    <Property name="Rows" type="System.ComponentModel.BindingList`1[[System.Windows.Forms.RowStyle, System.Windows.Forms, Version=2.0.0.0, Culture=neutral, PublicKeyToken=b77a5c561934e089]], System, Version=2.0.0.0, Culture=neutral, PublicKeyToken=b77a5c561934e089"><ArrayOfRowStyle xmlns:xsi="http://www.w3.org/2001/XMLSchema-instance" xmlns:xsd="http://www.w3.org/2001/XMLSchema"><RowStyle><SizeType>Absolute</SizeType><Height>35</Height></RowStyle><RowStyle><SizeType>Absolute</SizeType><Height>35</Height></RowStyle><RowStyle><SizeType>Absolute</SizeType><Height>35</Height></RowStyle><RowStyle><SizeType>Absolute</SizeType><Height>35</Height></RowStyle><RowStyle><SizeType>Absolute</SizeType><Height>35</Height></RowStyle><RowStyle><SizeType>Absolute</SizeType><Height>35</Height></RowStyle><RowStyle><SizeType>Absolute</SizeType><Height>35</Height></RowStyle></ArrayOfRowStyle></Property>
    <Property name="GeneratePrintView" type="System.Boolean">False</Property>
    <Property name="Description" type="System.String"></Property>
    <Property name="ActiveControl" type="System.String"></Property>
  </Properties>
  <LoadActions />
  <QuickFormElements>
    <QuickFormElement>
      <Properties>
        <Property name="EntityMappingType" type="System.String">Property</Property>
        <Property name="EntityTypeName" type="System.String">IContact</Property>
        <Property name="EntityNamespace" type="System.String">Sage.Entity.Interfaces</Property>
        <Property name="EntityAssemblyName" type="System.String">Sage.Entity.Interfaces</Property>
        <Property name="DefaultNamespace" type="System.String">Sage.Entity.Interfaces</Property>
        <Property name="AssemblyName" type="System.String">Sage.Entity.Interfaces</Property>
        <Property name="EntityReferenceName" type="System.String"></Property>
        <Property name="ValueMember" type="System.String">AOLId</Property>
      </Properties>
      <ControlDefinition>
        <Properties>
          <Property name="Control" type="Sage.Platform.QuickForms.Controls.QFTextBox, Sage.Platform.QuickForms"><QFTextBox xmlns:xsi="http://www.w3.org/2001/XMLSchema-instance" xmlns:xsd="http://www.w3.org/2001/XMLSchema"><Column>0</Column><Row>0</Row><IsReadOnly>false</IsReadOnly><HotKey>0</HotKey><TabIndex>0</TabIndex><ControlId>AOLId</ControlId><DataBindings><QuickFormPropertyDataBindingDefinition><DataSourceID>MainEntity</DataSourceID><DataItemName>AOLId</DataItemName><ControlItemName>Text</ControlItemName><FormatString /><NullValueString /></QuickFormPropertyDataBindingDefinition></DataBindings><ControlLabelPlacement>left</ControlLabelPlacement><CaptionAlignment>left</CaptionAlignment><StyleScheme /><OnChangeAction><ResourceKey>AOLId</ResourceKey><RootActionName>NoActionAction</RootActionName><Action /><IsDialogCloseAction>False</IsDialogCloseAction><RunOnEveryRePaint>False</RunOnEveryRePaint><DialogActionResult>NoResult</DialogActionResult><PerformsUpdate>False</PerformsUpdate></OnChangeAction></QFTextBox></Property>
        </Properties>
      </ControlDefinition>
    </QuickFormElement>
    <QuickFormElement>
      <Properties>
        <Property name="EntityMappingType" type="System.String">Property</Property>
        <Property name="EntityTypeName" type="System.String">IContact</Property>
        <Property name="EntityNamespace" type="System.String">Sage.Entity.Interfaces</Property>
        <Property name="EntityAssemblyName" type="System.String">Sage.Entity.Interfaces</Property>
        <Property name="DefaultNamespace" type="System.String">Sage.Entity.Interfaces</Property>
        <Property name="AssemblyName" type="System.String">Sage.Entity.Interfaces</Property>
        <Property name="EntityReferenceName" type="System.String"></Property>
        <Property name="ValueMember" type="System.String">TwitterId</Property>
      </Properties>
      <ControlDefinition>
        <Properties>
          <Property name="Control" type="Sage.Platform.QuickForms.Controls.QFTextBox, Sage.Platform.QuickForms"><QFTextBox xmlns:xsi="http://www.w3.org/2001/XMLSchema-instance" xmlns:xsd="http://www.w3.org/2001/XMLSchema"><Column>0</Column><Row>1</Row><IsReadOnly>false</IsReadOnly><HotKey>0</HotKey><TabIndex>0</TabIndex><ControlId>TwitterId</ControlId><DataBindings><QuickFormPropertyDataBindingDefinition><DataSourceID>MainEntity</DataSourceID><DataItemName>TwitterId</DataItemName><ControlItemName>Text</ControlItemName><FormatString /><NullValueString /></QuickFormPropertyDataBindingDefinition></DataBindings><ControlLabelPlacement>left</ControlLabelPlacement><CaptionAlignment>left</CaptionAlignment><StyleScheme /><OnChangeAction><ResourceKey>TwitterId</ResourceKey><RootActionName>NoActionAction</RootActionName><Action /><IsDialogCloseAction>False</IsDialogCloseAction><RunOnEveryRePaint>False</RunOnEveryRePaint><DialogActionResult>NoResult</DialogActionResult><PerformsUpdate>False</PerformsUpdate></OnChangeAction></QFTextBox></Property>
        </Properties>
      </ControlDefinition>
    </QuickFormElement>
    <QuickFormElement>
      <Properties>
        <Property name="EntityMappingType" type="System.String">Property</Property>
        <Property name="EntityTypeName" type="System.String">IContact</Property>
        <Property name="EntityNamespace" type="System.String">Sage.Entity.Interfaces</Property>
        <Property name="EntityAssemblyName" type="System.String">Sage.Entity.Interfaces</Property>
        <Property name="DefaultNamespace" type="System.String">Sage.Entity.Interfaces</Property>
        <Property name="AssemblyName" type="System.String">Sage.Entity.Interfaces</Property>
        <Property name="EntityReferenceName" type="System.String"></Property>
        <Property name="ValueMember" type="System.String">UserField1</Property>
      </Properties>
      <ControlDefinition>
        <Properties>
          <Property name="Control" type="Sage.Platform.QuickForms.Controls.QFTextBox, Sage.Platform.QuickForms"><QFTextBox xmlns:xsi="http://www.w3.org/2001/XMLSchema-instance" xmlns:xsd="http://www.w3.org/2001/XMLSchema"><Column>0</Column><Row>2</Row><IsReadOnly>false</IsReadOnly><HotKey>0</HotKey><TabIndex>0</TabIndex><ControlId>UserField1</ControlId><DataBindings><QuickFormPropertyDataBindingDefinition><DataSourceID>MainEntity</DataSourceID><DataItemName>UserField1</DataItemName><ControlItemName>Text</ControlItemName><FormatString /><NullValueString /></QuickFormPropertyDataBindingDefinition></DataBindings><ControlLabelPlacement>left</ControlLabelPlacement><CaptionAlignment>left</CaptionAlignment><StyleScheme /><OnChangeAction><ResourceKey>UserField1</ResourceKey><RootActionName>NoActionAction</RootActionName><Action /><IsDialogCloseAction>False</IsDialogCloseAction><RunOnEveryRePaint>False</RunOnEveryRePaint><DialogActionResult>NoResult</DialogActionResult><PerformsUpdate>False</PerformsUpdate></OnChangeAction></QFTextBox></Property>
        </Properties>
      </ControlDefinition>
    </QuickFormElement>
    <QuickFormElement>
      <Properties>
        <Property name="EntityMappingType" type="System.String">Property</Property>
        <Property name="EntityTypeName" type="System.String">IContact</Property>
        <Property name="EntityNamespace" type="System.String">Sage.Entity.Interfaces</Property>
        <Property name="EntityAssemblyName" type="System.String">Sage.Entity.Interfaces</Property>
        <Property name="DefaultNamespace" type="System.String">Sage.Entity.Interfaces</Property>
        <Property name="AssemblyName" type="System.String">Sage.Entity.Interfaces</Property>
        <Property name="EntityReferenceName" type="System.String"></Property>
        <Property name="ValueMember" type="System.String">UserField4</Property>
      </Properties>
      <ControlDefinition>
        <Properties>
          <Property name="Control" type="Sage.Platform.QuickForms.Controls.QFTextBox, Sage.Platform.QuickForms"><QFTextBox xmlns:xsi="http://www.w3.org/2001/XMLSchema-instance" xmlns:xsd="http://www.w3.org/2001/XMLSchema"><Column>0</Column><Row>3</Row><IsReadOnly>false</IsReadOnly><HotKey>0</HotKey><TabIndex>0</TabIndex><ControlId>UserField4</ControlId><DataBindings><QuickFormPropertyDataBindingDefinition><DataSourceID>MainEntity</DataSourceID><DataItemName>UserField4</DataItemName><ControlItemName>Text</ControlItemName><FormatString /><NullValueString /></QuickFormPropertyDataBindingDefinition></DataBindings><ControlLabelPlacement>left</ControlLabelPlacement><CaptionAlignment>left</CaptionAlignment><StyleScheme /><OnChangeAction><ResourceKey>UserField4</ResourceKey><RootActionName>NoActionAction</RootActionName><Action /><IsDialogCloseAction>False</IsDialogCloseAction><RunOnEveryRePaint>False</RunOnEveryRePaint><DialogActionResult>NoResult</DialogActionResult><PerformsUpdate>False</PerformsUpdate></OnChangeAction></QFTextBox></Property>
        </Properties>
      </ControlDefinition>
    </QuickFormElement>
    <QuickFormElement>
      <Properties>
        <Property name="EntityMappingType" type="System.String">Property</Property>
        <Property name="EntityTypeName" type="System.String">IContact</Property>
        <Property name="EntityNamespace" type="System.String">Sage.Entity.Interfaces</Property>
        <Property name="EntityAssemblyName" type="System.String">Sage.Entity.Interfaces</Property>
        <Property name="DefaultNamespace" type="System.String">Sage.Entity.Interfaces</Property>
        <Property name="AssemblyName" type="System.String">Sage.Entity.Interfaces</Property>
        <Property name="EntityReferenceName" type="System.String"></Property>
        <Property name="ValueMember" type="System.String">UserField7</Property>
      </Properties>
      <ControlDefinition>
        <Properties>
          <Property name="Control" type="Sage.Platform.QuickForms.Controls.QFTextBox, Sage.Platform.QuickForms"><QFTextBox xmlns:xsi="http://www.w3.org/2001/XMLSchema-instance" xmlns:xsd="http://www.w3.org/2001/XMLSchema"><Column>0</Column><Row>4</Row><IsReadOnly>false</IsReadOnly><HotKey>0</HotKey><TabIndex>0</TabIndex><ControlId>UserField7</ControlId><DataBindings><QuickFormPropertyDataBindingDefinition><DataSourceID>MainEntity</DataSourceID><DataItemName>UserField7</DataItemName><ControlItemName>Text</ControlItemName><FormatString /><NullValueString /></QuickFormPropertyDataBindingDefinition></DataBindings><ControlLabelPlacement>left</ControlLabelPlacement><CaptionAlignment>left</CaptionAlignment><StyleScheme /><OnChangeAction><ResourceKey>UserField7</ResourceKey><RootActionName>NoActionAction</RootActionName><Action /><IsDialogCloseAction>False</IsDialogCloseAction><RunOnEveryRePaint>False</RunOnEveryRePaint><DialogActionResult>NoResult</DialogActionResult><PerformsUpdate>False</PerformsUpdate></OnChangeAction></QFTextBox></Property>
        </Properties>
      </ControlDefinition>
    </QuickFormElement>
    <QuickFormElement>
      <Properties>
        <Property name="EntityMappingType" type="System.String">Property</Property>
        <Property name="EntityTypeName" type="System.String">IContact</Property>
        <Property name="EntityNamespace" type="System.String">Sage.Entity.Interfaces</Property>
        <Property name="EntityAssemblyName" type="System.String">Sage.Entity.Interfaces</Property>
        <Property name="DefaultNamespace" type="System.String">Sage.Entity.Interfaces</Property>
        <Property name="AssemblyName" type="System.String">Sage.Entity.Interfaces</Property>
        <Property name="EntityReferenceName" type="System.String"></Property>
        <Property name="ValueMember" type="System.String">UserField10</Property>
      </Properties>
      <ControlDefinition>
        <Properties>
          <Property name="Control" type="Sage.Platform.QuickForms.Controls.QFTextBox, Sage.Platform.QuickForms"><QFTextBox xmlns:xsi="http://www.w3.org/2001/XMLSchema-instance" xmlns:xsd="http://www.w3.org/2001/XMLSchema"><Column>0</Column><Row>5</Row><IsReadOnly>false</IsReadOnly><HotKey>0</HotKey><TabIndex>0</TabIndex><ControlId>UserField10</ControlId><DataBindings><QuickFormPropertyDataBindingDefinition><DataSourceID>MainEntity</DataSourceID><DataItemName>UserField10</DataItemName><ControlItemName>Text</ControlItemName><FormatString /><NullValueString /></QuickFormPropertyDataBindingDefinition></DataBindings><ControlLabelPlacement>left</ControlLabelPlacement><CaptionAlignment>left</CaptionAlignment><StyleScheme /><OnChangeAction><ResourceKey>UserField10</ResourceKey><RootActionName>NoActionAction</RootActionName><Action /><IsDialogCloseAction>False</IsDialogCloseAction><RunOnEveryRePaint>False</RunOnEveryRePaint><DialogActionResult>NoResult</DialogActionResult><PerformsUpdate>False</PerformsUpdate></OnChangeAction></QFTextBox></Property>
        </Properties>
      </ControlDefinition>
    </QuickFormElement>
    <QuickFormElement>
      <Properties>
        <Property name="EntityMappingType" type="System.String">Property</Property>
        <Property name="EntityTypeName" type="System.String">IContact</Property>
        <Property name="EntityNamespace" type="System.String">Sage.Entity.Interfaces</Property>
        <Property name="EntityAssemblyName" type="System.String">Sage.Entity.Interfaces</Property>
        <Property name="DefaultNamespace" type="System.String">Sage.Entity.Interfaces</Property>
        <Property name="AssemblyName" type="System.String">Sage.Entity.Interfaces</Property>
        <Property name="EntityReferenceName" type="System.String"></Property>
        <Property name="ValueMember" type="System.String">LinkedInId</Property>
      </Properties>
      <ControlDefinition>
        <Properties>
          <Property name="Control" type="Sage.Platform.QuickForms.Controls.QFTextBox, Sage.Platform.QuickForms"><QFTextBox xmlns:xsi="http://www.w3.org/2001/XMLSchema-instance" xmlns:xsd="http://www.w3.org/2001/XMLSchema"><Column>1</Column><Row>0</Row><IsReadOnly>false</IsReadOnly><HotKey>0</HotKey><TabIndex>0</TabIndex><ControlId>LinkedInId</ControlId><DataBindings><QuickFormPropertyDataBindingDefinition><DataSourceID>MainEntity</DataSourceID><DataItemName>LinkedInId</DataItemName><ControlItemName>Text</ControlItemName><FormatString /><NullValueString /></QuickFormPropertyDataBindingDefinition></DataBindings><ControlLabelPlacement>left</ControlLabelPlacement><CaptionAlignment>left</CaptionAlignment><StyleScheme /><OnChangeAction><ResourceKey>LinkedInId</ResourceKey><RootActionName>NoActionAction</RootActionName><Action /><IsDialogCloseAction>False</IsDialogCloseAction><RunOnEveryRePaint>False</RunOnEveryRePaint><DialogActionResult>NoResult</DialogActionResult><PerformsUpdate>False</PerformsUpdate></OnChangeAction></QFTextBox></Property>
        </Properties>
      </ControlDefinition>
    </QuickFormElement>
    <QuickFormElement>
      <Properties>
        <Property name="EntityMappingType" type="System.String">Property</Property>
        <Property name="EntityTypeName" type="System.String">IContact</Property>
        <Property name="EntityNamespace" type="System.String">Sage.Entity.Interfaces</Property>
        <Property name="EntityAssemblyName" type="System.String">Sage.Entity.Interfaces</Property>
        <Property name="DefaultNamespace" type="System.String">Sage.Entity.Interfaces</Property>
        <Property name="AssemblyName" type="System.String">Sage.Entity.Interfaces</Property>
        <Property name="EntityReferenceName" type="System.String"></Property>
        <Property name="ValueMember" type="System.String">YahooId</Property>
      </Properties>
      <ControlDefinition>
        <Properties>
          <Property name="Control" type="Sage.Platform.QuickForms.Controls.QFTextBox, Sage.Platform.QuickForms"><QFTextBox xmlns:xsi="http://www.w3.org/2001/XMLSchema-instance" xmlns:xsd="http://www.w3.org/2001/XMLSchema"><Column>1</Column><Row>1</Row><IsReadOnly>false</IsReadOnly><HotKey>0</HotKey><TabIndex>0</TabIndex><ControlId>YahooId</ControlId><DataBindings><QuickFormPropertyDataBindingDefinition><DataSourceID>MainEntity</DataSourceID><DataItemName>YahooId</DataItemName><ControlItemName>Text</ControlItemName><FormatString /><NullValueString /></QuickFormPropertyDataBindingDefinition></DataBindings><ControlLabelPlacement>left</ControlLabelPlacement><CaptionAlignment>left</CaptionAlignment><StyleScheme /><OnChangeAction><ResourceKey>YahooId</ResourceKey><RootActionName>NoActionAction</RootActionName><Action /><IsDialogCloseAction>False</IsDialogCloseAction><RunOnEveryRePaint>False</RunOnEveryRePaint><DialogActionResult>NoResult</DialogActionResult><PerformsUpdate>False</PerformsUpdate></OnChangeAction></QFTextBox></Property>
        </Properties>
      </ControlDefinition>
    </QuickFormElement>
    <QuickFormElement>
      <Properties>
        <Property name="EntityMappingType" type="System.String">Property</Property>
        <Property name="EntityTypeName" type="System.String">IContact</Property>
        <Property name="EntityNamespace" type="System.String">Sage.Entity.Interfaces</Property>
        <Property name="EntityAssemblyName" type="System.String">Sage.Entity.Interfaces</Property>
        <Property name="DefaultNamespace" type="System.String">Sage.Entity.Interfaces</Property>
        <Property name="AssemblyName" type="System.String">Sage.Entity.Interfaces</Property>
        <Property name="EntityReferenceName" type="System.String"></Property>
        <Property name="ValueMember" type="System.String">UserField2</Property>
      </Properties>
      <ControlDefinition>
        <Properties>
          <Property name="Control" type="Sage.Platform.QuickForms.Controls.QFTextBox, Sage.Platform.QuickForms"><QFTextBox xmlns:xsi="http://www.w3.org/2001/XMLSchema-instance" xmlns:xsd="http://www.w3.org/2001/XMLSchema"><Column>1</Column><Row>2</Row><IsReadOnly>false</IsReadOnly><HotKey>0</HotKey><TabIndex>0</TabIndex><ControlId>UserField2</ControlId><DataBindings><QuickFormPropertyDataBindingDefinition><DataSourceID>MainEntity</DataSourceID><DataItemName>UserField2</DataItemName><ControlItemName>Text</ControlItemName><FormatString /><NullValueString /></QuickFormPropertyDataBindingDefinition></DataBindings><ControlLabelPlacement>left</ControlLabelPlacement><CaptionAlignment>left</CaptionAlignment><StyleScheme /><OnChangeAction><ResourceKey>UserField2</ResourceKey><RootActionName>NoActionAction</RootActionName><Action /><IsDialogCloseAction>False</IsDialogCloseAction><RunOnEveryRePaint>False</RunOnEveryRePaint><DialogActionResult>NoResult</DialogActionResult><PerformsUpdate>False</PerformsUpdate></OnChangeAction></QFTextBox></Property>
        </Properties>
      </ControlDefinition>
    </QuickFormElement>
    <QuickFormElement>
      <Properties>
        <Property name="EntityMappingType" type="System.String">Property</Property>
        <Property name="EntityTypeName" type="System.String">IContact</Property>
        <Property name="EntityNamespace" type="System.String">Sage.Entity.Interfaces</Property>
        <Property name="EntityAssemblyName" type="System.String">Sage.Entity.Interfaces</Property>
        <Property name="DefaultNamespace" type="System.String">Sage.Entity.Interfaces</Property>
        <Property name="AssemblyName" type="System.String">Sage.Entity.Interfaces</Property>
        <Property name="EntityReferenceName" type="System.String"></Property>
        <Property name="ValueMember" type="System.String">UserField5</Property>
      </Properties>
      <ControlDefinition>
        <Properties>
          <Property name="Control" type="Sage.Platform.QuickForms.Controls.QFTextBox, Sage.Platform.QuickForms"><QFTextBox xmlns:xsi="http://www.w3.org/2001/XMLSchema-instance" xmlns:xsd="http://www.w3.org/2001/XMLSchema"><Column>1</Column><Row>3</Row><IsReadOnly>false</IsReadOnly><HotKey>0</HotKey><TabIndex>0</TabIndex><ControlId>UserField5</ControlId><DataBindings><QuickFormPropertyDataBindingDefinition><DataSourceID>MainEntity</DataSourceID><DataItemName>UserField5</DataItemName><ControlItemName>Text</ControlItemName><FormatString /><NullValueString /></QuickFormPropertyDataBindingDefinition></DataBindings><ControlLabelPlacement>left</ControlLabelPlacement><CaptionAlignment>left</CaptionAlignment><StyleScheme /><OnChangeAction><ResourceKey>UserField5</ResourceKey><RootActionName>NoActionAction</RootActionName><Action /><IsDialogCloseAction>False</IsDialogCloseAction><RunOnEveryRePaint>False</RunOnEveryRePaint><DialogActionResult>NoResult</DialogActionResult><PerformsUpdate>False</PerformsUpdate></OnChangeAction></QFTextBox></Property>
        </Properties>
      </ControlDefinition>
    </QuickFormElement>
    <QuickFormElement>
      <Properties>
        <Property name="EntityMappingType" type="System.String">Property</Property>
        <Property name="EntityTypeName" type="System.String">IContact</Property>
        <Property name="EntityNamespace" type="System.String">Sage.Entity.Interfaces</Property>
        <Property name="EntityAssemblyName" type="System.String">Sage.Entity.Interfaces</Property>
        <Property name="DefaultNamespace" type="System.String">Sage.Entity.Interfaces</Property>
        <Property name="AssemblyName" type="System.String">Sage.Entity.Interfaces</Property>
        <Property name="EntityReferenceName" type="System.String"></Property>
        <Property name="ValueMember" type="System.String">UserField8</Property>
      </Properties>
      <ControlDefinition>
        <Properties>
          <Property name="Control" type="Sage.Platform.QuickForms.Controls.QFTextBox, Sage.Platform.QuickForms"><QFTextBox xmlns:xsi="http://www.w3.org/2001/XMLSchema-instance" xmlns:xsd="http://www.w3.org/2001/XMLSchema"><Column>1</Column><Row>4</Row><IsReadOnly>false</IsReadOnly><HotKey>0</HotKey><TabIndex>0</TabIndex><ControlId>UserField8</ControlId><DataBindings><QuickFormPropertyDataBindingDefinition><DataSourceID>MainEntity</DataSourceID><DataItemName>UserField8</DataItemName><ControlItemName>Text</ControlItemName><FormatString /><NullValueString /></QuickFormPropertyDataBindingDefinition></DataBindings><ControlLabelPlacement>left</ControlLabelPlacement><CaptionAlignment>left</CaptionAlignment><StyleScheme /><OnChangeAction><ResourceKey>UserField8</ResourceKey><RootActionName>NoActionAction</RootActionName><Action /><IsDialogCloseAction>False</IsDialogCloseAction><RunOnEveryRePaint>False</RunOnEveryRePaint><DialogActionResult>NoResult</DialogActionResult><PerformsUpdate>False</PerformsUpdate></OnChangeAction></QFTextBox></Property>
        </Properties>
      </ControlDefinition>
    </QuickFormElement>
    <QuickFormElement>
      <Properties>
        <Property name="EntityMappingType" type="System.String">Property</Property>
        <Property name="EntityTypeName" type="System.String">IContact</Property>
        <Property name="EntityNamespace" type="System.String">Sage.Entity.Interfaces</Property>
        <Property name="EntityAssemblyName" type="System.String">Sage.Entity.Interfaces</Property>
        <Property name="DefaultNamespace" type="System.String">Sage.Entity.Interfaces</Property>
        <Property name="AssemblyName" type="System.String">Sage.Entity.Interfaces</Property>
        <Property name="EntityReferenceName" type="System.String"></Property>
        <Property name="ValueMember" type="System.String">SkypeId</Property>
      </Properties>
      <ControlDefinition>
        <Properties>
          <Property name="Control" type="Sage.Platform.QuickForms.Controls.QFTextBox, Sage.Platform.QuickForms"><QFTextBox xmlns:xsi="http://www.w3.org/2001/XMLSchema-instance" xmlns:xsd="http://www.w3.org/2001/XMLSchema"><Column>2</Column><Row>0</Row><IsReadOnly>false</IsReadOnly><HotKey>0</HotKey><TabIndex>0</TabIndex><ControlId>SkypeId</ControlId><DataBindings><QuickFormPropertyDataBindingDefinition><DataSourceID>MainEntity</DataSourceID><DataItemName>SkypeId</DataItemName><ControlItemName>Text</ControlItemName><FormatString /><NullValueString /></QuickFormPropertyDataBindingDefinition></DataBindings><ControlLabelPlacement>left</ControlLabelPlacement><CaptionAlignment>left</CaptionAlignment><StyleScheme /><OnChangeAction><ResourceKey>SkypeId</ResourceKey><RootActionName>NoActionAction</RootActionName><Action /><IsDialogCloseAction>False</IsDialogCloseAction><RunOnEveryRePaint>False</RunOnEveryRePaint><DialogActionResult>NoResult</DialogActionResult><PerformsUpdate>False</PerformsUpdate></OnChangeAction></QFTextBox></Property>
        </Properties>
      </ControlDefinition>
    </QuickFormElement>
    <QuickFormElement>
      <Properties>
        <Property name="EntityMappingType" type="System.String">Property</Property>
        <Property name="EntityTypeName" type="System.String">IContact</Property>
        <Property name="EntityNamespace" type="System.String">Sage.Entity.Interfaces</Property>
        <Property name="EntityAssemblyName" type="System.String">Sage.Entity.Interfaces</Property>
        <Property name="DefaultNamespace" type="System.String">Sage.Entity.Interfaces</Property>
        <Property name="AssemblyName" type="System.String">Sage.Entity.Interfaces</Property>
        <Property name="EntityReferenceName" type="System.String"></Property>
        <Property name="ValueMember" type="System.String">WinLiveId</Property>
      </Properties>
      <ControlDefinition>
        <Properties>
          <Property name="Control" type="Sage.Platform.QuickForms.Controls.QFTextBox, Sage.Platform.QuickForms"><QFTextBox xmlns:xsi="http://www.w3.org/2001/XMLSchema-instance" xmlns:xsd="http://www.w3.org/2001/XMLSchema"><Column>2</Column><Row>1</Row><IsReadOnly>false</IsReadOnly><HotKey>0</HotKey><TabIndex>0</TabIndex><ControlId>WinLiveId</ControlId><DataBindings><QuickFormPropertyDataBindingDefinition><DataSourceID>MainEntity</DataSourceID><DataItemName>WinLiveId</DataItemName><ControlItemName>Text</ControlItemName><FormatString /><NullValueString /></QuickFormPropertyDataBindingDefinition></DataBindings><ControlLabelPlacement>left</ControlLabelPlacement><CaptionAlignment>left</CaptionAlignment><StyleScheme /><OnChangeAction><ResourceKey>WinLiveId</ResourceKey><RootActionName>NoActionAction</RootActionName><Action /><IsDialogCloseAction>False</IsDialogCloseAction><RunOnEveryRePaint>False</RunOnEveryRePaint><DialogActionResult>NoResult</DialogActionResult><PerformsUpdate>False</PerformsUpdate></OnChangeAction></QFTextBox></Property>
        </Properties>
      </ControlDefinition>
    </QuickFormElement>
    <QuickFormElement>
      <Properties>
        <Property name="EntityMappingType" type="System.String">Property</Property>
        <Property name="EntityTypeName" type="System.String">IContact</Property>
        <Property name="EntityNamespace" type="System.String">Sage.Entity.Interfaces</Property>
        <Property name="EntityAssemblyName" type="System.String">Sage.Entity.Interfaces</Property>
        <Property name="DefaultNamespace" type="System.String">Sage.Entity.Interfaces</Property>
        <Property name="AssemblyName" type="System.String">Sage.Entity.Interfaces</Property>
        <Property name="EntityReferenceName" type="System.String"></Property>
        <Property name="ValueMember" type="System.String">UserField3</Property>
      </Properties>
      <ControlDefinition>
        <Properties>
          <Property name="Control" type="Sage.Platform.QuickForms.Controls.QFTextBox, Sage.Platform.QuickForms"><QFTextBox xmlns:xsi="http://www.w3.org/2001/XMLSchema-instance" xmlns:xsd="http://www.w3.org/2001/XMLSchema"><Column>2</Column><Row>2</Row><IsReadOnly>false</IsReadOnly><HotKey>0</HotKey><TabIndex>0</TabIndex><ControlId>UserField3</ControlId><DataBindings><QuickFormPropertyDataBindingDefinition><DataSourceID>MainEntity</DataSourceID><DataItemName>UserField3</DataItemName><ControlItemName>Text</ControlItemName><FormatString /><NullValueString /></QuickFormPropertyDataBindingDefinition></DataBindings><ControlLabelPlacement>left</ControlLabelPlacement><CaptionAlignment>left</CaptionAlignment><StyleScheme /><OnChangeAction><ResourceKey>UserField3</ResourceKey><RootActionName>NoActionAction</RootActionName><Action /><IsDialogCloseAction>False</IsDialogCloseAction><RunOnEveryRePaint>False</RunOnEveryRePaint><DialogActionResult>NoResult</DialogActionResult><PerformsUpdate>False</PerformsUpdate></OnChangeAction></QFTextBox></Property>
        </Properties>
      </ControlDefinition>
    </QuickFormElement>
    <QuickFormElement>
      <Properties>
        <Property name="EntityMappingType" type="System.String">Property</Property>
        <Property name="EntityTypeName" type="System.String">IContact</Property>
        <Property name="EntityNamespace" type="System.String">Sage.Entity.Interfaces</Property>
        <Property name="EntityAssemblyName" type="System.String">Sage.Entity.Interfaces</Property>
        <Property name="DefaultNamespace" type="System.String">Sage.Entity.Interfaces</Property>
        <Property name="AssemblyName" type="System.String">Sage.Entity.Interfaces</Property>
        <Property name="EntityReferenceName" type="System.String"></Property>
        <Property name="ValueMember" type="System.String">UserField6</Property>
      </Properties>
      <ControlDefinition>
        <Properties>
          <Property name="Control" type="Sage.Platform.QuickForms.Controls.QFTextBox, Sage.Platform.QuickForms"><QFTextBox xmlns:xsi="http://www.w3.org/2001/XMLSchema-instance" xmlns:xsd="http://www.w3.org/2001/XMLSchema"><Column>2</Column><Row>3</Row><IsReadOnly>false</IsReadOnly><HotKey>0</HotKey><TabIndex>0</TabIndex><ControlId>UserField6</ControlId><DataBindings><QuickFormPropertyDataBindingDefinition><DataSourceID>MainEntity</DataSourceID><DataItemName>UserField6</DataItemName><ControlItemName>Text</ControlItemName><FormatString /><NullValueString /></QuickFormPropertyDataBindingDefinition></DataBindings><ControlLabelPlacement>left</ControlLabelPlacement><CaptionAlignment>left</CaptionAlignment><StyleScheme /><OnChangeAction><ResourceKey>UserField6</ResourceKey><RootActionName>NoActionAction</RootActionName><Action /><IsDialogCloseAction>False</IsDialogCloseAction><RunOnEveryRePaint>False</RunOnEveryRePaint><DialogActionResult>NoResult</DialogActionResult><PerformsUpdate>False</PerformsUpdate></OnChangeAction></QFTextBox></Property>
        </Properties>
      </ControlDefinition>
    </QuickFormElement>
    <QuickFormElement>
      <Properties>
        <Property name="EntityMappingType" type="System.String">Property</Property>
        <Property name="EntityTypeName" type="System.String">IContact</Property>
        <Property name="EntityNamespace" type="System.String">Sage.Entity.Interfaces</Property>
        <Property name="EntityAssemblyName" type="System.String">Sage.Entity.Interfaces</Property>
        <Property name="DefaultNamespace" type="System.String">Sage.Entity.Interfaces</Property>
        <Property name="AssemblyName" type="System.String">Sage.Entity.Interfaces</Property>
        <Property name="EntityReferenceName" type="System.String"></Property>
        <Property name="ValueMember" type="System.String">UserField9</Property>
      </Properties>
      <ControlDefinition>
        <Properties>
          <Property name="Control" type="Sage.Platform.QuickForms.Controls.QFTextBox, Sage.Platform.QuickForms"><QFTextBox xmlns:xsi="http://www.w3.org/2001/XMLSchema-instance" xmlns:xsd="http://www.w3.org/2001/XMLSchema"><Column>2</Column><Row>4</Row><IsReadOnly>false</IsReadOnly><HotKey>0</HotKey><TabIndex>0</TabIndex><ControlId>UserField9</ControlId><DataBindings><QuickFormPropertyDataBindingDefinition><DataSourceID>MainEntity</DataSourceID><DataItemName>UserField9</DataItemName><ControlItemName>Text</ControlItemName><FormatString /><NullValueString /></QuickFormPropertyDataBindingDefinition></DataBindings><ControlLabelPlacement>left</ControlLabelPlacement><CaptionAlignment>left</CaptionAlignment><StyleScheme /><OnChangeAction><ResourceKey>UserField9</ResourceKey><RootActionName>NoActionAction</RootActionName><Action /><IsDialogCloseAction>False</IsDialogCloseAction><RunOnEveryRePaint>False</RunOnEveryRePaint><DialogActionResult>NoResult</DialogActionResult><PerformsUpdate>False</PerformsUpdate></OnChangeAction></QFTextBox></Property>
        </Properties>
      </ControlDefinition>
    </QuickFormElement>
  </QuickFormElements>
  <QuickFormToolElements>
    <QuickFormElement>
      <Properties>
        <Property name="EntityMappingType" type="System.String">None</Property>
      </Properties>
      <ControlDefinition>
        <Properties>
          <Property name="Control" type="Sage.Platform.QuickForms.Controls.QFElementSpacer, Sage.Platform.QuickForms"><QFElementSpacer xmlns:xsi="http://www.w3.org/2001/XMLSchema-instance" xmlns:xsd="http://www.w3.org/2001/XMLSchema"><Column>0</Column><Row>0</Row><IsReadOnly>false</IsReadOnly><HotKey>0</HotKey><TabIndex>0</TabIndex><ControlId /><DataBindings /><ControlLabelPlacement>left</ControlLabelPlacement><CaptionAlignment>left</CaptionAlignment><StyleScheme /></QFElementSpacer></Property>
        </Properties>
      </ControlDefinition>
    </QuickFormElement>
    <QuickFormElement>
      <Properties>
        <Property name="EntityMappingType" type="System.String">None</Property>
      </Properties>
      <ControlDefinition>
        <Properties>
          <Property name="Control" type="Sage.Platform.QuickForms.Controls.QFElementSpacer, Sage.Platform.QuickForms"><QFElementSpacer xmlns:xsi="http://www.w3.org/2001/XMLSchema-instance" xmlns:xsd="http://www.w3.org/2001/XMLSchema"><Column>0</Column><Row>0</Row><IsReadOnly>false</IsReadOnly><HotKey>0</HotKey><TabIndex>0</TabIndex><ControlId /><DataBindings /><ControlLabelPlacement>left</ControlLabelPlacement><CaptionAlignment>left</CaptionAlignment><StyleScheme /></QFElementSpacer></Property>
        </Properties>
      </ControlDefinition>
    </QuickFormElement>
    <QuickFormElement>
      <Properties>
        <Property name="EntityMappingType" type="System.String">None</Property>
      </Properties>
      <ControlDefinition>
        <Properties>
          <Property name="Control" type="Sage.Platform.QuickForms.Controls.QFButton, Sage.Platform.QuickForms"><QFButton xmlns:xsi="http://www.w3.org/2001/XMLSchema-instance" xmlns:xsd="http://www.w3.org/2001/XMLSchema"><Column>0</Column><Row>0</Row><IsReadOnly>false</IsReadOnly><HotKey>0</HotKey><TabIndex>0</TabIndex><ControlId>cmdSave</ControlId><DataBindings /><ControlLabelPlacement>none</ControlLabelPlacement><CaptionAlignment>left</CaptionAlignment><StyleScheme /><ButtonType>Icon</ButtonType><Image>[Localization!Global_Images:Save_16x16]</Image><OnClientClick /><OnClickAction><ResourceKey>cmdSave</ResourceKey><RootActionName>BusinessRuleAction</RootActionName><Action><BusinessRule>Save</BusinessRule><Object>Contact</Object><Parameters /><PassResultsToNextAction>False</PassResultsToNextAction><OnCompleteActionName>NoActionAction</OnCompleteActionName><OnComplete /></Action><IsDialogCloseAction>False</IsDialogCloseAction><RunOnEveryRePaint>False</RunOnEveryRePaint><DialogActionResult>NoResult</DialogActionResult><PerformsUpdate>True</PerformsUpdate></OnClickAction></QFButton></Property>
        </Properties>
      </ControlDefinition>
    </QuickFormElement>
  </QuickFormToolElements>
</QuickFormDefinition>