<?xml version="1.0" encoding="utf-8"?>
<QuickFormDefinition Id="5d048c17-ea8c-47d4-99c3-ad213f17a06b" name="frmTwitter">
  <Properties>
    <Property name="EntityTypeName" type="System.String">IContact</Property>
    <Property name="DefaultNamespace" type="System.String">Sage.Entity.Interfaces</Property>
    <Property name="AssemblyName" type="System.String">Sage.Entity.Interfaces</Property>
    <Property name="UseEntityNameAsTitle" type="System.Boolean">True</Property>
    <Property name="ImagePath" type="System.String"></Property>
    <Property name="DefinitionType" type="System.String">Sage.Platform.QuickForms.QuickFormMainDetailViewDefinition, Sage.Platform.QuickForms</Property>
    <Property name="Columns" type="System.ComponentModel.BindingList`1[[System.Windows.Forms.ColumnStyle, System.Windows.Forms, Version=2.0.0.0, Culture=neutral, PublicKeyToken=b77a5c561934e089]], System, Version=2.0.0.0, Culture=neutral, PublicKeyToken=b77a5c561934e089"><ArrayOfColumnStyle xmlns:xsi="http://www.w3.org/2001/XMLSchema-instance" xmlns:xsd="http://www.w3.org/2001/XMLSchema"><ColumnStyle><SizeType>Percent</SizeType><Width>33.33333</Width></ColumnStyle><ColumnStyle><SizeType>Percent</SizeType><Width>33.33333</Width></ColumnStyle><ColumnStyle><SizeType>Percent</SizeType><Width>33.33333</Width></ColumnStyle><ColumnStyle><SizeType>Percent</SizeType><Width>25</Width></ColumnStyle><ColumnStyle><SizeType>Percent</SizeType><Width>25</Width></ColumnStyle></ArrayOfColumnStyle></Property>
    <Property name="Rows" type="System.ComponentModel.BindingList`1[[System.Windows.Forms.RowStyle, System.Windows.Forms, Version=2.0.0.0, Culture=neutral, PublicKeyToken=b77a5c561934e089]], System, Version=2.0.0.0, Culture=neutral, PublicKeyToken=b77a5c561934e089"><ArrayOfRowStyle xmlns:xsi="http://www.w3.org/2001/XMLSchema-instance" xmlns:xsd="http://www.w3.org/2001/XMLSchema"><RowStyle><SizeType>Absolute</SizeType><Height>35</Height></RowStyle><RowStyle><SizeType>Absolute</SizeType><Height>35</Height></RowStyle><RowStyle><SizeType>Absolute</SizeType><Height>35</Height></RowStyle><RowStyle><SizeType>Absolute</SizeType><Height>35</Height></RowStyle><RowStyle><SizeType>Absolute</SizeType><Height>35</Height></RowStyle><RowStyle><SizeType>Absolute</SizeType><Height>35</Height></RowStyle><RowStyle><SizeType>Absolute</SizeType><Height>35</Height></RowStyle></ArrayOfRowStyle></Property>
    <Property name="GeneratePrintView" type="System.Boolean">False</Property>
    <Property name="Description" type="System.String"></Property>
    <Property name="ActiveControl" type="System.String"></Property>
  </Properties>
  <LoadActions>
    <ActionDefinition>
      <ResourceKey>8b91424b-11d3-4a99-ade6-282c10d406fe</ResourceKey>
      <RootActionName>CSharpSnippetAction</RootActionName>
      <Action>
        <CSharpCodeSnippet><![CDATA[        
	Sage.Platform.Application.Services.IUserOptionsService userOption = Sage.Platform.Application.ApplicationContext.Current.Services.Get<Sage.Platform.Application.Services.IUserOptionsService>();
	string userName = userOption.GetCommonOption("UserName", "Twitter");
	string passWord = userOption.GetCommonOption("Password", "Twitter");
	
	if (String.IsNullOrEmpty(userName) & String.IsNullOrEmpty(passWord))
	{
		cmdDirectMessage.Enabled = false;
	}
]]></CSharpCodeSnippet>
      </Action>
      <IsDialogCloseAction>False</IsDialogCloseAction>
      <RunOnEveryRePaint>False</RunOnEveryRePaint>
      <DialogActionResult>NoResult</DialogActionResult>
      <PerformsUpdate>False</PerformsUpdate>
    </ActionDefinition>
  </LoadActions>
  <QuickFormElements>
    <QuickFormElement>
      <Properties>
        <Property name="EntityMappingType" type="System.String">None</Property>
      </Properties>
      <ControlDefinition>
        <Properties>
          <Property name="Control" type="Sage.Platform.QuickForms.Controls.QFTextBox, Sage.Platform.QuickForms"><QFTextBox xmlns:xsi="http://www.w3.org/2001/XMLSchema-instance" xmlns:xsd="http://www.w3.org/2001/XMLSchema"><Column>0</Column><Row>0</Row><IsReadOnly>false</IsReadOnly><HotKey>0</HotKey><TabIndex>0</TabIndex><ControlId>QFTextBox</ControlId><DataBindings><QuickFormPropertyDataBindingDefinition><DataSourceID>MainEntity</DataSourceID><DataItemName>TwitterId</DataItemName><ControlItemName>Text</ControlItemName><FormatString /><NullValueString /></QuickFormPropertyDataBindingDefinition></DataBindings><ControlLabelPlacement>left</ControlLabelPlacement><CaptionAlignment>left</CaptionAlignment><StyleScheme /><MaxLength>64</MaxLength><OnChangeAction><ResourceKey>QFTextBox</ResourceKey><RootActionName>NoActionAction</RootActionName><Action /><IsDialogCloseAction>False</IsDialogCloseAction><RunOnEveryRePaint>False</RunOnEveryRePaint><DialogActionResult>NoResult</DialogActionResult><PerformsUpdate>False</PerformsUpdate></OnChangeAction></QFTextBox></Property>
        </Properties>
      </ControlDefinition>
    </QuickFormElement>
    <QuickFormElement>
      <Properties>
        <Property name="EntityMappingType" type="System.String">None</Property>
      </Properties>
      <ControlDefinition>
        <Properties>
          <Property name="Control" type="Sage.Platform.QuickForms.Controls.QFTextBox, Sage.Platform.QuickForms"><QFTextBox xmlns:xsi="http://www.w3.org/2001/XMLSchema-instance" xmlns:xsd="http://www.w3.org/2001/XMLSchema"><ColumnSpan>2</ColumnSpan><Column>0</Column><Row>1</Row><IsReadOnly>false</IsReadOnly><HotKey>0</HotKey><TabIndex>0</TabIndex><ControlId>txtDirectMessage</ControlId><DataBindings /><ControlLabelPlacement>left</ControlLabelPlacement><CaptionAlignment>left</CaptionAlignment><StyleScheme /><OnChangeAction><ResourceKey>txtDirectMessage</ResourceKey><RootActionName>NoActionAction</RootActionName><Action /><IsDialogCloseAction>False</IsDialogCloseAction><RunOnEveryRePaint>False</RunOnEveryRePaint><DialogActionResult>NoResult</DialogActionResult><PerformsUpdate>False</PerformsUpdate></OnChangeAction></QFTextBox></Property>
        </Properties>
      </ControlDefinition>
    </QuickFormElement>
    <QuickFormElement>
      <Properties>
        <Property name="EntityMappingType" type="System.String">None</Property>
      </Properties>
      <ControlDefinition>
        <Properties>
          <Property name="Control" type="Sage.SalesLogix.QuickForms.QFControls.QFDataGrid, Sage.SalesLogix.QuickForms.QFControls"><QFDataGrid xmlns:xsi="http://www.w3.org/2001/XMLSchema-instance" xmlns:xsd="http://www.w3.org/2001/XMLSchema"><ColumnSpan>3</ColumnSpan><RowSpan>3</RowSpan><Column>0</Column><Row>2</Row><IsReadOnly>false</IsReadOnly><HotKey>0</HotKey><TabIndex>0</TabIndex><ControlId>dgTweets</ControlId><DataBindings /><ControlLabelPlacement>none</ControlLabelPlacement><CaptionAlignment>left</CaptionAlignment><StyleScheme /><DataSource>dsTweets</DataSource><EnablePaging>false</EnablePaging><EnableSorting>false</EnableSorting><Columns><QFDataGridCol><StyleScheme /><DataField>Text</DataField><ColumnId>36b02264-3f2b-4d59-a096-d24b5096e9a1</ColumnId><HorizontalAlignment>left</HorizontalAlignment><HeaderAlignment>left</HeaderAlignment><IsSortable>false</IsSortable><MultiCurrencyDependent>false</MultiCurrencyDependent></QFDataGridCol><QFDataGridCol><StyleScheme /><DataField>TwitterUser.ScreenName</DataField><ColumnId>34f8e30f-1b2a-45c8-84ad-5b6356dcb43d</ColumnId><HorizontalAlignment>left</HorizontalAlignment><HeaderAlignment>left</HeaderAlignment><IsSortable>false</IsSortable><MultiCurrencyDependent>false</MultiCurrencyDependent></QFDataGridCol></Columns><RenderVertical>false</RenderVertical><OnRowSelectedAction><ResourceKey>QFDataGrid</ResourceKey><RootActionName>NoActionAction</RootActionName><Action /><IsDialogCloseAction>False</IsDialogCloseAction><RunOnEveryRePaint>False</RunOnEveryRePaint><DialogActionResult>NoResult</DialogActionResult><PerformsUpdate>False</PerformsUpdate></OnRowSelectedAction></QFDataGrid></Property>
        </Properties>
      </ControlDefinition>
    </QuickFormElement>
    <QuickFormElement>
      <Properties>
        <Property name="EntityMappingType" type="System.String">None</Property>
      </Properties>
      <ControlDefinition>
        <Properties>
          <Property name="Control" type="Sage.Platform.QuickForms.Controls.QFButton, Sage.Platform.QuickForms"><QFButton xmlns:xsi="http://www.w3.org/2001/XMLSchema-instance" xmlns:xsd="http://www.w3.org/2001/XMLSchema"><Column>1</Column><Row>0</Row><IsReadOnly>false</IsReadOnly><HotKey>0</HotKey><TabIndex>0</TabIndex><ControlId>cdmSaveTwitterId</ControlId><DataBindings /><ControlLabelPlacement>none</ControlLabelPlacement><CaptionAlignment>left</CaptionAlignment><StyleScheme>slxbutton</StyleScheme><ButtonType>StandardButton</ButtonType><Image /><OnClientClick /><OnClickAction><ResourceKey>cdmSaveTwitterId</ResourceKey><RootActionName>BusinessRuleAction</RootActionName><Action><BusinessRule>Save</BusinessRule><Object>Contact</Object><Parameters /><PassResultsToNextAction>False</PassResultsToNextAction><OnCompleteActionName>NoActionAction</OnCompleteActionName><OnComplete /></Action><IsDialogCloseAction>False</IsDialogCloseAction><RunOnEveryRePaint>False</RunOnEveryRePaint><DialogActionResult>NoResult</DialogActionResult><PerformsUpdate>True</PerformsUpdate></OnClickAction></QFButton></Property>
        </Properties>
      </ControlDefinition>
    </QuickFormElement>
    <QuickFormElement>
      <Properties>
        <Property name="EntityMappingType" type="System.String">None</Property>
      </Properties>
      <ControlDefinition>
        <Properties>
          <Property name="Control" type="Sage.Platform.QuickForms.Controls.QFButton, Sage.Platform.QuickForms"><QFButton xmlns:xsi="http://www.w3.org/2001/XMLSchema-instance" xmlns:xsd="http://www.w3.org/2001/XMLSchema"><Column>2</Column><Row>1</Row><IsReadOnly>false</IsReadOnly><HotKey>0</HotKey><TabIndex>0</TabIndex><ControlId>cmdDirectMessage</ControlId><DataBindings /><ControlLabelPlacement>none</ControlLabelPlacement><CaptionAlignment>left</CaptionAlignment><StyleScheme>slxbutton</StyleScheme><ButtonType>StandardButton</ButtonType><Image /><OnClientClick /><OnClickAction><ResourceKey>cmdDirectMessage</ResourceKey><RootActionName>CSharpSnippetAction</RootActionName><Action><CSharpCodeSnippet><![CDATA[Sage.Entity.Interfaces.IContact currContact = this.BindingSource.Current as Sage.Entity.Interfaces.IContact;

	Sage.Platform.Application.Services.IUserOptionsService userOption = Sage.Platform.Application.ApplicationContext.Current.Services.Get<Sage.Platform.Application.Services.IUserOptionsService>();
    string userName = userOption.GetCommonOption("UserName", "Twitter");
	string passWord = userOption.GetCommonOption("Password", "Twitter");
	string myTwitterId = userOption.GetCommonOption("MyTwitterId", "Twitter");
    
	if (!String.IsNullOrEmpty(userName) & !String.IsNullOrEmpty(passWord) & !String.IsNullOrEmpty(currContact.TwitterId))
	{
		currContact.TwitterDirectMessage(userName,passWord,txtDirectMessage.Text,currContact.TwitterId);
        Sage.Platform.Security.IUserService currUser = Sage.Platform.Application.ApplicationContext.Current.Services.Get<Sage.Platform.Security.IUserService>();
        
        Sage.Entity.Interfaces.IActivity newActivityRec = Sage.Platform.EntityFactory.Create<Sage.Entity.Interfaces.IActivity>();
        newActivityRec.AccountId = currContact.Account.Id.ToString();
        newActivityRec.ContactId = currContact.Id.ToString();
        newActivityRec.Description = "Twitter direct message sent from " + myTwitterId;
        newActivityRec.Notes = txtDirectMessage.Text;
        newActivityRec.Type = Sage.Entity.Interfaces.ActivityType.atNote;
        newActivityRec.Category = "Twitter DM";
        newActivityRec.Complete(currUser.UserId, "Completed", "", DateTime.UtcNow);
	}]]></CSharpCodeSnippet></Action><IsDialogCloseAction>False</IsDialogCloseAction><RunOnEveryRePaint>False</RunOnEveryRePaint><DialogActionResult>NoResult</DialogActionResult><PerformsUpdate>False</PerformsUpdate></OnClickAction></QFButton></Property>
        </Properties>
      </ControlDefinition>
    </QuickFormElement>
    <QuickFormElement>
      <Properties>
        <Property name="EntityMappingType" type="System.String">None</Property>
      </Properties>
      <ControlDefinition>
        <Properties>
          <Property name="Control" type="Sage.Platform.QuickForms.QFControls.QFDataSource, Sage.Platform.QuickForms.QFControls"><QFDataSource xmlns:xsi="http://www.w3.org/2001/XMLSchema-instance" xmlns:xsd="http://www.w3.org/2001/XMLSchema"><Column>0</Column><Row>6</Row><IsReadOnly>false</IsReadOnly><Visible>false</Visible><HotKey>48</HotKey><TabIndex>0</TabIndex><ControlId>dsTweets</ControlId><DataBindings /><ControlLabelPlacement>none</ControlLabelPlacement><CaptionAlignment>left</CaptionAlignment><StyleScheme /><EntityTypeName>Object</EntityTypeName><GetByMethod>TwitterUserTweets</GetByMethod><GetByProperty /><UseSmartSelection>false</UseSmartSelection></QFDataSource></Property>
        </Properties>
      </ControlDefinition>
    </QuickFormElement>
  </QuickFormElements>
  <QuickFormToolElements />
</QuickFormDefinition>