<?xml version="1.0"?>
<SlxDataColumn xmlns:xsi="http://www.w3.org/2001/XMLSchema-instance" xmlns:xsd="http://www.w3.org/2001/XMLSchema">
  <TableName>SOCIALPROFILE</TableName>
  <Caption>FormattedName</Caption>
  <ColumnName>FORMATTEDNAME</ColumnName>
  <DataType>129</DataType>
  <MaxLength>128</MaxLength>
  <Precision>255</Precision>
  <Scale>255</Scale>
  <Unique>false</Unique>
  <AllowDBNull>true</AllowDBNull>
  <Fixed>false</Fixed>
  <Long>false</Long>
  <DomainName />
  <DomainCatalog />
  <DomainSchema />
  <Collation />
  <SecurityInfo>
    <FieldOffset>0</FieldOffset>
    <FieldIndex>4904</FieldIndex>
    <SeqCode>50</SeqCode>
    <KeyFlag>0</KeyFlag>
    <Sync>89</Sync>
    <UserDef>84</UserDef>
    <DisplayName>FormattedName</DisplayName>
    <IsHidden>70</IsHidden>
    <DateTimeType>32</DateTimeType>
    <Description>The person's full name formatted according to their region</Description>
    <Autoincrement>70</Autoincrement>
  </SecurityInfo>
</SlxDataColumn>