<?xml version="1.0"?>
<SmartPartMapping xmlns:xsi="http://www.w3.org/2001/XMLSchema-instance" xmlns:xsd="http://www.w3.org/2001/XMLSchema" id="f50c688e-0630-42c5-9534-00c26c974d4c">
  <SmartPartId>SocialUpdates</SmartPartId>
  <ReferencedModelId>00000000-0000-0000-0000-000000000000</ReferencedModelId>
  <SmartPart>SmartParts\Social\SocialUpdates.ascx</SmartPart>
  <TargetWorkspace>TabControl</TargetWorkspace>
  <ShowInMode>Detail</ShowInMode>
  <Properties />
  <AllowRoles />
</SmartPartMapping>