<?xml version="1.0"?>
<SlxDataColumn xmlns:xsi="http://www.w3.org/2001/XMLSchema-instance" xmlns:xsd="http://www.w3.org/2001/XMLSchema">
  <TableName>OAUTHPROVIDER</TableName>
  <Caption>Request Token Url</Caption>
  <ColumnName>REQUESTTOKENURL</ColumnName>
  <DataType>129</DataType>
  <MaxLength>128</MaxLength>
  <Precision>255</Precision>
  <Scale>255</Scale>
  <Unique>false</Unique>
  <AllowDBNull>true</AllowDBNull>
  <Fixed>false</Fixed>
  <Long>false</Long>
  <DomainName />
  <DomainCatalog />
  <DomainSchema />
  <Collation />
  <SecurityInfo>
    <FieldOffset>1146</FieldOffset>
    <FieldIndex>4833</FieldIndex>
    <SeqCode>48</SeqCode>
    <KeyFlag>0</KeyFlag>
    <Sync>89</Sync>
    <UserDef>84</UserDef>
    <DisplayName>Request Token Url</DisplayName>
    <IsHidden>70</IsHidden>
    <DateTimeType>32</DateTimeType>
    <Description>Url used to obtain request token (for OAuth 1.0)</Description>
    <Autoincrement>70</Autoincrement>
  </SecurityInfo>
</SlxDataColumn>