<?xml version="1.0"?>
<SlxDataColumn xmlns:xsi="http://www.w3.org/2001/XMLSchema-instance" xmlns:xsd="http://www.w3.org/2001/XMLSchema">
  <TableName>OAUTHPROVIDER</TableName>
  <Caption>SupportsCallback</Caption>
  <ColumnName>SUPPORTSCALLBACK</ColumnName>
  <DataType>129</DataType>
  <MaxLength>1</MaxLength>
  <Precision>255</Precision>
  <Scale>255</Scale>
  <Unique>false</Unique>
  <AllowDBNull>true</AllowDBNull>
  <Fixed>false</Fixed>
  <Long>false</Long>
  <DomainName />
  <DomainCatalog />
  <DomainSchema />
  <Collation />
  <SecurityInfo>
    <FieldOffset>1151</FieldOffset>
    <FieldIndex>4845</FieldIndex>
    <SeqCode>48</SeqCode>
    <KeyFlag>0</KeyFlag>
    <Sync>89</Sync>
    <UserDef>84</UserDef>
    <DisplayName>SupportsCallback</DisplayName>
    <IsHidden>70</IsHidden>
    <DateTimeType>32</DateTimeType>
    <Description>Set to true if the provider can support dynamic callback URLs (in that case we can avoid the need to have the user copy/paste the token)</Description>
    <Autoincrement>70</Autoincrement>
  </SecurityInfo>
</SlxDataColumn>