<?xml version="1.0"?>
<SlxDataColumn xmlns:xsi="http://www.w3.org/2001/XMLSchema-instance" xmlns:xsd="http://www.w3.org/2001/XMLSchema">
  <TableName>USER_OAUTHTOKEN</TableName>
  <Caption>AccessTokenSecret</Caption>
  <ColumnName>ACCESSTOKENSECRET</ColumnName>
  <DataType>129</DataType>
  <MaxLength>255</MaxLength>
  <Precision>255</Precision>
  <Scale>255</Scale>
  <Unique>false</Unique>
  <AllowDBNull>true</AllowDBNull>
  <Fixed>false</Fixed>
  <Long>false</Long>
  <DomainName />
  <DomainCatalog />
  <DomainSchema />
  <Collation />
  <SecurityInfo>
    <FieldOffset>1150</FieldOffset>
    <FieldIndex>4837</FieldIndex>
    <SeqCode>48</SeqCode>
    <KeyFlag>0</KeyFlag>
    <Sync>89</Sync>
    <UserDef>84</UserDef>
    <DisplayName>AccessTokenSecret</DisplayName>
    <IsHidden>70</IsHidden>
    <DateTimeType>32</DateTimeType>
    <Description>OAuth 1 Access Token Secret</Description>
    <Autoincrement>70</Autoincrement>
  </SecurityInfo>
</SlxDataColumn>