<?xml version="1.0"?>
<SmartPartMapping xmlns:xsi="http://www.w3.org/2001/XMLSchema-instance" xmlns:xsd="http://www.w3.org/2001/XMLSchema" id="e65c7f8c-1ae6-46e6-b7d7-75772f2d6c9f">
  <SmartPartId>frmTwitterOptions</SmartPartId>
  <ReferencedModelId>00000000-0000-0000-0000-000000000000</ReferencedModelId>
  <SmartPart>SmartParts\Options\frmTwitterOptions.ascx</SmartPart>
  <TargetWorkspace>TabControl</TargetWorkspace>
  <ShowInMode />
  <Properties />
  <AllowRoles />
</SmartPartMapping>