<?xml version="1.0" encoding="utf-8"?>
<QuickFormDefinition Id="e643817c-d38b-472b-99af-6fc62a63370c" name="InsertTicket">
  <Properties>
    <Property name="EntityTypeName" type="System.String">ITicket</Property>
    <Property name="DefaultNamespace" type="System.String">Sage.Entity.Interfaces</Property>
    <Property name="AssemblyName" type="System.String">Sage.Entity.Interfaces</Property>
    <Property name="UseEntityNameAsTitle" type="System.Boolean">False</Property>
    <Property name="ImagePath" type="System.String"></Property>
    <Property name="DefinitionType" type="System.String">Sage.Platform.QuickForms.QuickFormMainDetailViewDefinition, Sage.Platform.QuickForms</Property>
    <Property name="Columns" type="System.ComponentModel.BindingList`1[[System.Windows.Forms.ColumnStyle, System.Windows.Forms, Version=2.0.0.0, Culture=neutral, PublicKeyToken=b77a5c561934e089]], System, Version=2.0.0.0, Culture=neutral, PublicKeyToken=b77a5c561934e089"><ArrayOfColumnStyle xmlns:xsi="http://www.w3.org/2001/XMLSchema-instance" xmlns:xsd="http://www.w3.org/2001/XMLSchema"><ColumnStyle><SizeType>Percent</SizeType><Width>34</Width></ColumnStyle><ColumnStyle><SizeType>Percent</SizeType><Width>33</Width></ColumnStyle><ColumnStyle><SizeType>Absolute</SizeType><Width>20</Width></ColumnStyle><ColumnStyle><SizeType>Absolute</SizeType><Width>20</Width></ColumnStyle><ColumnStyle><SizeType>Absolute</SizeType><Width>20</Width></ColumnStyle><ColumnStyle><Width>80</Width></ColumnStyle></ArrayOfColumnStyle></Property>
    <Property name="Rows" type="System.ComponentModel.BindingList`1[[System.Windows.Forms.RowStyle, System.Windows.Forms, Version=2.0.0.0, Culture=neutral, PublicKeyToken=b77a5c561934e089]], System, Version=2.0.0.0, Culture=neutral, PublicKeyToken=b77a5c561934e089"><ArrayOfRowStyle xmlns:xsi="http://www.w3.org/2001/XMLSchema-instance" xmlns:xsd="http://www.w3.org/2001/XMLSchema"><RowStyle><SizeType>Absolute</SizeType><Height>35</Height></RowStyle><RowStyle><SizeType>Absolute</SizeType><Height>35</Height></RowStyle><RowStyle><SizeType>Absolute</SizeType><Height>35</Height></RowStyle><RowStyle><SizeType>Absolute</SizeType><Height>35</Height></RowStyle><RowStyle><SizeType>Absolute</SizeType><Height>35</Height></RowStyle><RowStyle><SizeType>Absolute</SizeType><Height>35</Height></RowStyle><RowStyle><SizeType>Absolute</SizeType><Height>35</Height></RowStyle><RowStyle><SizeType>Absolute</SizeType><Height>35</Height></RowStyle><RowStyle><SizeType>Absolute</SizeType><Height>35</Height></RowStyle><RowStyle><SizeType>Absolute</SizeType><Height>35</Height></RowStyle><RowStyle><SizeType>Absolute</SizeType><Height>35</Height></RowStyle><RowStyle><SizeType>Absolute</SizeType><Height>35</Height></RowStyle></ArrayOfRowStyle></Property>
    <Property name="GeneratePrintView" type="System.Boolean">False</Property>
    <Property name="Description" type="System.String"></Property>
    <Property name="ActiveControl" type="System.String">lueAccount</Property>
  </Properties>
  <LoadActions>
    <ActionDefinition>
      <ResourceKey>a41091e8-d1df-45de-8730-9202882197f2</ResourceKey>
      <RootActionName>ValidationAction</RootActionName>
      <Action>
        <ValidationMethod>IsAutoPunchInEnabled</ValidationMethod>
        <OnFailActionName>ValidationAction</OnFailActionName>
        <OnFail>
          <ValidationMethod>IsDisplayServiceInfoView </ValidationMethod>
          <OnFailActionName>NoActionAction</OnFailActionName>
          <OnFail />
          <OnSuccessActionName>DialogAction</OnSuccessActionName>
          <OnSuccess>
            <SmartPart>AccountServiceInfo</SmartPart>
            <Height>600</Height>
            <Width>900</Width>
            <Top>200</Top>
            <Left>200</Left>
            <EntityType>Ticket</EntityType>
            <ResourceKey>e8700916-9595-482c-8271-68b03b58ed66</ResourceKey>
            <CenterDialog>True</CenterDialog>
          </OnSuccess>
        </OnFail>
        <OnSuccessActionName>BusinessRuleAction</OnSuccessActionName>
        <OnSuccess>
          <BusinessRule>HoldPunchInTicketActivity</BusinessRule>
          <Object>Ticket</Object>
          <Parameters />
          <PassResultsToNextAction>False</PassResultsToNextAction>
          <OnCompleteActionName>UIAction</OnCompleteActionName>
          <OnComplete>
            <PropertySettings>
              <PropertySetting>
                <TargetControlID>cmdPunchInOut</TargetControlID>
                <Property>Text</Property>
                <Value>GetLocalResourceObject("cmdPunchOut.Caption").ToString()</Value>
              </PropertySetting>
              <PropertySetting>
                <TargetControlID>cmdPunchInOut</TargetControlID>
                <Property>Enabled</Property>
                <Value>false</Value>
              </PropertySetting>
            </PropertySettings>
          </OnComplete>
        </OnSuccess>
      </Action>
      <IsDialogCloseAction>False</IsDialogCloseAction>
      <RunOnEveryRePaint>False</RunOnEveryRePaint>
      <DialogActionResult>NoResult</DialogActionResult>
      <PerformsUpdate>False</PerformsUpdate>
      <AppliedSecurity />
      <RefreshData>False</RefreshData>
    </ActionDefinition>
    <ActionDefinition>
      <ResourceKey>1a8e9b70-34cf-4939-a07f-c1a0efbeef76</ResourceKey>
      <RootActionName>CSharpSnippetAction</RootActionName>
      <Action>
        <CSharpCodeSnippet><![CDATA[if (AppContext.HasContext("NewEntityParameters"))
{
    System.Collections.Generic.Dictionary<string, string> args = AppContext["NewEntityParameters"] as System.Collections.Generic.Dictionary<string, string>;
    Sage.Entity.Interfaces.ITicket ticket = BindingSource.Current as Sage.Entity.Interfaces.ITicket;
    ticket.Notes = args["description"];
    ticket.Subject = args["subject"];
}]]></CSharpCodeSnippet>
      </Action>
      <IsDialogCloseAction>False</IsDialogCloseAction>
      <RunOnEveryRePaint>False</RunOnEveryRePaint>
      <DialogActionResult>NoResult</DialogActionResult>
      <PerformsUpdate>False</PerformsUpdate>
      <AppliedSecurity />
      <RefreshData>False</RefreshData>
    </ActionDefinition>
  </LoadActions>
  <QuickFormElements>
    <QuickFormElement>
      <Properties>
        <Property name="EntityMappingType" type="System.String">Property</Property>
        <Property name="EntityTypeName" type="System.String">ITicket</Property>
        <Property name="EntityNamespace" type="System.String"></Property>
        <Property name="EntityAssemblyName" type="System.String"></Property>
        <Property name="DefaultNamespace" type="System.String">Sage.Entity.Interfaces</Property>
        <Property name="AssemblyName" type="System.String">Sage.Entity.Interfaces</Property>
        <Property name="EntityReferenceName" type="System.String"></Property>
        <Property name="ValueMember" type="System.String">Account</Property>
      </Properties>
      <ControlDefinition>
        <Properties>
          <Property name="Control" type="Sage.SalesLogix.QuickForms.QFControls.QFSLXLookup, Sage.SalesLogix.QuickForms.QFControls"><QFSLXLookup xmlns:xsi="http://www.w3.org/2001/XMLSchema-instance" xmlns:xsd="http://www.w3.org/2001/XMLSchema"><Column>0</Column><Row>0</Row><IsReadOnly>false</IsReadOnly><HotKey>0</HotKey><TabIndex>0</TabIndex><ControlId>lueAccount</ControlId><DataBindings><QuickFormPropertyDataBindingDefinition><DataSourceID>MainEntity</DataSourceID><DataItemName>Account</DataItemName><ControlItemName>LookupResultValue</ControlItemName><FormatString /><NullValueString>null</NullValueString></QuickFormPropertyDataBindingDefinition></DataBindings><ControlLabelPlacement>left</ControlLabelPlacement><CaptionAlignment>left</CaptionAlignment><StyleScheme /><OnChangeAction><ResourceKey>lueAccount</ResourceKey><RootActionName>BusinessRuleAction</RootActionName><Action><BusinessRule>OnAccountChanged</BusinessRule><Object>Ticket</Object><Parameters /><PassResultsToNextAction>False</PassResultsToNextAction><OnCompleteActionName>NoActionAction</OnCompleteActionName><OnComplete /></Action><IsDialogCloseAction>False</IsDialogCloseAction><RunOnEveryRePaint>False</RunOnEveryRePaint><DialogActionResult>NoResult</DialogActionResult><PerformsUpdate>False</PerformsUpdate><AppliedSecurity /><RefreshData>False</RefreshData></OnChangeAction><LookupImage /><LookupDialogWidth xsi:nil="true" /><LookupDialogHeight xsi:nil="true" /><LookupBindingMode>Object</LookupBindingMode><LookupResultValue xsi:type="xsd:string" /><SeedProperty /><SeedValue /><Required>true</Required><DropDownDisplayProperty /><AllowClearingResult>false</AllowClearingResult><OverrideSeedOnSearch>false</OverrideSeedOnSearch><LookupEntityName>Account</LookupEntityName><LookupEntityTypeName>Sage.SalesLogix.Entities.Account, Sage.SalesLogix.Entities</LookupEntityTypeName><AutoPostBack>true</AutoPostBack><EnableHyperLinking>false</EnableHyperLinking><InitializeLookup>false</InitializeLookup><LookupProperties><LookupProperty><PropertyName>AccountName</PropertyName><PropertyType /><PropertyHeader>Account</PropertyHeader><PropertyFormat>None</PropertyFormat><PropertyFormatString /><UseAsResult>true</UseAsResult><ExcludeFromFilters>false</ExcludeFromFilters><HideCondition /></LookupProperty><LookupProperty><PropertyName>Address.City</PropertyName><PropertyType>System.String</PropertyType><PropertyHeader>City</PropertyHeader><PropertyFormat>None</PropertyFormat><PropertyFormatString /><UseAsResult>true</UseAsResult><ExcludeFromFilters>false</ExcludeFromFilters><HideCondition /></LookupProperty><LookupProperty><PropertyName>Address.State</PropertyName><PropertyType>System.String</PropertyType><PropertyHeader>State</PropertyHeader><PropertyFormat>None</PropertyFormat><PropertyFormatString /><UseAsResult>true</UseAsResult><ExcludeFromFilters>false</ExcludeFromFilters><HideCondition /></LookupProperty><LookupProperty><PropertyName>MainPhone</PropertyName><PropertyType /><PropertyHeader>Phone</PropertyHeader><PropertyFormat>Phone</PropertyFormat><PropertyFormatString /><UseAsResult>false</UseAsResult><ExcludeFromFilters>false</ExcludeFromFilters><HideCondition /></LookupProperty><LookupProperty><PropertyName>Type</PropertyName><PropertyType /><PropertyHeader>Type</PropertyHeader><PropertyFormat>None</PropertyFormat><PropertyFormatString /><UseAsResult>false</UseAsResult><ExcludeFromFilters>false</ExcludeFromFilters><HideCondition /></LookupProperty><LookupProperty><PropertyName>SubType</PropertyName><PropertyType /><PropertyHeader>Sub-Type</PropertyHeader><PropertyFormat>None</PropertyFormat><PropertyFormatString /><UseAsResult>false</UseAsResult><ExcludeFromFilters>false</ExcludeFromFilters><HideCondition /></LookupProperty><LookupProperty><PropertyName>Status</PropertyName><PropertyType /><PropertyHeader>Status</PropertyHeader><PropertyFormat>None</PropertyFormat><PropertyFormatString /><UseAsResult>false</UseAsResult><ExcludeFromFilters>false</ExcludeFromFilters><HideCondition /></LookupProperty><LookupProperty><PropertyName>AccountManager.UserInfo.UserName</PropertyName><PropertyType>System.String</PropertyType><PropertyHeader>Acct Manager</PropertyHeader><PropertyFormat>None</PropertyFormat><PropertyFormatString /><UseAsResult>true</UseAsResult><ExcludeFromFilters>false</ExcludeFromFilters><HideCondition /></LookupProperty><LookupProperty><PropertyName>Owner.OwnerDescription</PropertyName><PropertyType>System.String</PropertyType><PropertyHeader>Owner</PropertyHeader><PropertyFormat>None</PropertyFormat><PropertyFormatString /><UseAsResult>true</UseAsResult><ExcludeFromFilters>false</ExcludeFromFilters><HideCondition /></LookupProperty></LookupProperties><LookupPreFilters /></QFSLXLookup></Property>
        </Properties>
      </ControlDefinition>
    </QuickFormElement>
    <QuickFormElement>
      <Properties>
        <Property name="EntityMappingType" type="System.String">Property</Property>
        <Property name="EntityTypeName" type="System.String">ITicket</Property>
        <Property name="EntityNamespace" type="System.String"></Property>
        <Property name="EntityAssemblyName" type="System.String"></Property>
        <Property name="DefaultNamespace" type="System.String">Sage.Entity.Interfaces</Property>
        <Property name="AssemblyName" type="System.String">Sage.Entity.Interfaces</Property>
        <Property name="EntityReferenceName" type="System.String"></Property>
        <Property name="ValueMember" type="System.String">Contact</Property>
      </Properties>
      <ControlDefinition>
        <Properties>
          <Property name="Control" type="Sage.SalesLogix.QuickForms.QFControls.QFSLXLookup, Sage.SalesLogix.QuickForms.QFControls"><QFSLXLookup xmlns:xsi="http://www.w3.org/2001/XMLSchema-instance" xmlns:xsd="http://www.w3.org/2001/XMLSchema"><Column>0</Column><Row>1</Row><IsReadOnly>false</IsReadOnly><HotKey>0</HotKey><TabIndex>0</TabIndex><ControlId>lueContact</ControlId><DataBindings><QuickFormPropertyDataBindingDefinition><DataSourceID>MainEntity</DataSourceID><DataItemName>Contact</DataItemName><ControlItemName>LookupResultValue</ControlItemName><FormatString /><NullValueString>null</NullValueString></QuickFormPropertyDataBindingDefinition><QuickFormPropertyDataBindingDefinition><DataSourceID>MainEntity</DataSourceID><DataItemName>Account.Id</DataItemName><ControlItemName>SeedValue</ControlItemName><FormatString /><NullValueString /></QuickFormPropertyDataBindingDefinition></DataBindings><ControlLabelPlacement>left</ControlLabelPlacement><CaptionAlignment>left</CaptionAlignment><StyleScheme /><OnChangeAction><ResourceKey>lueContact</ResourceKey><RootActionName>BusinessRuleAction</RootActionName><Action><BusinessRule>OnContactChanged</BusinessRule><Object>Ticket</Object><Parameters /><PassResultsToNextAction>False</PassResultsToNextAction><OnCompleteActionName>NoActionAction</OnCompleteActionName><OnComplete /></Action><IsDialogCloseAction>False</IsDialogCloseAction><RunOnEveryRePaint>False</RunOnEveryRePaint><DialogActionResult>NoResult</DialogActionResult><PerformsUpdate>False</PerformsUpdate><AppliedSecurity /><RefreshData>False</RefreshData></OnChangeAction><LookupImage /><LookupDialogWidth xsi:nil="true" /><LookupDialogHeight xsi:nil="true" /><LookupBindingMode>Object</LookupBindingMode><LookupResultValue xsi:type="xsd:string" /><SeedProperty>Account.Id</SeedProperty><SeedValue /><Required>false</Required><DropDownDisplayProperty /><AllowClearingResult>false</AllowClearingResult><OverrideSeedOnSearch>false</OverrideSeedOnSearch><LookupEntityName>Contact</LookupEntityName><LookupEntityTypeName>Sage.SalesLogix.Entities.Contact, Sage.SalesLogix.Entities</LookupEntityTypeName><AutoPostBack>true</AutoPostBack><EnableHyperLinking>false</EnableHyperLinking><InitializeLookup>false</InitializeLookup><LookupProperties><LookupProperty><PropertyName>NameLF</PropertyName><PropertyType /><PropertyHeader>Name</PropertyHeader><PropertyFormat>None</PropertyFormat><PropertyFormatString /><UseAsResult>true</UseAsResult><ExcludeFromFilters>false</ExcludeFromFilters><HideCondition /></LookupProperty><LookupProperty><PropertyName>AccountName</PropertyName><PropertyType /><PropertyHeader>Account</PropertyHeader><PropertyFormat>None</PropertyFormat><PropertyFormatString /><UseAsResult>true</UseAsResult><ExcludeFromFilters>false</ExcludeFromFilters><HideCondition /></LookupProperty><LookupProperty><PropertyName>Address.City</PropertyName><PropertyType /><PropertyHeader>City</PropertyHeader><PropertyFormat>None</PropertyFormat><PropertyFormatString /><UseAsResult>true</UseAsResult><ExcludeFromFilters>false</ExcludeFromFilters><HideCondition /></LookupProperty><LookupProperty><PropertyName>Address.State</PropertyName><PropertyType /><PropertyHeader>State</PropertyHeader><PropertyFormat>None</PropertyFormat><PropertyFormatString /><UseAsResult>true</UseAsResult><ExcludeFromFilters>false</ExcludeFromFilters><HideCondition /></LookupProperty><LookupProperty><PropertyName>WorkPhone</PropertyName><PropertyType /><PropertyHeader>Work Phone</PropertyHeader><PropertyFormat>Phone</PropertyFormat><PropertyFormatString /><UseAsResult>true</UseAsResult><ExcludeFromFilters>false</ExcludeFromFilters><HideCondition /></LookupProperty><LookupProperty><PropertyName>Email</PropertyName><PropertyType /><PropertyHeader>E-mail</PropertyHeader><PropertyFormat>None</PropertyFormat><PropertyFormatString /><UseAsResult>true</UseAsResult><ExcludeFromFilters>false</ExcludeFromFilters><HideCondition /></LookupProperty></LookupProperties><LookupPreFilters /></QFSLXLookup></Property>
        </Properties>
      </ControlDefinition>
    </QuickFormElement>
    <QuickFormElement>
      <Properties>
        <Property name="EntityMappingType" type="System.String">Property</Property>
        <Property name="EntityTypeName" type="System.String">ITicket</Property>
        <Property name="EntityNamespace" type="System.String"></Property>
        <Property name="EntityAssemblyName" type="System.String"></Property>
        <Property name="DefaultNamespace" type="System.String">Sage.Entity.Interfaces</Property>
        <Property name="AssemblyName" type="System.String">Sage.Entity.Interfaces</Property>
        <Property name="EntityReferenceName" type="System.String"></Property>
        <Property name="ValueMember" type="System.String">Contract</Property>
      </Properties>
      <ControlDefinition>
        <Properties>
          <Property name="Control" type="Sage.SalesLogix.QuickForms.QFControls.QFSLXLookup, Sage.SalesLogix.QuickForms.QFControls"><QFSLXLookup xmlns:xsi="http://www.w3.org/2001/XMLSchema-instance" xmlns:xsd="http://www.w3.org/2001/XMLSchema"><Column>0</Column><Row>2</Row><IsReadOnly>false</IsReadOnly><HotKey>0</HotKey><TabIndex>0</TabIndex><ControlId>lueContract</ControlId><DataBindings><QuickFormPropertyDataBindingDefinition><DataSourceID>MainEntity</DataSourceID><DataItemName>Contract</DataItemName><ControlItemName>LookupResultValue</ControlItemName><FormatString /><NullValueString>null</NullValueString></QuickFormPropertyDataBindingDefinition><QuickFormPropertyDataBindingDefinition><DataSourceID>MainEntity</DataSourceID><DataItemName>Account.Id</DataItemName><ControlItemName>SeedValue</ControlItemName><FormatString /><NullValueString /></QuickFormPropertyDataBindingDefinition></DataBindings><ControlLabelPlacement>left</ControlLabelPlacement><CaptionAlignment>left</CaptionAlignment><StyleScheme /><OnChangeAction><ResourceKey>lueContract</ResourceKey><RootActionName>BusinessRuleAction</RootActionName><Action><BusinessRule>ValidateAssignedContract</BusinessRule><Object>Ticket</Object><Parameters /><PassResultsToNextAction>False</PassResultsToNextAction><OnCompleteActionName>MessageAction</OnCompleteActionName><OnComplete><ResourceKey>119d394c-cef4-4b1e-aa83-e9a9c005df4e</ResourceKey></OnComplete></Action><IsDialogCloseAction>False</IsDialogCloseAction><RunOnEveryRePaint>False</RunOnEveryRePaint><DialogActionResult>NoResult</DialogActionResult><PerformsUpdate>False</PerformsUpdate><AppliedSecurity /><RefreshData>False</RefreshData></OnChangeAction><LookupImage /><LookupDialogWidth xsi:nil="true" /><LookupDialogHeight xsi:nil="true" /><LookupBindingMode>Object</LookupBindingMode><LookupResultValue xsi:type="xsd:string" /><SeedProperty>Account.Id</SeedProperty><SeedValue /><Required>false</Required><DropDownDisplayProperty /><AllowClearingResult>false</AllowClearingResult><OverrideSeedOnSearch>false</OverrideSeedOnSearch><LookupEntityName>Contract</LookupEntityName><LookupEntityTypeName>Sage.SalesLogix.Entities.Contract, Sage.SalesLogix.Entities</LookupEntityTypeName><AutoPostBack>true</AutoPostBack><EnableHyperLinking>false</EnableHyperLinking><InitializeLookup>false</InitializeLookup><LookupProperties><LookupProperty><PropertyName>ReferenceNumber</PropertyName><PropertyType /><PropertyHeader>Reference</PropertyHeader><PropertyFormat>None</PropertyFormat><PropertyFormatString /><UseAsResult>true</UseAsResult><ExcludeFromFilters>false</ExcludeFromFilters><HideCondition /></LookupProperty><LookupProperty><PropertyName>ServiceCode</PropertyName><PropertyType>SalesLogix.PickList</PropertyType><PropertyHeader>Service Code</PropertyHeader><PropertyFormat>PickList</PropertyFormat><PropertyFormatString /><UseAsResult>true</UseAsResult><ExcludeFromFilters>false</ExcludeFromFilters><HideCondition /></LookupProperty><LookupProperty><PropertyName>TypeCode</PropertyName><PropertyType>SalesLogix.PickList</PropertyType><PropertyHeader>Type</PropertyHeader><PropertyFormat>PickList</PropertyFormat><PropertyFormatString /><UseAsResult>true</UseAsResult><ExcludeFromFilters>false</ExcludeFromFilters><HideCondition /></LookupProperty><LookupProperty><PropertyName>Remaining</PropertyName><PropertyType /><PropertyHeader>Remaining</PropertyHeader><PropertyFormat>None</PropertyFormat><PropertyFormatString /><UseAsResult>true</UseAsResult><ExcludeFromFilters>true</ExcludeFromFilters><HideCondition /></LookupProperty><LookupProperty><PropertyName>StartDate</PropertyName><PropertyType /><PropertyHeader>Start Date</PropertyHeader><PropertyFormat>None</PropertyFormat><PropertyFormatString /><UseAsResult>true</UseAsResult><ExcludeFromFilters>true</ExcludeFromFilters><HideCondition /></LookupProperty><LookupProperty><PropertyName>EndingDate</PropertyName><PropertyType /><PropertyHeader>End Date</PropertyHeader><PropertyFormat>None</PropertyFormat><PropertyFormatString /><UseAsResult>true</UseAsResult><ExcludeFromFilters>true</ExcludeFromFilters><HideCondition /></LookupProperty></LookupProperties><LookupPreFilters /></QFSLXLookup></Property>
        </Properties>
      </ControlDefinition>
    </QuickFormElement>
    <QuickFormElement>
      <Properties>
        <Property name="EntityMappingType" type="System.String">Property</Property>
        <Property name="EntityTypeName" type="System.String">ITicket</Property>
        <Property name="EntityNamespace" type="System.String"></Property>
        <Property name="EntityAssemblyName" type="System.String"></Property>
        <Property name="DefaultNamespace" type="System.String">Sage.Entity.Interfaces</Property>
        <Property name="AssemblyName" type="System.String">Sage.Entity.Interfaces</Property>
        <Property name="EntityReferenceName" type="System.String"></Property>
        <Property name="ValueMember" type="System.String">Area</Property>
      </Properties>
      <ControlDefinition>
        <Properties>
          <Property name="Control" type="Sage.SalesLogix.QuickForms.QFControls.QFSLXDependencyLookup, Sage.SalesLogix.QuickForms.QFControls"><QFSLXDependencyLookup xmlns:xsi="http://www.w3.org/2001/XMLSchema-instance" xmlns:xsd="http://www.w3.org/2001/XMLSchema"><RowSpan>3</RowSpan><Column>0</Column><Row>3</Row><IsReadOnly>false</IsReadOnly><HotKey>0</HotKey><TabIndex>0</TabIndex><ControlId>dplArea</ControlId><DataBindings><QuickFormPropertyDataBindingDefinition><DataSourceID>MainEntity</DataSourceID><DataItemName>Area</DataItemName><ControlItemName>Text</ControlItemName><FormatString /><NullValueString>null</NullValueString></QuickFormPropertyDataBindingDefinition></DataBindings><ControlLabelPlacement>none</ControlLabelPlacement><CaptionAlignment>left</CaptionAlignment><StyleScheme /><OnChangeAction><ResourceKey>dplArea</ResourceKey><RootActionName>NoActionAction</RootActionName><Action /><IsDialogCloseAction>False</IsDialogCloseAction><RunOnEveryRePaint>False</RunOnEveryRePaint><DialogActionResult>NoResult</DialogActionResult><PerformsUpdate>False</PerformsUpdate><AppliedSecurity /><RefreshData>False</RefreshData></OnChangeAction><AutoPostBack>false</AutoPostBack><DependentLookups><DependencyLookup><PropertyDisplay>Area:</PropertyDisplay><LookupEntityName>IAreaCategoryIssue</LookupEntityName><LookupEntityTypeName>Sage.Entity.Interfaces.IAreaCategoryIssue, Sage.Entity.Interfaces, Version=0.0.0.0, Culture=neutral, PublicKeyToken=null</LookupEntityTypeName><DropDownDisplayProperty>Area</DropDownDisplayProperty><ParentProperty /><BindingPropertyName>Area</BindingPropertyName></DependencyLookup><DependencyLookup><PropertyDisplay>Category:</PropertyDisplay><LookupEntityName>IAreaCategoryIssue</LookupEntityName><LookupEntityTypeName>Sage.Entity.Interfaces.IAreaCategoryIssue, Sage.Entity.Interfaces, Version=0.0.0.0, Culture=neutral, PublicKeyToken=null</LookupEntityTypeName><DropDownDisplayProperty>Category</DropDownDisplayProperty><ParentProperty>Area</ParentProperty><BindingPropertyName>Category</BindingPropertyName></DependencyLookup><DependencyLookup><PropertyDisplay>Issue:</PropertyDisplay><LookupEntityName>IAreaCategoryIssue</LookupEntityName><LookupEntityTypeName>Sage.Entity.Interfaces.IAreaCategoryIssue, Sage.Entity.Interfaces, Version=0.0.0.0, Culture=neutral, PublicKeyToken=null</LookupEntityTypeName><DropDownDisplayProperty>Issue</DropDownDisplayProperty><ParentProperty>Category</ParentProperty><BindingPropertyName>Issue</BindingPropertyName></DependencyLookup></DependentLookups><LookupPreFilters><LookupPreFilter><LookupEntityName>IAreaCategoryIssue</LookupEntityName><PropertyType>System.Boolean</PropertyType><OperatorCode>=</OperatorCode><PickListName /><PropertyName>Ticket</PropertyName><FilterValue>True</FilterValue></LookupPreFilter></LookupPreFilters></QFSLXDependencyLookup></Property>
        </Properties>
      </ControlDefinition>
    </QuickFormElement>
    <QuickFormElement>
      <Properties>
        <Property name="EntityMappingType" type="System.String">None</Property>
      </Properties>
      <ControlDefinition>
        <Properties>
          <Property name="Control" type="Sage.Platform.QuickForms.QFControls.QFHorizontalSeparator, Sage.Platform.QuickForms.QFControls"><QFHorizontalSeparator xmlns:xsi="http://www.w3.org/2001/XMLSchema-instance" xmlns:xsd="http://www.w3.org/2001/XMLSchema"><ColumnSpan>6</ColumnSpan><Column>0</Column><Row>6</Row><IsReadOnly>false</IsReadOnly><HotKey>48</HotKey><TabIndex>0</TabIndex><ControlId>hzsDetails</ControlId><DataBindings /><ControlLabelPlacement>none</ControlLabelPlacement><CaptionAlignment>left</CaptionAlignment><StyleScheme /><DisplayAsTitleBar>true</DisplayAsTitleBar></QFHorizontalSeparator></Property>
        </Properties>
      </ControlDefinition>
    </QuickFormElement>
    <QuickFormElement>
      <Properties>
        <Property name="EntityMappingType" type="System.String">Property</Property>
        <Property name="EntityTypeName" type="System.String">ITicket</Property>
        <Property name="EntityNamespace" type="System.String"></Property>
        <Property name="EntityAssemblyName" type="System.String"></Property>
        <Property name="DefaultNamespace" type="System.String">Sage.Entity.Interfaces</Property>
        <Property name="AssemblyName" type="System.String">Sage.Entity.Interfaces</Property>
        <Property name="EntityReferenceName" type="System.String"></Property>
        <Property name="ValueMember" type="System.String">Subject</Property>
      </Properties>
      <ControlDefinition>
        <Properties>
          <Property name="Control" type="Sage.Platform.QuickForms.Controls.QFTextBox, Sage.Platform.QuickForms"><QFTextBox xmlns:xsi="http://www.w3.org/2001/XMLSchema-instance" xmlns:xsd="http://www.w3.org/2001/XMLSchema"><ColumnSpan>2</ColumnSpan><Column>0</Column><Row>7</Row><IsReadOnly>false</IsReadOnly><HotKey>0</HotKey><TabIndex>0</TabIndex><ControlId>txtSubject</ControlId><DataBindings><QuickFormPropertyDataBindingDefinition><DataSourceID>MainEntity</DataSourceID><DataItemName>Subject</DataItemName><ControlItemName>Text</ControlItemName><FormatString /><NullValueString /></QuickFormPropertyDataBindingDefinition></DataBindings><ControlLabelPlacement>left</ControlLabelPlacement><CaptionAlignment>left</CaptionAlignment><StyleScheme /><MaxLength>255</MaxLength><OnChangeAction><ResourceKey>txtSubject</ResourceKey><RootActionName>NoActionAction</RootActionName><Action /><IsDialogCloseAction>False</IsDialogCloseAction><RunOnEveryRePaint>False</RunOnEveryRePaint><DialogActionResult>NoResult</DialogActionResult><PerformsUpdate>False</PerformsUpdate><AppliedSecurity /><RefreshData>False</RefreshData></OnChangeAction></QFTextBox></Property>
        </Properties>
      </ControlDefinition>
    </QuickFormElement>
    <QuickFormElement>
      <Properties>
        <Property name="EntityMappingType" type="System.String">None</Property>
      </Properties>
      <ControlDefinition>
        <Properties>
          <Property name="Control" type="Sage.Platform.QuickForms.Controls.QFTextBox, Sage.Platform.QuickForms"><QFTextBox xmlns:xsi="http://www.w3.org/2001/XMLSchema-instance" xmlns:xsd="http://www.w3.org/2001/XMLSchema"><ColumnSpan>2</ColumnSpan><Column>0</Column><Row>8</Row><IsReadOnly>false</IsReadOnly><HotKey>0</HotKey><TabIndex>0</TabIndex><ControlId>txtDescriptions</ControlId><DataBindings><QuickFormPropertyDataBindingDefinition><DataSourceID>MainEntity</DataSourceID><DataItemName>TicketProblem.Notes</DataItemName><ControlItemName>Text</ControlItemName><FormatString /><NullValueString /></QuickFormPropertyDataBindingDefinition></DataBindings><ControlLabelPlacement>left</ControlLabelPlacement><CaptionAlignment>left</CaptionAlignment><StyleScheme /><Lines>4</Lines><OnChangeAction><ResourceKey>txtDescriptions</ResourceKey><RootActionName>NoActionAction</RootActionName><Action /><IsDialogCloseAction>False</IsDialogCloseAction><RunOnEveryRePaint>False</RunOnEveryRePaint><DialogActionResult>NoResult</DialogActionResult><PerformsUpdate>False</PerformsUpdate><AppliedSecurity /><RefreshData>False</RefreshData></OnChangeAction></QFTextBox></Property>
        </Properties>
      </ControlDefinition>
    </QuickFormElement>
    <QuickFormElement>
      <Properties>
        <Property name="EntityMappingType" type="System.String">None</Property>
      </Properties>
      <ControlDefinition>
        <Properties>
          <Property name="Control" type="Sage.Platform.QuickForms.Controls.QFTextBox, Sage.Platform.QuickForms"><QFTextBox xmlns:xsi="http://www.w3.org/2001/XMLSchema-instance" xmlns:xsd="http://www.w3.org/2001/XMLSchema"><ColumnSpan>2</ColumnSpan><Column>0</Column><Row>9</Row><IsReadOnly>false</IsReadOnly><HotKey>0</HotKey><TabIndex>0</TabIndex><ControlId>txtResolution</ControlId><DataBindings><QuickFormPropertyDataBindingDefinition><DataSourceID>MainEntity</DataSourceID><DataItemName>TicketSolution.Notes</DataItemName><ControlItemName>Text</ControlItemName><FormatString /><NullValueString /></QuickFormPropertyDataBindingDefinition></DataBindings><ControlLabelPlacement>left</ControlLabelPlacement><CaptionAlignment>left</CaptionAlignment><StyleScheme /><Lines>4</Lines><OnChangeAction><ResourceKey>txtResolution</ResourceKey><RootActionName>NoActionAction</RootActionName><Action /><IsDialogCloseAction>False</IsDialogCloseAction><RunOnEveryRePaint>False</RunOnEveryRePaint><DialogActionResult>NoResult</DialogActionResult><PerformsUpdate>False</PerformsUpdate><AppliedSecurity /><RefreshData>False</RefreshData></OnChangeAction></QFTextBox></Property>
        </Properties>
      </ControlDefinition>
    </QuickFormElement>
    <QuickFormElement>
      <Properties>
        <Property name="EntityMappingType" type="System.String">None</Property>
      </Properties>
      <ControlDefinition>
        <Properties>
          <Property name="Control" type="Sage.Platform.QuickForms.QFControls.QFHorizontalSeparator, Sage.Platform.QuickForms.QFControls"><QFHorizontalSeparator xmlns:xsi="http://www.w3.org/2001/XMLSchema-instance" xmlns:xsd="http://www.w3.org/2001/XMLSchema"><ColumnSpan>6</ColumnSpan><Column>0</Column><Row>10</Row><IsReadOnly>false</IsReadOnly><HotKey>48</HotKey><TabIndex>0</TabIndex><ControlId>hzsComments</ControlId><DataBindings /><ControlLabelPlacement>none</ControlLabelPlacement><CaptionAlignment>left</CaptionAlignment><StyleScheme /><DisplayAsTitleBar>true</DisplayAsTitleBar></QFHorizontalSeparator></Property>
        </Properties>
      </ControlDefinition>
    </QuickFormElement>
    <QuickFormElement>
      <Properties>
        <Property name="EntityMappingType" type="System.String">None</Property>
      </Properties>
      <ControlDefinition>
        <Properties>
          <Property name="Control" type="Sage.Platform.QuickForms.QFControls.QFControlsList, Sage.Platform.QuickForms.QFControls"><QFControlsList xmlns:xsi="http://www.w3.org/2001/XMLSchema-instance" xmlns:xsd="http://www.w3.org/2001/XMLSchema"><ColumnSpan>3</ColumnSpan><Column>0</Column><Row>11</Row><IsReadOnly>false</IsReadOnly><HotKey>0</HotKey><TabIndex>0</TabIndex><ControlId>ctrlInternal</ControlId><DataBindings /><ControlLabelPlacement>left</ControlLabelPlacement><CaptionAlignment>left</CaptionAlignment><StyleScheme /><Caption /><Controls><ControlsCollection><Control TypeName="Sage.Platform.QuickForms.Controls.QFTextBox, Sage.Platform.QuickForms"><QFTextBox><ColumnSpan>3</ColumnSpan><Column>0</Column><Row>0</Row><IsReadOnly>false</IsReadOnly><HotKey>0</HotKey><TabIndex>0</TabIndex><ControlId>txtNotes</ControlId><DataBindings><QuickFormPropertyDataBindingDefinition><DataSourceID>MainEntity</DataSourceID><DataItemName>Notes</DataItemName><ControlItemName>Text</ControlItemName><FormatString /><NullValueString /></QuickFormPropertyDataBindingDefinition></DataBindings><ControlLabelPlacement>left</ControlLabelPlacement><CaptionAlignment>left</CaptionAlignment><StyleScheme /><Lines>4</Lines><OnChangeAction><ResourceKey>txtNotes</ResourceKey><RootActionName>NoActionAction</RootActionName><Action /><IsDialogCloseAction>False</IsDialogCloseAction><RunOnEveryRePaint>False</RunOnEveryRePaint><DialogActionResult>NoResult</DialogActionResult><PerformsUpdate>False</PerformsUpdate><AppliedSecurity /><RefreshData>False</RefreshData></OnChangeAction></QFTextBox></Control><Control TypeName="Sage.Platform.QuickForms.Controls.QFButton, Sage.Platform.QuickForms"><QFButton><ColumnSpan>3</ColumnSpan><Column>0</Column><Row>0</Row><IsReadOnly>false</IsReadOnly><HotKey>0</HotKey><TabIndex>0</TabIndex><ControlId>cmdIntDateStamp</ControlId><DataBindings /><ControlLabelPlacement>none</ControlLabelPlacement><CaptionAlignment>left</CaptionAlignment><StyleScheme /><ButtonType>Icon</ButtonType><Image>[Localization!Global_Images:User_Date_Stamp_16x16]</Image><OnClientClick /><OnClickAction><ResourceKey>cmdIntDateStamp</ResourceKey><RootActionName>BusinessRuleAction</RootActionName><Action><BusinessRule>AddTicketInternalTimeStamp</BusinessRule><Object>Ticket</Object><Parameters /><PassResultsToNextAction>False</PassResultsToNextAction><OnCompleteActionName>NoActionAction</OnCompleteActionName><OnComplete /></Action><IsDialogCloseAction>False</IsDialogCloseAction><RunOnEveryRePaint>False</RunOnEveryRePaint><DialogActionResult>NoResult</DialogActionResult><PerformsUpdate>False</PerformsUpdate><AppliedSecurity /><RefreshData>False</RefreshData></OnClickAction></QFButton></Control></ControlsCollection></Controls></QFControlsList></Property>
        </Properties>
      </ControlDefinition>
    </QuickFormElement>
    <QuickFormElement>
      <Properties>
        <Property name="EntityMappingType" type="System.String">Property</Property>
        <Property name="EntityTypeName" type="System.String">ITicket</Property>
        <Property name="EntityNamespace" type="System.String"></Property>
        <Property name="EntityAssemblyName" type="System.String"></Property>
        <Property name="DefaultNamespace" type="System.String">Sage.Entity.Interfaces</Property>
        <Property name="AssemblyName" type="System.String">Sage.Entity.Interfaces</Property>
        <Property name="EntityReferenceName" type="System.String"></Property>
        <Property name="ValueMember" type="System.String">ViaCode</Property>
      </Properties>
      <ControlDefinition>
        <Properties>
          <Property name="Control" type="Sage.SalesLogix.QuickForms.QFControls.QFSLXPickList, Sage.SalesLogix.QuickForms.QFControls"><QFSLXPickList xmlns:xsi="http://www.w3.org/2001/XMLSchema-instance" xmlns:xsd="http://www.w3.org/2001/XMLSchema"><Column>1</Column><Row>0</Row><IsReadOnly>false</IsReadOnly><HotKey>0</HotKey><TabIndex>0</TabIndex><ControlId>pklViaCode</ControlId><DataBindings><QuickFormPropertyDataBindingDefinition><DataSourceID>MainEntity</DataSourceID><DataItemName>ViaCode</DataItemName><ControlItemName>PickListValue</ControlItemName><FormatString /><NullValueString>null</NullValueString></QuickFormPropertyDataBindingDefinition></DataBindings><ControlLabelPlacement>left</ControlLabelPlacement><CaptionAlignment>left</CaptionAlignment><StyleScheme /><OnChangeAction><ResourceKey>pklViaCode</ResourceKey><RootActionName>NoActionAction</RootActionName><Action /><IsDialogCloseAction>False</IsDialogCloseAction><RunOnEveryRePaint>False</RunOnEveryRePaint><DialogActionResult>NoResult</DialogActionResult><PerformsUpdate>False</PerformsUpdate><AppliedSecurity /><RefreshData>False</RefreshData></OnChangeAction><Required>false</Required><AutoPostBack>false</AutoPostBack><PickListName>Source</PickListName><StorageMode>ID</StorageMode><NameFormatString /><AllowMultiples>false</AllowMultiples><AlphaSort>true</AlphaSort><MustExistInList>true</MustExistInList><NoneEditable>true</NoneEditable><PickListId>kSYST0000368</PickListId><ValueStoredAsText>false</ValueStoredAsText></QFSLXPickList></Property>
        </Properties>
      </ControlDefinition>
    </QuickFormElement>
    <QuickFormElement>
      <Properties>
        <Property name="EntityMappingType" type="System.String">Property</Property>
        <Property name="EntityTypeName" type="System.String">ITicket</Property>
        <Property name="EntityNamespace" type="System.String"></Property>
        <Property name="EntityAssemblyName" type="System.String"></Property>
        <Property name="DefaultNamespace" type="System.String">Sage.Entity.Interfaces</Property>
        <Property name="AssemblyName" type="System.String">Sage.Entity.Interfaces</Property>
        <Property name="EntityReferenceName" type="System.String"></Property>
        <Property name="ValueMember" type="System.String">StatusCode</Property>
      </Properties>
      <ControlDefinition>
        <Properties>
          <Property name="Control" type="Sage.SalesLogix.QuickForms.QFControls.QFSLXPickList, Sage.SalesLogix.QuickForms.QFControls"><QFSLXPickList xmlns:xsi="http://www.w3.org/2001/XMLSchema-instance" xmlns:xsd="http://www.w3.org/2001/XMLSchema"><Column>1</Column><Row>1</Row><IsReadOnly>false</IsReadOnly><HotKey>0</HotKey><TabIndex>0</TabIndex><ControlId>pklStatusCode</ControlId><DataBindings><QuickFormPropertyDataBindingDefinition><DataSourceID>MainEntity</DataSourceID><DataItemName>StatusCode</DataItemName><ControlItemName>PickListValue</ControlItemName><FormatString /><NullValueString>null</NullValueString></QuickFormPropertyDataBindingDefinition></DataBindings><ControlLabelPlacement>left</ControlLabelPlacement><CaptionAlignment>left</CaptionAlignment><StyleScheme /><OnChangeAction><ResourceKey>pklStatusCode</ResourceKey><RootActionName>NoActionAction</RootActionName><Action /><IsDialogCloseAction>False</IsDialogCloseAction><RunOnEveryRePaint>False</RunOnEveryRePaint><DialogActionResult>NoResult</DialogActionResult><PerformsUpdate>False</PerformsUpdate><AppliedSecurity /><RefreshData>False</RefreshData></OnChangeAction><Required>false</Required><AutoPostBack>true</AutoPostBack><PickListName>Ticket Status</PickListName><StorageMode>ID</StorageMode><NameFormatString /><AllowMultiples>false</AllowMultiples><AlphaSort>true</AlphaSort><MustExistInList>true</MustExistInList><NoneEditable>false</NoneEditable><PickListId>kSYST0000375</PickListId><ValueStoredAsText>false</ValueStoredAsText></QFSLXPickList></Property>
        </Properties>
      </ControlDefinition>
    </QuickFormElement>
    <QuickFormElement>
      <Properties>
        <Property name="EntityMappingType" type="System.String">Property</Property>
        <Property name="EntityTypeName" type="System.String">ITicket</Property>
        <Property name="EntityNamespace" type="System.String"></Property>
        <Property name="EntityAssemblyName" type="System.String"></Property>
        <Property name="DefaultNamespace" type="System.String">Sage.Entity.Interfaces</Property>
        <Property name="AssemblyName" type="System.String">Sage.Entity.Interfaces</Property>
        <Property name="EntityReferenceName" type="System.String"></Property>
        <Property name="ValueMember" type="System.String">Urgency</Property>
      </Properties>
      <ControlDefinition>
        <Properties>
          <Property name="Control" type="Sage.SalesLogix.QuickForms.QFControls.QFSLXLookup, Sage.SalesLogix.QuickForms.QFControls"><QFSLXLookup xmlns:xsi="http://www.w3.org/2001/XMLSchema-instance" xmlns:xsd="http://www.w3.org/2001/XMLSchema"><Column>1</Column><Row>2</Row><IsReadOnly>false</IsReadOnly><HotKey>0</HotKey><TabIndex>0</TabIndex><ControlId>lueUrgency</ControlId><DataBindings><QuickFormPropertyDataBindingDefinition><DataSourceID>MainEntity</DataSourceID><DataItemName>Urgency</DataItemName><ControlItemName>LookupResultValue</ControlItemName><FormatString /><NullValueString>null</NullValueString></QuickFormPropertyDataBindingDefinition></DataBindings><ControlLabelPlacement>left</ControlLabelPlacement><CaptionAlignment>left</CaptionAlignment><StyleScheme /><OnChangeAction><ResourceKey>lueUrgency</ResourceKey><RootActionName>NoActionAction</RootActionName><Action /><IsDialogCloseAction>False</IsDialogCloseAction><RunOnEveryRePaint>False</RunOnEveryRePaint><DialogActionResult>NoResult</DialogActionResult><PerformsUpdate>False</PerformsUpdate><AppliedSecurity /><RefreshData>False</RefreshData></OnChangeAction><LookupImage /><LookupDialogWidth xsi:nil="true" /><LookupDialogHeight xsi:nil="true" /><LookupDisplayMode>DropDownList</LookupDisplayMode><LookupBindingMode>Object</LookupBindingMode><LookupResultValue xsi:type="xsd:string" /><SeedProperty /><SeedValue /><Required>false</Required><DropDownDisplayProperty /><AddEmptyListItem>false</AddEmptyListItem><AllowClearingResult>false</AllowClearingResult><OverrideSeedOnSearch>false</OverrideSeedOnSearch><LookupEntityName>Urgency</LookupEntityName><LookupEntityTypeName>Sage.SalesLogix.Entities.Urgency, Sage.SalesLogix.Entities</LookupEntityTypeName><AutoPostBack>true</AutoPostBack><EnableHyperLinking>false</EnableHyperLinking><InitializeLookup>false</InitializeLookup><LookupProperties><LookupProperty><PropertyName>Description</PropertyName><PropertyType /><PropertyHeader /><PropertyFormat>None</PropertyFormat><PropertyFormatString /><UseAsResult>true</UseAsResult><ExcludeFromFilters>false</ExcludeFromFilters><HideCondition /></LookupProperty></LookupProperties><LookupPreFilters /></QFSLXLookup></Property>
        </Properties>
      </ControlDefinition>
    </QuickFormElement>
    <QuickFormElement>
      <Properties>
        <Property name="EntityMappingType" type="System.String">Property</Property>
        <Property name="EntityTypeName" type="System.String">ITicket</Property>
        <Property name="EntityNamespace" type="System.String"></Property>
        <Property name="EntityAssemblyName" type="System.String"></Property>
        <Property name="DefaultNamespace" type="System.String">Sage.Entity.Interfaces</Property>
        <Property name="AssemblyName" type="System.String">Sage.Entity.Interfaces</Property>
        <Property name="EntityReferenceName" type="System.String"></Property>
        <Property name="ValueMember" type="System.String">NeededByDate</Property>
      </Properties>
      <ControlDefinition>
        <Properties>
          <Property name="Control" type="Sage.SalesLogix.QuickForms.QFControls.QFDateTimePicker, Sage.SalesLogix.QuickForms.QFControls"><QFDateTimePicker xmlns:xsi="http://www.w3.org/2001/XMLSchema-instance" xmlns:xsd="http://www.w3.org/2001/XMLSchema"><Column>1</Column><Row>3</Row><IsReadOnly>false</IsReadOnly><HotKey>0</HotKey><TabIndex>0</TabIndex><ControlId>dtpNeededByDate</ControlId><DataBindings><QuickFormPropertyDataBindingDefinition><DataSourceID>MainEntity</DataSourceID><DataItemName>NeededByDate</DataItemName><ControlItemName>DateTimeValue</ControlItemName><FormatString /><NullValueString>null</NullValueString></QuickFormPropertyDataBindingDefinition></DataBindings><ControlLabelPlacement>left</ControlLabelPlacement><CaptionAlignment>left</CaptionAlignment><StyleScheme /><OnChangeAction><ResourceKey>dtpNeededByDate</ResourceKey><RootActionName>NoActionAction</RootActionName><Action /><IsDialogCloseAction>False</IsDialogCloseAction><RunOnEveryRePaint>False</RunOnEveryRePaint><DialogActionResult>NoResult</DialogActionResult><PerformsUpdate>False</PerformsUpdate><AppliedSecurity /><RefreshData>False</RefreshData></OnChangeAction><DateTimeValue xsi:nil="true" /><SelectedDateTime>0001-01-01T00:00:00</SelectedDateTime><DateOnly>false</DateOnly><DisplayTime>true</DisplayTime><BoundFieldType>DateTime</BoundFieldType><AutoPostBack>false</AutoPostBack><Timeless>false</Timeless></QFDateTimePicker></Property>
        </Properties>
      </ControlDefinition>
    </QuickFormElement>
    <QuickFormElement>
      <Properties>
        <Property name="EntityMappingType" type="System.String">Property</Property>
        <Property name="EntityTypeName" type="System.String">ITicket</Property>
        <Property name="EntityNamespace" type="System.String"></Property>
        <Property name="EntityAssemblyName" type="System.String"></Property>
        <Property name="DefaultNamespace" type="System.String">Sage.Entity.Interfaces</Property>
        <Property name="AssemblyName" type="System.String">Sage.Entity.Interfaces</Property>
        <Property name="EntityReferenceName" type="System.String"></Property>
        <Property name="ValueMember" type="System.String">AssignedDate</Property>
      </Properties>
      <ControlDefinition>
        <Properties>
          <Property name="Control" type="Sage.SalesLogix.QuickForms.QFControls.QFDateTimePicker, Sage.SalesLogix.QuickForms.QFControls"><QFDateTimePicker xmlns:xsi="http://www.w3.org/2001/XMLSchema-instance" xmlns:xsd="http://www.w3.org/2001/XMLSchema"><Column>1</Column><Row>4</Row><IsReadOnly>false</IsReadOnly><HotKey>0</HotKey><TabIndex>0</TabIndex><ControlId>dtpAssignedDate</ControlId><DataBindings><QuickFormPropertyDataBindingDefinition><DataSourceID>MainEntity</DataSourceID><DataItemName>AssignedDate</DataItemName><ControlItemName>DateTimeValue</ControlItemName><FormatString /><NullValueString>null</NullValueString></QuickFormPropertyDataBindingDefinition></DataBindings><ControlLabelPlacement>left</ControlLabelPlacement><CaptionAlignment>left</CaptionAlignment><StyleScheme /><OnChangeAction><ResourceKey>dtpAssignedDate</ResourceKey><RootActionName>NoActionAction</RootActionName><Action /><IsDialogCloseAction>False</IsDialogCloseAction><RunOnEveryRePaint>False</RunOnEveryRePaint><DialogActionResult>NoResult</DialogActionResult><PerformsUpdate>False</PerformsUpdate><AppliedSecurity /><RefreshData>False</RefreshData></OnChangeAction><DateTimeValue xsi:nil="true" /><SelectedDateTime>0001-01-01T00:00:00</SelectedDateTime><DateOnly>false</DateOnly><DisplayTime>true</DisplayTime><BoundFieldType>DateTime</BoundFieldType><AutoPostBack>false</AutoPostBack><Timeless>false</Timeless></QFDateTimePicker></Property>
        </Properties>
      </ControlDefinition>
    </QuickFormElement>
    <QuickFormElement>
      <Properties>
        <Property name="EntityMappingType" type="System.String">Property</Property>
        <Property name="EntityTypeName" type="System.String">ITicket</Property>
        <Property name="EntityNamespace" type="System.String"></Property>
        <Property name="EntityAssemblyName" type="System.String"></Property>
        <Property name="DefaultNamespace" type="System.String">Sage.Entity.Interfaces</Property>
        <Property name="AssemblyName" type="System.String">Sage.Entity.Interfaces</Property>
        <Property name="EntityReferenceName" type="System.String"></Property>
        <Property name="ValueMember" type="System.String">AssignedTo</Property>
      </Properties>
      <ControlDefinition>
        <Properties>
          <Property name="Control" type="Sage.SalesLogix.QuickForms.QFControls.QFSLXOwner, Sage.SalesLogix.QuickForms.QFControls"><QFSLXOwner xmlns:xsi="http://www.w3.org/2001/XMLSchema-instance" xmlns:xsd="http://www.w3.org/2001/XMLSchema"><Column>1</Column><Row>5</Row><IsReadOnly>false</IsReadOnly><HotKey>0</HotKey><TabIndex>0</TabIndex><ControlId>ownOwner</ControlId><DataBindings><QuickFormPropertyDataBindingDefinition><DataSourceID>MainEntity</DataSourceID><DataItemName>AssignedTo</DataItemName><ControlItemName>LookupResultValue</ControlItemName><FormatString /><NullValueString>null</NullValueString></QuickFormPropertyDataBindingDefinition></DataBindings><ControlLabelPlacement>left</ControlLabelPlacement><CaptionAlignment>left</CaptionAlignment><StyleScheme /><OnChangeAction><ResourceKey>ownOwner</ResourceKey><RootActionName>BusinessRuleAction</RootActionName><Action><BusinessRule>ValidateAssignToUser</BusinessRule><Object>Ticket</Object><Parameters /><PassResultsToNextAction>True</PassResultsToNextAction><OnCompleteActionName>MessageAction</OnCompleteActionName><OnComplete><ResourceKey>1223001d-078d-4c9a-a61d-244831f43085</ResourceKey></OnComplete></Action><IsDialogCloseAction>False</IsDialogCloseAction><RunOnEveryRePaint>False</RunOnEveryRePaint><DialogActionResult>NoResult</DialogActionResult><PerformsUpdate>False</PerformsUpdate><AppliedSecurity /><RefreshData>False</RefreshData></OnChangeAction><LookupResultValue xsi:type="xsd:string" /><AutoPostBack>true</AutoPostBack><Required>false</Required><MultiSelect>false</MultiSelect></QFSLXOwner></Property>
        </Properties>
      </ControlDefinition>
    </QuickFormElement>
    <QuickFormElement>
      <Properties>
        <Property name="EntityMappingType" type="System.String">Property</Property>
        <Property name="EntityTypeName" type="System.String">ITicket</Property>
        <Property name="EntityNamespace" type="System.String"></Property>
        <Property name="EntityAssemblyName" type="System.String"></Property>
        <Property name="DefaultNamespace" type="System.String">Sage.Entity.Interfaces</Property>
        <Property name="AssemblyName" type="System.String">Sage.Entity.Interfaces</Property>
        <Property name="EntityReferenceName" type="System.String"></Property>
        <Property name="ValueMember" type="System.String">ClosedOnFirst</Property>
      </Properties>
      <ControlDefinition>
        <Properties>
          <Property name="Control" type="Sage.Platform.QuickForms.QFControls.QFCheckBox, Sage.Platform.QuickForms.QFControls"><QFCheckBox xmlns:xsi="http://www.w3.org/2001/XMLSchema-instance" xmlns:xsd="http://www.w3.org/2001/XMLSchema"><ColumnSpan>4</ColumnSpan><Column>2</Column><Row>0</Row><IsReadOnly>false</IsReadOnly><HotKey>0</HotKey><TabIndex>0</TabIndex><ControlId>chkClosedOnFirst</ControlId><DataBindings><QuickFormPropertyDataBindingDefinition><DataSourceID>MainEntity</DataSourceID><DataItemName>ClosedOnFirst</DataItemName><ControlItemName>Checked</ControlItemName><FormatString /><NullValueString>null</NullValueString></QuickFormPropertyDataBindingDefinition></DataBindings><ControlLabelPlacement>right</ControlLabelPlacement><CaptionAlignment>left</CaptionAlignment><StyleScheme /><Checked>false</Checked><OnChangeAction><ResourceKey>chkClosedOnFirst</ResourceKey><RootActionName>NoActionAction</RootActionName><Action /><IsDialogCloseAction>False</IsDialogCloseAction><RunOnEveryRePaint>False</RunOnEveryRePaint><DialogActionResult>NoResult</DialogActionResult><PerformsUpdate>False</PerformsUpdate><AppliedSecurity /><RefreshData>False</RefreshData></OnChangeAction></QFCheckBox></Property>
        </Properties>
      </ControlDefinition>
    </QuickFormElement>
    <QuickFormElement>
      <Properties>
        <Property name="EntityMappingType" type="System.String">Property</Property>
        <Property name="EntityTypeName" type="System.String">ITicket</Property>
        <Property name="EntityNamespace" type="System.String"></Property>
        <Property name="EntityAssemblyName" type="System.String"></Property>
        <Property name="DefaultNamespace" type="System.String">Sage.Entity.Interfaces</Property>
        <Property name="AssemblyName" type="System.String">Sage.Entity.Interfaces</Property>
        <Property name="EntityReferenceName" type="System.String"></Property>
        <Property name="ValueMember" type="System.String">SubmitSearch</Property>
      </Properties>
      <ControlDefinition>
        <Properties>
          <Property name="Control" type="Sage.Platform.QuickForms.QFControls.QFCheckBox, Sage.Platform.QuickForms.QFControls"><QFCheckBox xmlns:xsi="http://www.w3.org/2001/XMLSchema-instance" xmlns:xsd="http://www.w3.org/2001/XMLSchema"><ColumnSpan>4</ColumnSpan><Column>2</Column><Row>1</Row><IsReadOnly>false</IsReadOnly><HotKey>0</HotKey><TabIndex>0</TabIndex><ControlId>chkSubmitSearch</ControlId><DataBindings><QuickFormPropertyDataBindingDefinition><DataSourceID>MainEntity</DataSourceID><DataItemName>SubmitSearch</DataItemName><ControlItemName>Checked</ControlItemName><FormatString /><NullValueString>null</NullValueString></QuickFormPropertyDataBindingDefinition></DataBindings><ControlLabelPlacement>right</ControlLabelPlacement><CaptionAlignment>left</CaptionAlignment><StyleScheme /><Checked>false</Checked><OnChangeAction><ResourceKey>chkSubmitSearch</ResourceKey><RootActionName>NoActionAction</RootActionName><Action /><IsDialogCloseAction>False</IsDialogCloseAction><RunOnEveryRePaint>False</RunOnEveryRePaint><DialogActionResult>NoResult</DialogActionResult><PerformsUpdate>False</PerformsUpdate><AppliedSecurity /><RefreshData>False</RefreshData></OnChangeAction></QFCheckBox></Property>
        </Properties>
      </ControlDefinition>
    </QuickFormElement>
    <QuickFormElement>
      <Properties>
        <Property name="EntityMappingType" type="System.String">Property</Property>
        <Property name="EntityTypeName" type="System.String">ITicket</Property>
        <Property name="EntityNamespace" type="System.String"></Property>
        <Property name="EntityAssemblyName" type="System.String"></Property>
        <Property name="DefaultNamespace" type="System.String">Sage.Entity.Interfaces</Property>
        <Property name="AssemblyName" type="System.String">Sage.Entity.Interfaces</Property>
        <Property name="EntityReferenceName" type="System.String"></Property>
        <Property name="ValueMember" type="System.String">AddKnowledge</Property>
      </Properties>
      <ControlDefinition>
        <Properties>
          <Property name="Control" type="Sage.Platform.QuickForms.QFControls.QFCheckBox, Sage.Platform.QuickForms.QFControls"><QFCheckBox xmlns:xsi="http://www.w3.org/2001/XMLSchema-instance" xmlns:xsd="http://www.w3.org/2001/XMLSchema"><ColumnSpan>4</ColumnSpan><Column>2</Column><Row>2</Row><IsReadOnly>false</IsReadOnly><HotKey>0</HotKey><TabIndex>0</TabIndex><ControlId>chkAddKnowledge</ControlId><DataBindings><QuickFormPropertyDataBindingDefinition><DataSourceID>MainEntity</DataSourceID><DataItemName>AddKnowledge</DataItemName><ControlItemName>Checked</ControlItemName><FormatString /><NullValueString>null</NullValueString></QuickFormPropertyDataBindingDefinition></DataBindings><ControlLabelPlacement>right</ControlLabelPlacement><CaptionAlignment>left</CaptionAlignment><StyleScheme /><Checked>false</Checked><OnChangeAction><ResourceKey>chkAddKnowledge</ResourceKey><RootActionName>NoActionAction</RootActionName><Action /><IsDialogCloseAction>False</IsDialogCloseAction><RunOnEveryRePaint>False</RunOnEveryRePaint><DialogActionResult>NoResult</DialogActionResult><PerformsUpdate>False</PerformsUpdate><AppliedSecurity /><RefreshData>False</RefreshData></OnChangeAction></QFCheckBox></Property>
        </Properties>
      </ControlDefinition>
    </QuickFormElement>
    <QuickFormElement>
      <Properties>
        <Property name="EntityMappingType" type="System.String">Property</Property>
        <Property name="EntityTypeName" type="System.String">ITicket</Property>
        <Property name="EntityNamespace" type="System.String"></Property>
        <Property name="EntityAssemblyName" type="System.String"></Property>
        <Property name="DefaultNamespace" type="System.String">Sage.Entity.Interfaces</Property>
        <Property name="AssemblyName" type="System.String">Sage.Entity.Interfaces</Property>
        <Property name="EntityReferenceName" type="System.String"></Property>
        <Property name="ValueMember" type="System.String">PublicAccessCode</Property>
      </Properties>
      <ControlDefinition>
        <Properties>
          <Property name="Control" type="Sage.SalesLogix.QuickForms.QFControls.QFSLXPickList, Sage.SalesLogix.QuickForms.QFControls"><QFSLXPickList xmlns:xsi="http://www.w3.org/2001/XMLSchema-instance" xmlns:xsd="http://www.w3.org/2001/XMLSchema"><ColumnSpan>4</ColumnSpan><Column>2</Column><Row>3</Row><IsReadOnly>false</IsReadOnly><HotKey>0</HotKey><TabIndex>0</TabIndex><ControlId>pklPublicAccessCode</ControlId><DataBindings><QuickFormPropertyDataBindingDefinition><DataSourceID>MainEntity</DataSourceID><DataItemName>PublicAccessCode</DataItemName><ControlItemName>PickListValue</ControlItemName><FormatString /><NullValueString>null</NullValueString></QuickFormPropertyDataBindingDefinition></DataBindings><ControlLabelPlacement>left</ControlLabelPlacement><CaptionAlignment>left</CaptionAlignment><StyleScheme /><OnChangeAction><ResourceKey>pklPublicAccessCode</ResourceKey><RootActionName>NoActionAction</RootActionName><Action /><IsDialogCloseAction>False</IsDialogCloseAction><RunOnEveryRePaint>False</RunOnEveryRePaint><DialogActionResult>NoResult</DialogActionResult><PerformsUpdate>False</PerformsUpdate><AppliedSecurity /><RefreshData>False</RefreshData></OnChangeAction><Required>false</Required><AutoPostBack>false</AutoPostBack><PickListName>Ticket Activity Public Access</PickListName><StorageMode>ID</StorageMode><NameFormatString /><AllowMultiples>false</AllowMultiples><AlphaSort>true</AlphaSort><MustExistInList>true</MustExistInList><NoneEditable>true</NoneEditable><PickListId>kSYST0000373</PickListId><ValueStoredAsText>false</ValueStoredAsText></QFSLXPickList></Property>
        </Properties>
      </ControlDefinition>
    </QuickFormElement>
    <QuickFormElement>
      <Properties>
        <Property name="EntityMappingType" type="System.String">None</Property>
      </Properties>
      <ControlDefinition>
        <Properties>
          <Property name="Control" type="Sage.Platform.QuickForms.Controls.QFButton, Sage.Platform.QuickForms"><QFButton xmlns:xsi="http://www.w3.org/2001/XMLSchema-instance" xmlns:xsd="http://www.w3.org/2001/XMLSchema"><ColumnSpan>4</ColumnSpan><Column>2</Column><Row>4</Row><IsReadOnly>false</IsReadOnly><HotKey>0</HotKey><TabIndex>0</TabIndex><ControlId>cmdPunchInOut</ControlId><DataBindings /><ControlLabelPlacement>none</ControlLabelPlacement><CaptionAlignment>left</CaptionAlignment><StyleScheme>slxbutton</StyleScheme><ButtonType>StandardButton</ButtonType><Image /><OnClientClick /><OnClickAction><ResourceKey>cmdPunchInOut</ResourceKey><RootActionName>ValidationAction</RootActionName><Action><ValidationMethod>DoesTicketHaveAccount</ValidationMethod><OnFailActionName>MessageAction</OnFailActionName><OnFail><ResourceKey>7dd7721e-03d5-4af0-93cd-b8075c391afd</ResourceKey></OnFail><OnSuccessActionName>BusinessRuleAction</OnSuccessActionName><OnSuccess><BusinessRule>Save</BusinessRule><Object>Ticket</Object><Parameters /><PassResultsToNextAction>False</PassResultsToNextAction><OnCompleteActionName>BusinessRuleAction</OnCompleteActionName><OnComplete><BusinessRule>PunchInOut</BusinessRule><Object>Ticket</Object><Parameters /><PassResultsToNextAction>False</PassResultsToNextAction><OnCompleteActionName>RedirectAction</OnCompleteActionName><OnComplete><MainViewEntityName>Ticket</MainViewEntityName><RawURL /><EntityViewMode>Detail</EntityViewMode><UseCurrentIdInLink>True</UseCurrentIdInLink></OnComplete></OnComplete></OnSuccess></Action><IsDialogCloseAction>False</IsDialogCloseAction><RunOnEveryRePaint>False</RunOnEveryRePaint><DialogActionResult>NoResult</DialogActionResult><PerformsUpdate>True</PerformsUpdate><AppliedSecurity /><RefreshData>False</RefreshData></OnClickAction></QFButton></Property>
        </Properties>
      </ControlDefinition>
    </QuickFormElement>
    <QuickFormElement>
      <Properties>
        <Property name="EntityMappingType" type="System.String">None</Property>
      </Properties>
      <ControlDefinition>
        <Properties>
          <Property name="Control" type="Sage.Platform.QuickForms.Controls.QFButton, Sage.Platform.QuickForms"><QFButton xmlns:xsi="http://www.w3.org/2001/XMLSchema-instance" xmlns:xsd="http://www.w3.org/2001/XMLSchema"><Column>2</Column><Row>8</Row><IsReadOnly>false</IsReadOnly><HotKey>0</HotKey><TabIndex>0</TabIndex><ControlId>cmdDescDateStamp</ControlId><DataBindings /><ControlLabelPlacement>none</ControlLabelPlacement><CaptionAlignment>left</CaptionAlignment><StyleScheme /><ButtonType>Icon</ButtonType><Image>[Localization!Global_Images:User_Date_Stamp_16x16]</Image><OnClientClick /><OnClickAction><ResourceKey>cmdDescDateStamp</ResourceKey><RootActionName>BusinessRuleAction</RootActionName><Action><BusinessRule>AddTicketProblemTimeStamp</BusinessRule><Object>Ticket</Object><Parameters /><PassResultsToNextAction>False</PassResultsToNextAction><OnCompleteActionName>NoActionAction</OnCompleteActionName><OnComplete /></Action><IsDialogCloseAction>False</IsDialogCloseAction><RunOnEveryRePaint>False</RunOnEveryRePaint><DialogActionResult>NoResult</DialogActionResult><PerformsUpdate>False</PerformsUpdate><AppliedSecurity /><RefreshData>False</RefreshData></OnClickAction></QFButton></Property>
        </Properties>
      </ControlDefinition>
    </QuickFormElement>
    <QuickFormElement>
      <Properties>
        <Property name="EntityMappingType" type="System.String">None</Property>
      </Properties>
      <ControlDefinition>
        <Properties>
          <Property name="Control" type="Sage.Platform.QuickForms.Controls.QFButton, Sage.Platform.QuickForms"><QFButton xmlns:xsi="http://www.w3.org/2001/XMLSchema-instance" xmlns:xsd="http://www.w3.org/2001/XMLSchema"><Column>2</Column><Row>9</Row><IsReadOnly>false</IsReadOnly><HotKey>0</HotKey><TabIndex>0</TabIndex><ControlId>cmdResDateStamp</ControlId><DataBindings /><ControlLabelPlacement>none</ControlLabelPlacement><CaptionAlignment>left</CaptionAlignment><StyleScheme /><ButtonType>Icon</ButtonType><Image>[Localization!Global_Images:User_Date_Stamp_16x16]</Image><OnClientClick /><OnClickAction><ResourceKey>cmdResDateStamp</ResourceKey><RootActionName>BusinessRuleAction</RootActionName><Action><BusinessRule>AddTicketSolutionTimeStamp</BusinessRule><Object>Ticket</Object><Parameters /><PassResultsToNextAction>False</PassResultsToNextAction><OnCompleteActionName>NoActionAction</OnCompleteActionName><OnComplete /></Action><IsDialogCloseAction>False</IsDialogCloseAction><RunOnEveryRePaint>False</RunOnEveryRePaint><DialogActionResult>NoResult</DialogActionResult><PerformsUpdate>False</PerformsUpdate><AppliedSecurity /><RefreshData>False</RefreshData></OnClickAction></QFButton></Property>
        </Properties>
      </ControlDefinition>
    </QuickFormElement>
    <QuickFormElement>
      <Properties>
        <Property name="EntityMappingType" type="System.String">None</Property>
      </Properties>
      <ControlDefinition>
        <Properties>
          <Property name="Control" type="Sage.Platform.QuickForms.Controls.QFButton, Sage.Platform.QuickForms"><QFButton xmlns:xsi="http://www.w3.org/2001/XMLSchema-instance" xmlns:xsd="http://www.w3.org/2001/XMLSchema"><Column>3</Column><Row>8</Row><IsReadOnly>false</IsReadOnly><HotKey>0</HotKey><TabIndex>0</TabIndex><ControlId>cmdSpeedSearchProblem</ControlId><DataBindings /><ControlLabelPlacement>none</ControlLabelPlacement><CaptionAlignment>left</CaptionAlignment><StyleScheme /><ButtonType>Icon</ButtonType><Image>[Localization!Global_Images:Speed_Search_16x16]</Image><OnClientClick /><OnClickAction><ResourceKey>cmdSpeedSearchProblem</ResourceKey><RootActionName>CSharpSnippetAction</RootActionName><Action><CSharpCodeSnippet><![CDATA[if (DialogService != null)
{
    DialogService.SetSpecs(200, 200, 600, 900, "SpeedSearch", "", true);
    DialogService.DialogParameters.Add("ChildName", "TicketProblem");
    DialogService.DialogParameters.Add("EntityProperty", "Notes");
    DialogService.ShowDialog();
}]]></CSharpCodeSnippet></Action><IsDialogCloseAction>False</IsDialogCloseAction><RunOnEveryRePaint>False</RunOnEveryRePaint><DialogActionResult>NoResult</DialogActionResult><PerformsUpdate>False</PerformsUpdate><AppliedSecurity /><RefreshData>False</RefreshData></OnClickAction></QFButton></Property>
        </Properties>
      </ControlDefinition>
    </QuickFormElement>
    <QuickFormElement>
      <Properties>
        <Property name="EntityMappingType" type="System.String">None</Property>
      </Properties>
      <ControlDefinition>
        <Properties>
          <Property name="Control" type="Sage.Platform.QuickForms.Controls.QFButton, Sage.Platform.QuickForms"><QFButton xmlns:xsi="http://www.w3.org/2001/XMLSchema-instance" xmlns:xsd="http://www.w3.org/2001/XMLSchema"><Column>3</Column><Row>9</Row><IsReadOnly>false</IsReadOnly><HotKey>0</HotKey><TabIndex>0</TabIndex><ControlId>cmdSpeedSearch</ControlId><DataBindings /><ControlLabelPlacement>none</ControlLabelPlacement><CaptionAlignment>left</CaptionAlignment><StyleScheme /><ButtonType>Icon</ButtonType><Image>[Localization!Global_Images:Speed_Search_16x16]</Image><OnClientClick /><OnClickAction><ResourceKey>cmdSpeedSearch</ResourceKey><RootActionName>CSharpSnippetAction</RootActionName><Action><CSharpCodeSnippet><![CDATA[if (DialogService != null)
{
    DialogService.SetSpecs(200, 200, 600, 900, "SpeedSearch", "", true);
    DialogService.DialogParameters.Add("ChildName", "TicketSolution");
    DialogService.DialogParameters.Add("EntityProperty", "Notes");
    DialogService.ShowDialog();
}]]></CSharpCodeSnippet></Action><IsDialogCloseAction>False</IsDialogCloseAction><RunOnEveryRePaint>False</RunOnEveryRePaint><DialogActionResult>NoResult</DialogActionResult><PerformsUpdate>False</PerformsUpdate><AppliedSecurity /><RefreshData>False</RefreshData></OnClickAction></QFButton></Property>
        </Properties>
      </ControlDefinition>
    </QuickFormElement>
    <QuickFormElement>
      <Properties>
        <Property name="EntityMappingType" type="System.String">None</Property>
      </Properties>
      <ControlDefinition>
        <Properties>
          <Property name="Control" type="Sage.SalesLogix.QuickForms.QFControls.QFSLXLookup, Sage.SalesLogix.QuickForms.QFControls"><QFSLXLookup xmlns:xsi="http://www.w3.org/2001/XMLSchema-instance" xmlns:xsd="http://www.w3.org/2001/XMLSchema"><Column>4</Column><Row>8</Row><IsReadOnly>false</IsReadOnly><HotKey>0</HotKey><TabIndex>0</TabIndex><ControlId>lueStandardProblem</ControlId><DataBindings /><ControlLabelPlacement>none</ControlLabelPlacement><CaptionAlignment>left</CaptionAlignment><StyleScheme /><OnChangeAction><ResourceKey>lueStandardProblem</ResourceKey><RootActionName>CSharpSnippetAction</RootActionName><Action><CSharpCodeSnippet><![CDATA[    Sage.Entity.Interfaces.ITicketProblemType problem =  this.lueStandardProblem.LookupResultValue as Sage.Entity.Interfaces.ITicketProblemType;
    Sage.Entity.Interfaces.ITicket _entity = BindingSource.Current as Sage.Entity.Interfaces.ITicket;
    if (this.txtDescriptions.Text.Length > 0)
        _entity.TicketProblem.Notes += "\n\n";

    _entity.TicketProblem.Notes += problem.Notes;
	
    System.Collections.Generic.IList<Sage.Entity.Interfaces.ITicketProblemSolutionType> problemSolutions = new System.Collections.Generic.List<Sage.Entity.Interfaces.ITicketProblemSolutionType>(problem.TicketProblemSolutionTypes);
    if (problemSolutions.Count == 1)
    {
        if (this.txtResolution.Text.Length > 0) _entity.TicketSolution.Notes += "\n\n";

        _entity.TicketSolution.Notes += problemSolutions[0].TicketSolutionType.Notes;  
    }	]]></CSharpCodeSnippet></Action><IsDialogCloseAction>False</IsDialogCloseAction><RunOnEveryRePaint>False</RunOnEveryRePaint><DialogActionResult>NoResult</DialogActionResult><PerformsUpdate>False</PerformsUpdate><AppliedSecurity /><RefreshData>False</RefreshData></OnChangeAction><LookupImage>[Localization!Global_Images:Find_16x16]</LookupImage><LookupDialogWidth xsi:nil="true" /><LookupDialogHeight xsi:nil="true" /><LookupDisplayMode>ButtonOnly</LookupDisplayMode><LookupBindingMode>Object</LookupBindingMode><LookupResultValue xsi:type="xsd:string" /><SeedProperty /><SeedValue /><Required>false</Required><DropDownDisplayProperty /><AllowClearingResult>false</AllowClearingResult><OverrideSeedOnSearch>false</OverrideSeedOnSearch><LookupEntityName>TicketProblemType</LookupEntityName><LookupEntityTypeName>Sage.Entity.Interfaces.ITicketProblemType, Sage.Entity.Interfaces, Version=0.0.0.0, Culture=neutral, PublicKeyToken=null</LookupEntityTypeName><AutoPostBack>false</AutoPostBack><EnableHyperLinking>false</EnableHyperLinking><InitializeLookup>false</InitializeLookup><LookupProperties><LookupProperty><PropertyName>Area</PropertyName><PropertyType>System.String</PropertyType><PropertyHeader>Area</PropertyHeader><PropertyFormat>None</PropertyFormat><PropertyFormatString /><UseAsResult>true</UseAsResult><ExcludeFromFilters>false</ExcludeFromFilters><HideCondition /></LookupProperty><LookupProperty><PropertyName>Category</PropertyName><PropertyType>System.String</PropertyType><PropertyHeader>Category</PropertyHeader><PropertyFormat>None</PropertyFormat><PropertyFormatString /><UseAsResult>true</UseAsResult><ExcludeFromFilters>false</ExcludeFromFilters><HideCondition /></LookupProperty><LookupProperty><PropertyName>Description</PropertyName><PropertyType>System.String</PropertyType><PropertyHeader>Description</PropertyHeader><PropertyFormat>None</PropertyFormat><PropertyFormatString /><UseAsResult>true</UseAsResult><ExcludeFromFilters>false</ExcludeFromFilters><HideCondition /></LookupProperty><LookupProperty><PropertyName>Issue</PropertyName><PropertyType>System.String</PropertyType><PropertyHeader>Issue</PropertyHeader><PropertyFormat>None</PropertyFormat><PropertyFormatString /><UseAsResult>true</UseAsResult><ExcludeFromFilters>false</ExcludeFromFilters><HideCondition /></LookupProperty></LookupProperties><LookupPreFilters /></QFSLXLookup></Property>
        </Properties>
      </ControlDefinition>
    </QuickFormElement>
    <QuickFormElement>
      <Properties>
        <Property name="EntityMappingType" type="System.String">None</Property>
      </Properties>
      <ControlDefinition>
        <Properties>
          <Property name="Control" type="Sage.SalesLogix.QuickForms.QFControls.QFSLXLookup, Sage.SalesLogix.QuickForms.QFControls"><QFSLXLookup xmlns:xsi="http://www.w3.org/2001/XMLSchema-instance" xmlns:xsd="http://www.w3.org/2001/XMLSchema"><Column>4</Column><Row>9</Row><IsReadOnly>false</IsReadOnly><HotKey>0</HotKey><TabIndex>0</TabIndex><ControlId>lueStandardResolution</ControlId><DataBindings /><ControlLabelPlacement>none</ControlLabelPlacement><CaptionAlignment>left</CaptionAlignment><StyleScheme /><OnChangeAction><ResourceKey>lueStandardResolution</ResourceKey><RootActionName>CSharpSnippetAction</RootActionName><Action><CSharpCodeSnippet><![CDATA[    Sage.Entity.Interfaces.ITicketSolutionType resolution = this.lueStandardResolution.LookupResultValue as Sage.Entity.Interfaces.ITicketSolutionType;
    Sage.Entity.Interfaces.ITicket _entity = BindingSource.Current as Sage.Entity.Interfaces.ITicket;
    if (this.txtResolution.Text.Length > 0)
        _entity.TicketSolution.Notes += "\n\n";

    _entity.TicketSolution.Notes += resolution.Notes;  ]]></CSharpCodeSnippet></Action><IsDialogCloseAction>False</IsDialogCloseAction><RunOnEveryRePaint>False</RunOnEveryRePaint><DialogActionResult>NoResult</DialogActionResult><PerformsUpdate>False</PerformsUpdate><AppliedSecurity /><RefreshData>False</RefreshData></OnChangeAction><LookupImage>[Localization!Global_Images:Find_16x16]</LookupImage><LookupDialogWidth xsi:nil="true" /><LookupDialogHeight xsi:nil="true" /><LookupDisplayMode>ButtonOnly</LookupDisplayMode><LookupBindingMode>Object</LookupBindingMode><LookupResultValue xsi:type="xsd:string" /><SeedProperty /><SeedValue /><Required>false</Required><DropDownDisplayProperty /><AllowClearingResult>false</AllowClearingResult><OverrideSeedOnSearch>false</OverrideSeedOnSearch><LookupEntityName>TicketSolutionType</LookupEntityName><LookupEntityTypeName>Sage.Entity.Interfaces.ITicketSolutionType, Sage.Entity.Interfaces, Version=0.0.0.0, Culture=neutral, PublicKeyToken=null</LookupEntityTypeName><AutoPostBack>false</AutoPostBack><EnableHyperLinking>false</EnableHyperLinking><InitializeLookup>false</InitializeLookup><LookupProperties><LookupProperty><PropertyName>Description</PropertyName><PropertyType>System.String</PropertyType><PropertyHeader>Description</PropertyHeader><PropertyFormat>None</PropertyFormat><PropertyFormatString /><UseAsResult>true</UseAsResult><ExcludeFromFilters>false</ExcludeFromFilters><HideCondition /></LookupProperty></LookupProperties><LookupPreFilters /></QFSLXLookup></Property>
        </Properties>
      </ControlDefinition>
    </QuickFormElement>
  </QuickFormElements>
  <QuickFormToolElements>
    <QuickFormElement>
      <Properties>
        <Property name="EntityMappingType" type="System.String">None</Property>
      </Properties>
      <ControlDefinition>
        <Properties>
          <Property name="Control" type="Sage.Platform.QuickForms.Controls.QFElementSpacer, Sage.Platform.QuickForms"><QFElementSpacer xmlns:xsi="http://www.w3.org/2001/XMLSchema-instance" xmlns:xsd="http://www.w3.org/2001/XMLSchema"><Column>0</Column><Row>0</Row><IsReadOnly>false</IsReadOnly><HotKey>0</HotKey><TabIndex>0</TabIndex><ControlId /><DataBindings /><ControlLabelPlacement>left</ControlLabelPlacement><CaptionAlignment>left</CaptionAlignment><StyleScheme /></QFElementSpacer></Property>
        </Properties>
      </ControlDefinition>
    </QuickFormElement>
    <QuickFormElement>
      <Properties>
        <Property name="EntityMappingType" type="System.String">None</Property>
      </Properties>
      <ControlDefinition>
        <Properties>
          <Property name="Control" type="Sage.Platform.QuickForms.Controls.QFElementSpacer, Sage.Platform.QuickForms"><QFElementSpacer xmlns:xsi="http://www.w3.org/2001/XMLSchema-instance" xmlns:xsd="http://www.w3.org/2001/XMLSchema"><Column>0</Column><Row>0</Row><IsReadOnly>false</IsReadOnly><HotKey>0</HotKey><TabIndex>0</TabIndex><ControlId /><DataBindings /><ControlLabelPlacement>left</ControlLabelPlacement><CaptionAlignment>left</CaptionAlignment><StyleScheme /></QFElementSpacer></Property>
        </Properties>
      </ControlDefinition>
    </QuickFormElement>
    <QuickFormElement>
      <Properties>
        <Property name="EntityMappingType" type="System.String">None</Property>
      </Properties>
      <ControlDefinition>
        <Properties>
          <Property name="Control" type="Sage.Platform.QuickForms.Controls.QFButton, Sage.Platform.QuickForms"><QFButton xmlns:xsi="http://www.w3.org/2001/XMLSchema-instance" xmlns:xsd="http://www.w3.org/2001/XMLSchema"><Column>0</Column><Row>0</Row><IsReadOnly>false</IsReadOnly><HotKey>0</HotKey><TabIndex>0</TabIndex><ControlId>cmdSave</ControlId><DataBindings /><ControlLabelPlacement>none</ControlLabelPlacement><CaptionAlignment>left</CaptionAlignment><StyleScheme /><ButtonType>Icon</ButtonType><Image>[Localization!Global_Images:Save_16x16]</Image><OnClientClick /><OnClickAction><ResourceKey>cmdSave</ResourceKey><RootActionName>BusinessRuleAction</RootActionName><Action><BusinessRule>Save</BusinessRule><Object>Ticket</Object><Parameters /><PassResultsToNextAction>False</PassResultsToNextAction><OnCompleteActionName>ValidationAction</OnCompleteActionName><OnComplete><ValidationMethod>IsAutoPunchInEnabled</ValidationMethod><OnFailActionName>RedirectAction</OnFailActionName><OnFail><MainViewEntityName>Ticket</MainViewEntityName><RawURL /><EntityViewMode>Detail</EntityViewMode><UseCurrentIdInLink>True</UseCurrentIdInLink></OnFail><OnSuccessActionName>BusinessRuleAction</OnSuccessActionName><OnSuccess><BusinessRule>PunchInOut</BusinessRule><Object>Ticket</Object><Parameters /><PassResultsToNextAction>False</PassResultsToNextAction><OnCompleteActionName>RedirectAction</OnCompleteActionName><OnComplete><MainViewEntityName>Ticket</MainViewEntityName><RawURL /><EntityViewMode>Detail</EntityViewMode><UseCurrentIdInLink>True</UseCurrentIdInLink></OnComplete></OnSuccess></OnComplete></Action><IsDialogCloseAction>False</IsDialogCloseAction><RunOnEveryRePaint>False</RunOnEveryRePaint><DialogActionResult>NoResult</DialogActionResult><PerformsUpdate>True</PerformsUpdate><AppliedSecurity /><RefreshData>False</RefreshData></OnClickAction></QFButton></Property>
        </Properties>
      </ControlDefinition>
    </QuickFormElement>
    <QuickFormElement>
      <Properties>
        <Property name="EntityMappingType" type="System.String">None</Property>
      </Properties>
      <ControlDefinition>
        <Properties>
          <Property name="Control" type="Sage.Platform.QuickForms.Controls.QFButton, Sage.Platform.QuickForms"><QFButton xmlns:xsi="http://www.w3.org/2001/XMLSchema-instance" xmlns:xsd="http://www.w3.org/2001/XMLSchema"><Column>0</Column><Row>0</Row><IsReadOnly>false</IsReadOnly><HotKey>0</HotKey><TabIndex>0</TabIndex><ControlId>cmdEmail</ControlId><DataBindings /><ControlLabelPlacement>none</ControlLabelPlacement><CaptionAlignment>left</CaptionAlignment><StyleScheme /><ButtonType>Icon</ButtonType><Image>[Localization!Global_Images:Send_Write_email_16x16]</Image><OnClientClick /><OnClickAction><ResourceKey>cmdEmail</ResourceKey><RootActionName>DialogAction</RootActionName><Action><SmartPart>SendTicketEmail</SmartPart><Height>325</Height><Width>425</Width><Top>200</Top><Left>200</Left><EntityType>Ticket</EntityType><ResourceKey>5bc2f4ee-c5af-4e80-ac74-6de14669d4e6</ResourceKey><CenterDialog>True</CenterDialog></Action><IsDialogCloseAction>False</IsDialogCloseAction><RunOnEveryRePaint>False</RunOnEveryRePaint><DialogActionResult>NoResult</DialogActionResult><PerformsUpdate>False</PerformsUpdate><AppliedSecurity /><RefreshData>False</RefreshData></OnClickAction></QFButton></Property>
        </Properties>
      </ControlDefinition>
    </QuickFormElement>
    <QuickFormElement>
      <Properties>
        <Property name="EntityMappingType" type="System.String">None</Property>
      </Properties>
      <ControlDefinition>
        <Properties>
          <Property name="Control" type="Sage.Platform.QuickForms.Controls.QFButton, Sage.Platform.QuickForms"><QFButton xmlns:xsi="http://www.w3.org/2001/XMLSchema-instance" xmlns:xsd="http://www.w3.org/2001/XMLSchema"><Column>0</Column><Row>0</Row><IsReadOnly>false</IsReadOnly><HotKey>0</HotKey><TabIndex>0</TabIndex><ControlId>cmdAccountService</ControlId><DataBindings /><ControlLabelPlacement>none</ControlLabelPlacement><CaptionAlignment>left</CaptionAlignment><StyleScheme /><ButtonType>Icon</ButtonType><Image>[Localization!Global_Images:Account_Service_Information_16x16]</Image><OnClientClick /><OnClickAction><ResourceKey>cmdAccountService</ResourceKey><RootActionName>DialogAction</RootActionName><Action><SmartPart>AccountServiceInfo</SmartPart><Height>600</Height><Width>900</Width><Top>200</Top><Left>200</Left><EntityType>Ticket</EntityType><ResourceKey>9563e1eb-24c8-4ae2-b829-1986a1d02cb7</ResourceKey><CenterDialog>True</CenterDialog></Action><IsDialogCloseAction>False</IsDialogCloseAction><RunOnEveryRePaint>False</RunOnEveryRePaint><DialogActionResult>NoResult</DialogActionResult><PerformsUpdate>False</PerformsUpdate><AppliedSecurity /><RefreshData>False</RefreshData></OnClickAction></QFButton></Property>
        </Properties>
      </ControlDefinition>
    </QuickFormElement>
  </QuickFormToolElements>
</QuickFormDefinition>