<?xml version="1.0"?>
<method xmlns:xsi="http://www.w3.org/2001/XMLSchema-instance" xmlns:xsd="http://www.w3.org/2001/XMLSchema" id="a74ef93c-a9f3-487d-a841-35bd5ab1ba1e" lastModifiedUtc="2012-12-10T21:34:39.5865066Z" name="OnBeforeInsert" methodType="CrudEvent" actionType="None" returnMode="None">
  <extendedMetaData />
  <ExtendedPropertiesCollection>
    <extendee type="Sage.Platform.Orm.Entities.OrmEntityMethod" />
  </ExtendedPropertiesCollection>
  <parameter />
  <preExecuteTargets />
  <methodTargets>
    <methodTarget id="b1ba137d-941a-40bf-8354-a9b2151ec34c" lastModifiedUtc="2012-12-10T21:34:39.2774889Z" targetType="Sage.Platform.Orm.DefaultCRUDEventHandler, Sage.Platform" targetMethod="OnBeforeInsert" active="true">
      <ExtendedPropertiesCollection>
        <extendee type="Sage.Platform.Orm.Entities.OrmMethodTarget" />
      </ExtendedPropertiesCollection>
    </methodTarget>
  </methodTargets>
  <postExecuteTargets>
    <methodTarget id="967c2766-7bd0-4670-bb03-861ffc8f92c4" lastModifiedUtc="2013-04-11T03:31:27.4277255Z" targetType="Sage.SalesLogix.IntegrationContract.BusinessRuleExtensions.UserOAuthTokenRules, Sage.SalesLogix.IntegrationContract.BusinessRuleExtensions" targetMethod="CreateOAuthSvcProviderEndPoint" active="true">
      <ExtendedPropertiesCollection>
        <extendee type="Sage.Platform.Orm.Entities.OrmMethodTarget" />
      </ExtendedPropertiesCollection>
    </methodTarget>
  </postExecuteTargets>
  <postFlushTargets />
</method>