<?xml version="1.0"?>
<method xmlns:xsi="http://www.w3.org/2001/XMLSchema-instance" xmlns:xsd="http://www.w3.org/2001/XMLSchema" id="1f771ec1-5473-4a26-a37a-b563762b9341" lastModifiedUtc="2012-12-10T21:34:39.6015074Z" name="OnBeforeUpdate" methodType="CrudEvent" actionType="None" returnMode="None">
  <extendedMetaData />
  <ExtendedPropertiesCollection>
    <extendee type="Sage.Platform.Orm.Entities.OrmEntityMethod" />
  </ExtendedPropertiesCollection>
  <parameter />
  <preExecuteTargets />
  <methodTargets>
    <methodTarget id="b2f450da-6de3-415b-bf6d-5e0424c5dc9b" lastModifiedUtc="2012-12-10T21:34:39.279489Z" targetType="Sage.Platform.Orm.DefaultCRUDEventHandler, Sage.Platform" targetMethod="OnBeforeUpdate" active="true">
      <ExtendedPropertiesCollection>
        <extendee type="Sage.Platform.Orm.Entities.OrmMethodTarget" />
      </ExtendedPropertiesCollection>
    </methodTarget>
  </methodTargets>
  <postExecuteTargets>
    <methodTarget id="eafe1328-bc92-4c53-a5fc-374003d1e199" lastModifiedUtc="2013-05-09T01:40:27.2755518Z" targetType="Sage.SalesLogix.IntegrationContract.BusinessRuleExtensions.UserOAuthTokenRules, Sage.SalesLogix.IntegrationContract.BusinessRuleExtensions" targetMethod="UpdateOAuthUserEndpoint" active="true">
      <ExtendedPropertiesCollection>
        <extendee type="Sage.Platform.Orm.Entities.OrmMethodTarget" />
      </ExtendedPropertiesCollection>
    </methodTarget>
  </postExecuteTargets>
  <postFlushTargets />
</method>