<?xml version="1.0"?>
<PortalPage xmlns:xsi="http://www.w3.org/2001/XMLSchema-instance" xmlns:xsd="http://www.w3.org/2001/XMLSchema" id="ea3f0261-ea25-495c-9256-7b403d427dd2">
  <PageAlias>InsertOAuthProvider</PageAlias>
  <SmallImage>[Localization!Global_Images:data_map_16x16]</SmallImage>
  <LargeImage>[Localization!Global_Images:data_map_24x24]</LargeImage>
  <TemplateUrl>Masters\base.master</TemplateUrl>
  <InheritTemplate>false</InheritTemplate>
  <InheritsFrom>Sage.Platform.WebPortal.EntityPage, Sage.Platform.WebPortal</InheritsFrom>
  <Properties>
    <Property Name="EntityTypeName" TypeConverter="">Sage.Entity.Interfaces.IOAuthProvider,Sage.Entity.Interfaces</Property>
  </Properties>
  <TemplateProperties />
  <IsDefaultPage>false</IsDefaultPage>
  <ExcludedGlobalModules />
  <AppliedSecurity />
  <IncludeScript />
</PortalPage>