<?xml version="1.0"?>
<method xmlns:xsi="http://www.w3.org/2001/XMLSchema-instance" xmlns:xsd="http://www.w3.org/2001/XMLSchema" id="34d28c1d-518d-4bd8-a7e4-0f832036b28b" lastModifiedUtc="2009-04-29T19:49:51.43575Z" name="TwitterUserTweets" returnType="object" methodType="Rule" actionType="None" returnMode="Object">
  <extendedMetaData />
  <ExtendedPropertiesCollection>
    <extendee type="Sage.Platform.Orm.Entities.OrmEntityMethod" />
  </ExtendedPropertiesCollection>
  <parameter />
  <preExecuteTargets />
  <methodTargets>
    <methodTarget xsi:type="OrmMethodTargetSnippet" id="b3b2e55b-1aa0-48ed-b4e9-60781b278906" lastModifiedUtc="2009-04-30T15:19:47.890625Z" targetType="Sage.BusinessRules.CodeSnippets.ContactBusinessRules, Sage.SnippetLibrary.CSharp" targetMethod="TwitterUserTweetsStep" active="true" codeSnippetId="2d2f8607-ec4e-443f-8445-f6241e2b8c0e">
      <ExtendedPropertiesCollection>
        <extendee type="Sage.Platform.Orm.Entities.OrmMethodTargetSnippet" />
      </ExtendedPropertiesCollection>
    </methodTarget>
  </methodTargets>
  <postExecuteTargets />
  <postFlushTargets />
</method>