<?xml version="1.0"?>
<method xmlns:xsi="http://www.w3.org/2001/XMLSchema-instance" xmlns:xsd="http://www.w3.org/2001/XMLSchema" id="8e25d0e8-6a50-4798-a2ad-f8e1e0c7a45b" lastModifiedUtc="2009-04-23T13:47:35.666875Z" name="TwitterDirectMessage" methodType="Rule" actionType="None" returnMode="None">
  <extendedMetaData />
  <ExtendedPropertiesCollection>
    <extendee type="Sage.Platform.Orm.Entities.OrmEntityMethod" />
  </ExtendedPropertiesCollection>
  <parameter>
    <OrmEntityMethodParam id="9f8b58e0-7cdd-440f-aa0d-bec6f1ca6dcd" paramName="UserName" sequence="0" paramType="String" />
    <OrmEntityMethodParam id="78712159-1068-410f-93ac-5304922fd2e2" paramName="Password" sequence="0" paramType="String" />
    <OrmEntityMethodParam id="327a9e1e-f6ad-4057-8140-5b6889fb4e87" paramName="Message" sequence="0" paramType="String" />
    <OrmEntityMethodParam id="9d3898f9-fe32-4524-a3a1-324fdc8b924b" paramName="TwitterId" sequence="0" paramType="String" />
  </parameter>
  <preExecuteTargets />
  <methodTargets>
    <methodTarget xsi:type="OrmMethodTargetSnippet" id="8f3abd11-c940-45da-9e68-7a2e249a19fe" lastModifiedUtc="2009-04-23T13:47:22.8075Z" targetType="Sage.BusinessRules.CodeSnippets.ContactBusinessRules, Sage.SnippetLibrary.CSharp" targetMethod="TwitterDirectMessageStep" active="true" codeSnippetId="1c2df5ed-9896-4e55-afaa-5e2d38e93830">
      <ExtendedPropertiesCollection>
        <extendee type="Sage.Platform.Orm.Entities.OrmMethodTargetSnippet" />
      </ExtendedPropertiesCollection>
    </methodTarget>
  </methodTargets>
  <postExecuteTargets />
  <postFlushTargets />
</method>