<?xml version="1.0"?>
<NavigationItem xmlns:xsi="http://www.w3.org/2001/XMLSchema-instance" xmlns:xsd="http://www.w3.org/2001/XMLSchema" id="f82b37d6-d8be-4093-8b03-3479d0d952bd">
  <ItemId>navOAuth</ItemId>
  <NavUrl>OAuthProvider.aspx</NavUrl>
  <LargeImageUrl>[Localization!Global_Images:data_map_32x32]</LargeImageUrl>
  <SmallImageUrl>[Localization!Global_Images:data_map_16x16]</SmallImageUrl>
  <ContextMenuId>mnuAuthProvider</ContextMenuId>
  <Target />
  <AppliedSecurity />
</NavigationItem>