<?xml version="1.0"?>
<relationship xmlns:xsi="http://www.w3.org/2001/XMLSchema-instance" xmlns:xsd="http://www.w3.org/2001/XMLSchema" id="946e2f32-70fb-4c55-a46c-19081da7c4e7" lastModifiedUtc="2013-06-19T18:07:27.4431991Z" cardinality="M:1" parentEntityId="1d244d2a-99c6-4235-ac38-caaa73eef74e" childEntityId="6ab738f6-21b0-4fe2-8df5-6f192281423c">
  <extendedMetaData />
  <ExtendedPropertiesCollection>
    <extendee type="Sage.Platform.Orm.Entities.OrmRelationship" />
  </ExtendedPropertiesCollection>
  <parentProperty id="6fe5fffb-964f-462b-b625-a5fd0aefebbd" lastModifiedUtc="2013-06-19T18:05:03.0681615Z" name="User" audited="false">
    <ExtendedPropertiesCollection>
      <extendee type="Sage.Platform.Orm.Entities.OrmRelationProperty">
        <extender guid="ae60621d-9d91-3d9a-b9fb-eb6c8be12131">
          <OrmEntityPropertySDataExtension generate="true" />
        </extender>
      </extendee>
    </ExtendedPropertiesCollection>
    <SystemDataType guid="2f770d03-c93c-4605-8ae8-7cdae04830d7">
      <RelationshipDataType />
    </SystemDataType>
  </parentProperty>
  <childProperty id="61f1a605-35ae-481f-bab6-de0c1a700e37" lastModifiedUtc="2013-06-19T18:05:03.0700567Z" name="AppIdMapping" audited="false" include="false">
    <ExtendedPropertiesCollection>
      <extendee type="Sage.Platform.Orm.Entities.OrmRelationProperty">
        <extender guid="ae60621d-9d91-3d9a-b9fb-eb6c8be12131">
          <OrmEntityPropertySDataExtension generate="true" />
        </extender>
      </extendee>
    </ExtendedPropertiesCollection>
    <SystemDataType guid="2f770d03-c93c-4605-8ae8-7cdae04830d7">
      <RelationshipDataType />
    </SystemDataType>
  </childProperty>
  <column>
    <OrmRelationshipColumn id="9a2d8462-fb08-4cda-a27a-8d71d0014b70" parentPropertyId="5aca0928-69bc-40c5-a920-4102938574fd" childPropertyId="ff93a248-20ab-407a-899d-40b1435ca5c3" ordinal="0" />
  </column>
</relationship>