<?xml version="1.0"?>
<relationship xmlns:xsi="http://www.w3.org/2001/XMLSchema-instance" xmlns:xsd="http://www.w3.org/2001/XMLSchema" id="30edee17-db4a-43a1-a3ad-03bee43cfb1f" lastModifiedUtc="2013-06-19T17:41:50.6244052Z" cardinality="M:1" parentEntityId="1d244d2a-99c6-4235-ac38-caaa73eef74e" childEntityId="adf00b51-fc3f-4c3b-8342-2709f8d61981">
  <extendedMetaData />
  <ExtendedPropertiesCollection>
    <extendee type="Sage.Platform.Orm.Entities.OrmRelationship" />
  </ExtendedPropertiesCollection>
  <parentProperty id="9c1a1568-9277-4094-bf1c-d58ddf489347" lastModifiedUtc="2013-06-19T17:41:46.7152255Z" name="OAuthProvider" audited="false">
    <ExtendedPropertiesCollection>
      <extendee type="Sage.Platform.Orm.Entities.OrmRelationProperty">
        <extender guid="ae60621d-9d91-3d9a-b9fb-eb6c8be12131">
          <OrmEntityPropertySDataExtension generate="true" />
        </extender>
      </extendee>
    </ExtendedPropertiesCollection>
    <SystemDataType guid="2f770d03-c93c-4605-8ae8-7cdae04830d7">
      <RelationshipDataType />
    </SystemDataType>
  </parentProperty>
  <childProperty id="09d305b1-f145-4677-bb32-e17e2fde5d33" lastModifiedUtc="2013-06-19T17:41:46.7171786Z" name="AppIdMapping" audited="false" include="false">
    <ExtendedPropertiesCollection>
      <extendee type="Sage.Platform.Orm.Entities.OrmRelationProperty">
        <extender guid="ae60621d-9d91-3d9a-b9fb-eb6c8be12131">
          <OrmEntityPropertySDataExtension generate="true" />
        </extender>
      </extendee>
    </ExtendedPropertiesCollection>
    <SystemDataType guid="2f770d03-c93c-4605-8ae8-7cdae04830d7">
      <RelationshipDataType />
    </SystemDataType>
  </childProperty>
  <column>
    <OrmRelationshipColumn id="11855519-5444-4f5a-bd4d-d9012ed7dc70" parentPropertyId="aba1ff9e-efe0-4d4a-9ccf-54c54b4bba37" childPropertyId="668cc6c4-21fc-43ac-839c-76b8a1f4998f" ordinal="0" />
  </column>
</relationship>