<?xml version="1.0"?>
<relationship xmlns:xsi="http://www.w3.org/2001/XMLSchema-instance" xmlns:xsd="http://www.w3.org/2001/XMLSchema" id="3898e328-5e85-4b97-b88e-3bc12ea671f9" lastModifiedUtc="2013-01-15T22:05:12.438581Z" cardinality="M:1" parentEntityId="2514d945-9177-4ae9-a028-5f17fdd81b86" childEntityId="adf00b51-fc3f-4c3b-8342-2709f8d61981">
  <extendedMetaData />
  <ExtendedPropertiesCollection>
    <extendee type="Sage.Platform.Orm.Entities.OrmRelationship" />
  </ExtendedPropertiesCollection>
  <parentProperty id="dddf6b26-74c2-4d8d-a9d3-d126e9635e36" lastModifiedUtc="2013-01-15T22:04:18.7588867Z" name="OAuthProvider" audited="false">
    <ExtendedPropertiesCollection>
      <extendee type="Sage.Platform.Orm.Entities.OrmRelationProperty">
        <extender guid="ae60621d-9d91-3d9a-b9fb-eb6c8be12131">
          <OrmEntityPropertySDataExtension generate="true" />
        </extender>
      </extendee>
    </ExtendedPropertiesCollection>
    <SystemDataType guid="2f770d03-c93c-4605-8ae8-7cdae04830d7">
      <RelationshipDataType />
    </SystemDataType>
  </parentProperty>
  <childProperty id="f768d42e-a358-4420-b6cc-c523fa9f9591" lastModifiedUtc="2013-01-15T22:04:18.8212868Z" name="UserOAuthToken" audited="false" include="false">
    <ExtendedPropertiesCollection>
      <extendee type="Sage.Platform.Orm.Entities.OrmRelationProperty">
        <extender guid="ae60621d-9d91-3d9a-b9fb-eb6c8be12131">
          <OrmEntityPropertySDataExtension generate="true" />
        </extender>
      </extendee>
    </ExtendedPropertiesCollection>
    <SystemDataType guid="2f770d03-c93c-4605-8ae8-7cdae04830d7">
      <RelationshipDataType />
    </SystemDataType>
  </childProperty>
  <column>
    <OrmRelationshipColumn id="348ba759-90db-4310-82aa-5dcfa3282193" parentPropertyId="72b4423b-2d6a-4849-bf68-41a81bfb89a9" childPropertyId="668cc6c4-21fc-43ac-839c-76b8a1f4998f" ordinal="0" />
  </column>
</relationship>