<?xml version="1.0"?>
<relationship xmlns:xsi="http://www.w3.org/2001/XMLSchema-instance" xmlns:xsd="http://www.w3.org/2001/XMLSchema" id="9adf65b6-c861-4dc0-b8a1-c9f7a183f78f" lastModifiedUtc="2013-01-24T18:57:04.3153886Z" cardinality="M:1" parentEntityId="2514d945-9177-4ae9-a028-5f17fdd81b86" childEntityId="6ab738f6-21b0-4fe2-8df5-6f192281423c">
  <extendedMetaData />
  <ExtendedPropertiesCollection>
    <extendee type="Sage.Platform.Orm.Entities.OrmRelationship" />
  </ExtendedPropertiesCollection>
  <parentProperty id="9030b6b0-4f9c-465d-b213-141d594d0da6" lastModifiedUtc="2013-01-24T18:57:00.0369608Z" name="User" audited="false">
    <ExtendedPropertiesCollection>
      <extendee type="Sage.Platform.Orm.Entities.OrmRelationProperty">
        <extender guid="ae60621d-9d91-3d9a-b9fb-eb6c8be12131">
          <OrmEntityPropertySDataExtension generate="true" />
        </extender>
      </extendee>
    </ExtendedPropertiesCollection>
    <SystemDataType guid="2f770d03-c93c-4605-8ae8-7cdae04830d7">
      <RelationshipDataType />
    </SystemDataType>
  </parentProperty>
  <childProperty id="66cac2b7-9b6b-4a71-aa38-90b88524cfc5" lastModifiedUtc="2013-01-24T18:57:00.0409612Z" name="UserOAuthToken" audited="false" include="false">
    <ExtendedPropertiesCollection>
      <extendee type="Sage.Platform.Orm.Entities.OrmRelationProperty">
        <extender guid="ae60621d-9d91-3d9a-b9fb-eb6c8be12131">
          <OrmEntityPropertySDataExtension generate="true" />
        </extender>
      </extendee>
    </ExtendedPropertiesCollection>
    <SystemDataType guid="2f770d03-c93c-4605-8ae8-7cdae04830d7">
      <RelationshipDataType />
    </SystemDataType>
  </childProperty>
  <column>
    <OrmRelationshipColumn id="169e341d-1162-418e-befa-3c870ce4cbb9" parentPropertyId="663381da-533c-41f7-8d46-36299416bc24" childPropertyId="ff93a248-20ab-407a-899d-40b1435ca5c3" ordinal="0" />
  </column>
</relationship>