<?xml version="1.0"?>
<relationship xmlns:xsi="http://www.w3.org/2001/XMLSchema-instance" xmlns:xsd="http://www.w3.org/2001/XMLSchema" id="1235bd46-9795-4c1c-85cb-14736c16615f" lastModifiedUtc="2013-05-09T01:08:49.5991227Z" cardinality="M:1" parentEntityId="2514d945-9177-4ae9-a028-5f17fdd81b86" childEntityId="1d244d2a-99c6-4235-ac38-caaa73eef74e">
  <extendedMetaData />
  <ExtendedPropertiesCollection>
    <extendee type="Sage.Platform.Orm.Entities.OrmRelationship" />
  </ExtendedPropertiesCollection>
  <parentProperty id="4575cff5-fa1f-44b9-8e0f-f1804a65864e" lastModifiedUtc="2013-05-09T01:06:55.2504913Z" name="UserEndpoint" audited="false">
    <ExtendedPropertiesCollection>
      <extendee type="Sage.Platform.Orm.Entities.OrmRelationProperty">
        <extender guid="ae60621d-9d91-3d9a-b9fb-eb6c8be12131">
          <OrmEntityPropertySDataExtension generate="true" />
        </extender>
      </extendee>
    </ExtendedPropertiesCollection>
    <SystemDataType guid="2f770d03-c93c-4605-8ae8-7cdae04830d7">
      <RelationshipDataType />
    </SystemDataType>
  </parentProperty>
  <childProperty id="990444ae-007a-42ba-861a-615c3e4bec8f" lastModifiedUtc="2013-05-09T01:06:32.2224913Z" name="UserOAuthToken" audited="false" include="false">
    <ExtendedPropertiesCollection>
      <extendee type="Sage.Platform.Orm.Entities.OrmRelationProperty">
        <extender guid="ae60621d-9d91-3d9a-b9fb-eb6c8be12131">
          <OrmEntityPropertySDataExtension generate="true" />
        </extender>
      </extendee>
    </ExtendedPropertiesCollection>
    <SystemDataType guid="2f770d03-c93c-4605-8ae8-7cdae04830d7">
      <RelationshipDataType />
    </SystemDataType>
  </childProperty>
  <column>
    <OrmRelationshipColumn id="f8922101-61b0-4f38-9e65-499b1e32a79f" parentPropertyId="40618ce9-b26e-4c6b-ad6c-e0a54e58d9b6" childPropertyId="6a77ae6e-4046-43cf-851c-90094f32b47b" ordinal="0" />
  </column>
</relationship>