<?xml version="1.0" encoding="utf-8"?>
<QuickFormDefinition Id="2b31e85d-6b22-4a99-894d-24e123304356" name="InsertLead">
  <Properties>
    <Property name="EntityTypeName" type="System.String">ILead</Property>
    <Property name="DefaultNamespace" type="System.String">Sage.Entity.Interfaces</Property>
    <Property name="AssemblyName" type="System.String">Sage.Entity.Interfaces</Property>
    <Property name="UseEntityNameAsTitle" type="System.Boolean">False</Property>
    <Property name="ImagePath" type="System.String"></Property>
    <Property name="DefinitionType" type="System.String">Sage.Platform.QuickForms.QuickFormMainDetailViewDefinition, Sage.Platform.QuickForms</Property>
    <Property name="Columns" type="System.ComponentModel.BindingList`1[[System.Windows.Forms.ColumnStyle, System.Windows.Forms, Version=2.0.0.0, Culture=neutral, PublicKeyToken=b77a5c561934e089]], System, Version=2.0.0.0, Culture=neutral, PublicKeyToken=b77a5c561934e089"><ArrayOfColumnStyle xmlns:xsi="http://www.w3.org/2001/XMLSchema-instance" xmlns:xsd="http://www.w3.org/2001/XMLSchema"><ColumnStyle><SizeType>Percent</SizeType><Width>33.3333321</Width></ColumnStyle><ColumnStyle><SizeType>Percent</SizeType><Width>33.3333321</Width></ColumnStyle></ArrayOfColumnStyle></Property>
    <Property name="Rows" type="System.ComponentModel.BindingList`1[[System.Windows.Forms.RowStyle, System.Windows.Forms, Version=2.0.0.0, Culture=neutral, PublicKeyToken=b77a5c561934e089]], System, Version=2.0.0.0, Culture=neutral, PublicKeyToken=b77a5c561934e089"><ArrayOfRowStyle xmlns:xsi="http://www.w3.org/2001/XMLSchema-instance" xmlns:xsd="http://www.w3.org/2001/XMLSchema"><RowStyle><SizeType>Absolute</SizeType><Height>35</Height></RowStyle><RowStyle><SizeType>Absolute</SizeType><Height>35</Height></RowStyle><RowStyle><SizeType>Absolute</SizeType><Height>35</Height></RowStyle><RowStyle><SizeType>Absolute</SizeType><Height>35</Height></RowStyle><RowStyle><SizeType>Absolute</SizeType><Height>35</Height></RowStyle><RowStyle><SizeType>Absolute</SizeType><Height>35</Height></RowStyle><RowStyle><SizeType>Absolute</SizeType><Height>35</Height></RowStyle><RowStyle><SizeType>Absolute</SizeType><Height>35</Height></RowStyle><RowStyle><SizeType>Absolute</SizeType><Height>35</Height></RowStyle><RowStyle><SizeType>Absolute</SizeType><Height>35</Height></RowStyle><RowStyle><SizeType>Absolute</SizeType><Height>35</Height></RowStyle><RowStyle><SizeType>Absolute</SizeType><Height>35</Height></RowStyle><RowStyle><SizeType>Absolute</SizeType><Height>35</Height></RowStyle></ArrayOfRowStyle></Property>
    <Property name="GeneratePrintView" type="System.Boolean">False</Property>
    <Property name="Description" type="System.String">Insert Lead</Property>
    <Property name="ActiveControl" type="System.String"></Property>
  </Properties>
  <LoadActions>
    <ActionDefinition>
      <ResourceKey>4aee41ba-75ec-4d69-a47b-69a2be5a17d6</ResourceKey>
      <RootActionName>CSharpSnippetAction</RootActionName>
      <Action>
        <CSharpCodeSnippet><![CDATA[Sage.SalesLogix.Security.SLXUserService service = Sage.Platform.Application.ApplicationContext.Current.Services.Get<Sage.Platform.Security.IUserService>() as Sage.SalesLogix.Security.SLXUserService;
Sage.Platform.Application.Services.IUserOptionsService userOption = Sage.Platform.Application.ApplicationContext.Current.Services.Get<Sage.Platform.Application.Services.IUserOptionsService>();
string val = userOption.GetCommonOption("AutoSearch", "General");
if ((val == "True") || (val == "T"))
    chkAutoSearch.Checked = true;
else
    chkAutoSearch.Checked = false;

]]></CSharpCodeSnippet>
      </Action>
      <IsDialogCloseAction>False</IsDialogCloseAction>
      <RunOnEveryRePaint>False</RunOnEveryRePaint>
      <DialogActionResult>NoResult</DialogActionResult>
      <PerformsUpdate>False</PerformsUpdate>
      <AppliedSecurity />
    </ActionDefinition>
    <ActionDefinition>
      <ResourceKey>4aee41ba-75ec-4d69-a47b-69a2be5a17d6</ResourceKey>
      <RootActionName>CSharpSnippetAction</RootActionName>
      <Action>
        <CSharpCodeSnippet><![CDATA[Sage.SalesLogix.Security.SLXUserService service = Sage.Platform.Application.ApplicationContext.Current.Services.Get<Sage.Platform.Security.IUserService>() as Sage.SalesLogix.Security.SLXUserService;
Sage.Platform.Application.Services.IUserOptionsService userOption = Sage.Platform.Application.ApplicationContext.Current.Services.Get<Sage.Platform.Application.Services.IUserOptionsService>();
string val = userOption.GetCommonOption("AutoSearch", "General");
if ((val == "True") || (val == "T"))
    chkAutoSearch.Checked = true;
else
    chkAutoSearch.Checked = false;

]]></CSharpCodeSnippet>
      </Action>
      <IsDialogCloseAction>False</IsDialogCloseAction>
      <RunOnEveryRePaint>False</RunOnEveryRePaint>
      <DialogActionResult>NoResult</DialogActionResult>
      <PerformsUpdate>False</PerformsUpdate>
      <AppliedSecurity />
    </ActionDefinition>
    <ActionDefinition>
      <ResourceKey>5b263f80-e193-4256-96e7-63db72fcb107</ResourceKey>
      <RootActionName>CSharpSnippetAction</RootActionName>
      <Action>
        <CSharpCodeSnippet><![CDATA[if (AppContext.HasContext("NewEntityParameters"))
{
    System.Collections.Generic.Dictionary<string, string> args = AppContext["NewEntityParameters"] as System.Collections.Generic.Dictionary<string, string>;
    Sage.Entity.Interfaces.ILead lead = BindingSource.Current as Sage.Entity.Interfaces.ILead;
    lead.Notes = string.Format("Lead from Twitter : {1} ", args["twitterid"], args["notes"]);
}
]]></CSharpCodeSnippet>
      </Action>
      <IsDialogCloseAction>False</IsDialogCloseAction>
      <RunOnEveryRePaint>False</RunOnEveryRePaint>
      <DialogActionResult>NoResult</DialogActionResult>
      <PerformsUpdate>False</PerformsUpdate>
      <AppliedSecurity />
    </ActionDefinition>
  </LoadActions>
  <QuickFormElements>
    <QuickFormElement>
      <Properties>
        <Property name="EntityMappingType" type="System.String">None</Property>
      </Properties>
      <ControlDefinition>
        <Properties>
          <Property name="Control" type="Sage.SalesLogix.QuickForms.QFControls.QFSLXPersonName, Sage.SalesLogix.QuickForms.QFControls"><QFSLXPersonName xmlns:xsi="http://www.w3.org/2001/XMLSchema-instance" xmlns:xsd="http://www.w3.org/2001/XMLSchema"><Column>0</Column><Row>0</Row><IsReadOnly>false</IsReadOnly><HotKey>0</HotKey><TabIndex>0</TabIndex><ControlId>nmeLeadName</ControlId><DataBindings><QuickFormPropertyDataBindingDefinition><DataSourceID>MainEntity</DataSourceID><DataItemName>FirstName</DataItemName><ControlItemName>NameFirst</ControlItemName><FormatString /><NullValueString /></QuickFormPropertyDataBindingDefinition><QuickFormPropertyDataBindingDefinition><DataSourceID>MainEntity</DataSourceID><DataItemName>LastName</DataItemName><ControlItemName>NameLast</ControlItemName><FormatString /><NullValueString /></QuickFormPropertyDataBindingDefinition><QuickFormPropertyDataBindingDefinition><DataSourceID>MainEntity</DataSourceID><DataItemName>MiddleName</DataItemName><ControlItemName>NameMiddle</ControlItemName><FormatString /><NullValueString /></QuickFormPropertyDataBindingDefinition><QuickFormPropertyDataBindingDefinition><DataSourceID>MainEntity</DataSourceID><DataItemName>Prefix</DataItemName><ControlItemName>NamePrefix</ControlItemName><FormatString /><NullValueString /></QuickFormPropertyDataBindingDefinition><QuickFormPropertyDataBindingDefinition><DataSourceID>MainEntity</DataSourceID><DataItemName>Suffix</DataItemName><ControlItemName>NameSuffix</ControlItemName><FormatString /><NullValueString /></QuickFormPropertyDataBindingDefinition></DataBindings><ControlLabelPlacement>left</ControlLabelPlacement><CaptionAlignment>left</CaptionAlignment><StyleScheme /><NamePrefix /><NameFirst /><NameMiddle /><NameLast /><NameSuffix /><OnChangeAction><ResourceKey>a79301dc-d788-4551-b5b9-e004f09d18c8</ResourceKey><RootActionName>NoActionAction</RootActionName><Action /><IsDialogCloseAction>False</IsDialogCloseAction><RunOnEveryRePaint>False</RunOnEveryRePaint><DialogActionResult>NoResult</DialogActionResult><PerformsUpdate>False</PerformsUpdate><AppliedSecurity /></OnChangeAction></QFSLXPersonName></Property>
        </Properties>
      </ControlDefinition>
    </QuickFormElement>
    <QuickFormElement>
      <Properties>
        <Property name="EntityMappingType" type="System.String">None</Property>
      </Properties>
      <ControlDefinition>
        <Properties>
          <Property name="Control" type="Sage.Platform.QuickForms.Controls.QFTextBox, Sage.Platform.QuickForms"><QFTextBox xmlns:xsi="http://www.w3.org/2001/XMLSchema-instance" xmlns:xsd="http://www.w3.org/2001/XMLSchema"><Column>0</Column><Row>1</Row><IsReadOnly>false</IsReadOnly><HotKey>0</HotKey><TabIndex>0</TabIndex><ControlId>txtCompany</ControlId><DataBindings><QuickFormPropertyDataBindingDefinition><DataSourceID>MainEntity</DataSourceID><DataItemName>Company</DataItemName><ControlItemName>Text</ControlItemName><FormatString /><NullValueString /></QuickFormPropertyDataBindingDefinition></DataBindings><ControlLabelPlacement>left</ControlLabelPlacement><CaptionAlignment>left</CaptionAlignment><StyleScheme /><OnChangeAction><ResourceKey>019fc834-4396-4aa7-9935-965d2a9f6f2e</ResourceKey><RootActionName>NoActionAction</RootActionName><Action /><IsDialogCloseAction>False</IsDialogCloseAction><RunOnEveryRePaint>False</RunOnEveryRePaint><DialogActionResult>NoResult</DialogActionResult><PerformsUpdate>False</PerformsUpdate><AppliedSecurity /></OnChangeAction></QFTextBox></Property>
        </Properties>
      </ControlDefinition>
    </QuickFormElement>
    <QuickFormElement>
      <Properties>
        <Property name="EntityMappingType" type="System.String">None</Property>
      </Properties>
      <ControlDefinition>
        <Properties>
          <Property name="Control" type="Sage.SalesLogix.QuickForms.QFControls.QFSLXUrl, Sage.SalesLogix.QuickForms.QFControls"><QFSLXUrl xmlns:xsi="http://www.w3.org/2001/XMLSchema-instance" xmlns:xsd="http://www.w3.org/2001/XMLSchema"><Column>0</Column><Row>2</Row><IsReadOnly>false</IsReadOnly><HotKey>0</HotKey><TabIndex>0</TabIndex><ControlId>urlWebAddress</ControlId><DataBindings><QuickFormPropertyDataBindingDefinition><DataSourceID>MainEntity</DataSourceID><DataItemName>WebAddress</DataItemName><ControlItemName>Text</ControlItemName><FormatString /><NullValueString /></QuickFormPropertyDataBindingDefinition></DataBindings><ControlLabelPlacement>left</ControlLabelPlacement><CaptionAlignment>left</CaptionAlignment><StyleScheme /><OnChangeAction><ResourceKey>urlWebAddress</ResourceKey><RootActionName>NoActionAction</RootActionName><Action /><IsDialogCloseAction>False</IsDialogCloseAction><RunOnEveryRePaint>False</RunOnEveryRePaint><DialogActionResult>NoResult</DialogActionResult><PerformsUpdate>False</PerformsUpdate><AppliedSecurity /></OnChangeAction><Required>false</Required></QFSLXUrl></Property>
        </Properties>
      </ControlDefinition>
    </QuickFormElement>
    <QuickFormElement>
      <Properties>
        <Property name="EntityMappingType" type="System.String">None</Property>
      </Properties>
      <ControlDefinition>
        <Properties>
          <Property name="Control" type="Sage.Platform.QuickForms.Controls.QFButton, Sage.Platform.QuickForms"><QFButton xmlns:xsi="http://www.w3.org/2001/XMLSchema-instance" xmlns:xsd="http://www.w3.org/2001/XMLSchema"><Column>0</Column><Row>3</Row><IsReadOnly>false</IsReadOnly><HotKey>0</HotKey><TabIndex>0</TabIndex><ControlId>cmdMatchingRecords</ControlId><DataBindings /><ControlLabelPlacement>none</ControlLabelPlacement><CaptionAlignment>left</CaptionAlignment><StyleScheme>slxbutton</StyleScheme><ButtonType>StandardButton</ButtonType><Image /><OnClientClick /><OnClickAction><ResourceKey>d82fe91b-ba41-42a5-b94b-2138fc479ce7</ResourceKey><RootActionName>DialogAction</RootActionName><Action><SmartPart>LeadSearchForDuplicates</SmartPart><Height>775</Height><Width>830</Width><Top>150</Top><Left>150</Left><EntityType>Lead</EntityType><ResourceKey>88210646-7333-4492-b080-6227e297ba66</ResourceKey><CenterDialog>True</CenterDialog></Action><IsDialogCloseAction>False</IsDialogCloseAction><RunOnEveryRePaint>False</RunOnEveryRePaint><DialogActionResult>NoResult</DialogActionResult><PerformsUpdate>False</PerformsUpdate><AppliedSecurity /></OnClickAction></QFButton></Property>
        </Properties>
      </ControlDefinition>
    </QuickFormElement>
    <QuickFormElement>
      <Properties>
        <Property name="EntityMappingType" type="System.String">None</Property>
      </Properties>
      <ControlDefinition>
        <Properties>
          <Property name="Control" type="Sage.SalesLogix.QuickForms.QFControls.QFSLXPickList, Sage.SalesLogix.QuickForms.QFControls"><QFSLXPickList xmlns:xsi="http://www.w3.org/2001/XMLSchema-instance" xmlns:xsd="http://www.w3.org/2001/XMLSchema"><Column>0</Column><Row>4</Row><IsReadOnly>false</IsReadOnly><HotKey>0</HotKey><TabIndex>0</TabIndex><ControlId>pklTitle</ControlId><DataBindings><QuickFormPropertyDataBindingDefinition><DataSourceID>MainEntity</DataSourceID><DataItemName>Title</DataItemName><ControlItemName>PickListValue</ControlItemName><FormatString /><NullValueString /></QuickFormPropertyDataBindingDefinition></DataBindings><ControlLabelPlacement>left</ControlLabelPlacement><CaptionAlignment>left</CaptionAlignment><StyleScheme /><OnChangeAction><ResourceKey>pklTitle</ResourceKey><RootActionName>NoActionAction</RootActionName><Action /><IsDialogCloseAction>False</IsDialogCloseAction><RunOnEveryRePaint>False</RunOnEveryRePaint><DialogActionResult>NoResult</DialogActionResult><PerformsUpdate>False</PerformsUpdate><AppliedSecurity /></OnChangeAction><Required>false</Required><AutoPostBack>false</AutoPostBack><PickListName>Title</PickListName><StorageMode>Text</StorageMode><NameFormatString /><AllowMultiples>false</AllowMultiples><AlphaSort>true</AlphaSort><MustExistInList>false</MustExistInList><NoneEditable>false</NoneEditable><PickListId>kSYST0000387</PickListId><ValueStoredAsText>true</ValueStoredAsText></QFSLXPickList></Property>
        </Properties>
      </ControlDefinition>
    </QuickFormElement>
    <QuickFormElement>
      <Properties>
        <Property name="EntityMappingType" type="System.String">None</Property>
      </Properties>
      <ControlDefinition>
        <Properties>
          <Property name="Control" type="Sage.SalesLogix.QuickForms.QFControls.QFSLXAddress, Sage.SalesLogix.QuickForms.QFControls"><QFSLXAddress xmlns:xsi="http://www.w3.org/2001/XMLSchema-instance" xmlns:xsd="http://www.w3.org/2001/XMLSchema"><RowSpan>3</RowSpan><Column>0</Column><Row>5</Row><IsReadOnly>false</IsReadOnly><HotKey>0</HotKey><TabIndex>0</TabIndex><ControlId>adrAddress</ControlId><DataBindings><QuickFormPropertyDataBindingDefinition><DataSourceID>MainEntity</DataSourceID><DataItemName>Address.City</DataItemName><ControlItemName>AddressCity</ControlItemName><FormatString /><NullValueString /></QuickFormPropertyDataBindingDefinition><QuickFormPropertyDataBindingDefinition><DataSourceID>MainEntity</DataSourceID><DataItemName>Address.Country</DataItemName><ControlItemName>AddressCountry</ControlItemName><FormatString /><NullValueString /></QuickFormPropertyDataBindingDefinition><QuickFormPropertyDataBindingDefinition><DataSourceID>MainEntity</DataSourceID><DataItemName>Address.County</DataItemName><ControlItemName>AddressCounty</ControlItemName><FormatString /><NullValueString /></QuickFormPropertyDataBindingDefinition><QuickFormPropertyDataBindingDefinition><DataSourceID>MainEntity</DataSourceID><DataItemName>Address.Address1</DataItemName><ControlItemName>AddressDesc1</ControlItemName><FormatString /><NullValueString /></QuickFormPropertyDataBindingDefinition><QuickFormPropertyDataBindingDefinition><DataSourceID>MainEntity</DataSourceID><DataItemName>Address.Address2</DataItemName><ControlItemName>AddressDesc2</ControlItemName><FormatString /><NullValueString /></QuickFormPropertyDataBindingDefinition><QuickFormPropertyDataBindingDefinition><DataSourceID>MainEntity</DataSourceID><DataItemName>Address.Address3</DataItemName><ControlItemName>AddressDesc3</ControlItemName><FormatString /><NullValueString /></QuickFormPropertyDataBindingDefinition><QuickFormPropertyDataBindingDefinition><DataSourceID>MainEntity</DataSourceID><DataItemName>Address.Description</DataItemName><ControlItemName>AddressDescription</ControlItemName><FormatString /><NullValueString /></QuickFormPropertyDataBindingDefinition><QuickFormPropertyDataBindingDefinition><DataSourceID>MainEntity</DataSourceID><DataItemName>Address.FullAddress</DataItemName><ControlItemName>AddressDisplay</ControlItemName><FormatString /><NullValueString /></QuickFormPropertyDataBindingDefinition><QuickFormPropertyDataBindingDefinition><DataSourceID>MainEntity</DataSourceID><DataItemName>Address.IsMailing</DataItemName><ControlItemName>AddressIsMailing</ControlItemName><FormatString /><NullValueString /></QuickFormPropertyDataBindingDefinition><QuickFormPropertyDataBindingDefinition><DataSourceID>MainEntity</DataSourceID><DataItemName>Address.IsPrimary</DataItemName><ControlItemName>AddressIsPrimary</ControlItemName><FormatString /><NullValueString /></QuickFormPropertyDataBindingDefinition><QuickFormPropertyDataBindingDefinition><DataSourceID>MainEntity</DataSourceID><DataItemName>Address.PostalCode</DataItemName><ControlItemName>AddressPostalCode</ControlItemName><FormatString /><NullValueString /></QuickFormPropertyDataBindingDefinition><QuickFormPropertyDataBindingDefinition><DataSourceID>MainEntity</DataSourceID><DataItemName>Address.Salutation</DataItemName><ControlItemName>AddressSalutation</ControlItemName><FormatString /><NullValueString /></QuickFormPropertyDataBindingDefinition><QuickFormPropertyDataBindingDefinition><DataSourceID>MainEntity</DataSourceID><DataItemName>Address.State</DataItemName><ControlItemName>AddressState</ControlItemName><FormatString /><NullValueString /></QuickFormPropertyDataBindingDefinition></DataBindings><ControlLabelPlacement>left</ControlLabelPlacement><CaptionAlignment>left</CaptionAlignment><StyleScheme /><AddressDescriptionPickListId>kSYST0000014</AddressDescriptionPickListId><AddressDescriptionPickListName>Address Description (Account)</AddressDescriptionPickListName><AddressDisplay /><AddressDescription /><AddressIsPrimary>true</AddressIsPrimary><AddressIsMailing>true</AddressIsMailing><AddressDesc1 /><AddressDesc2 /><AddressDesc3 /><AddressCity /><AddressState /><AddressPostalCode /><AddressCountry /><AddressCounty /><AddressSalutation /><OnChangeAction><ResourceKey>eb354f15-864e-4841-a3b6-6b5d05416652</ResourceKey><RootActionName>NoActionAction</RootActionName><Action /><IsDialogCloseAction>False</IsDialogCloseAction><RunOnEveryRePaint>False</RunOnEveryRePaint><DialogActionResult>NoResult</DialogActionResult><PerformsUpdate>False</PerformsUpdate><AppliedSecurity /></OnChangeAction></QFSLXAddress></Property>
        </Properties>
      </ControlDefinition>
    </QuickFormElement>
    <QuickFormElement>
      <Properties>
        <Property name="EntityMappingType" type="System.String">None</Property>
      </Properties>
      <ControlDefinition>
        <Properties>
          <Property name="Control" type="Sage.SalesLogix.QuickForms.QFControls.QFSLXPickList, Sage.SalesLogix.QuickForms.QFControls"><QFSLXPickList xmlns:xsi="http://www.w3.org/2001/XMLSchema-instance" xmlns:xsd="http://www.w3.org/2001/XMLSchema"><Column>0</Column><Row>8</Row><IsReadOnly>false</IsReadOnly><HotKey>0</HotKey><TabIndex>0</TabIndex><ControlId>pklIndustry</ControlId><DataBindings><QuickFormPropertyDataBindingDefinition><DataSourceID>MainEntity</DataSourceID><DataItemName>Industry</DataItemName><ControlItemName>PickListValue</ControlItemName><FormatString /><NullValueString /></QuickFormPropertyDataBindingDefinition></DataBindings><ControlLabelPlacement>left</ControlLabelPlacement><CaptionAlignment>left</CaptionAlignment><StyleScheme /><OnChangeAction><ResourceKey>pklIndustry</ResourceKey><RootActionName>NoActionAction</RootActionName><Action /><IsDialogCloseAction>False</IsDialogCloseAction><RunOnEveryRePaint>False</RunOnEveryRePaint><DialogActionResult>NoResult</DialogActionResult><PerformsUpdate>False</PerformsUpdate><AppliedSecurity /></OnChangeAction><Required>false</Required><AutoPostBack>false</AutoPostBack><PickListName>Industry</PickListName><StorageMode>Text</StorageMode><NameFormatString /><AllowMultiples>false</AllowMultiples><AlphaSort>true</AlphaSort><MustExistInList>false</MustExistInList><NoneEditable>true</NoneEditable><PickListId>kSYST0000390</PickListId><ValueStoredAsText>true</ValueStoredAsText></QFSLXPickList></Property>
        </Properties>
      </ControlDefinition>
    </QuickFormElement>
    <QuickFormElement>
      <Properties>
        <Property name="EntityMappingType" type="System.String">None</Property>
      </Properties>
      <ControlDefinition>
        <Properties>
          <Property name="Control" type="Sage.Platform.QuickForms.Controls.QFTextBox, Sage.Platform.QuickForms"><QFTextBox xmlns:xsi="http://www.w3.org/2001/XMLSchema-instance" xmlns:xsd="http://www.w3.org/2001/XMLSchema"><Column>0</Column><Row>9</Row><IsReadOnly>false</IsReadOnly><HotKey>0</HotKey><TabIndex>0</TabIndex><ControlId>txtSICCode</ControlId><DataBindings><QuickFormPropertyDataBindingDefinition><DataSourceID>MainEntity</DataSourceID><DataItemName>SICCode</DataItemName><ControlItemName>Text</ControlItemName><FormatString /><NullValueString /></QuickFormPropertyDataBindingDefinition></DataBindings><ControlLabelPlacement>left</ControlLabelPlacement><CaptionAlignment>left</CaptionAlignment><StyleScheme /><OnChangeAction><ResourceKey>b91ed2ea-be71-42cf-b922-4e0df074273d</ResourceKey><RootActionName>NoActionAction</RootActionName><Action /><IsDialogCloseAction>False</IsDialogCloseAction><RunOnEveryRePaint>False</RunOnEveryRePaint><DialogActionResult>NoResult</DialogActionResult><PerformsUpdate>False</PerformsUpdate><AppliedSecurity /></OnChangeAction></QFTextBox></Property>
        </Properties>
      </ControlDefinition>
    </QuickFormElement>
    <QuickFormElement>
      <Properties>
        <Property name="EntityMappingType" type="System.String">None</Property>
      </Properties>
      <ControlDefinition>
        <Properties>
          <Property name="Control" type="Sage.Platform.QuickForms.Controls.QFTextBox, Sage.Platform.QuickForms"><QFTextBox xmlns:xsi="http://www.w3.org/2001/XMLSchema-instance" xmlns:xsd="http://www.w3.org/2001/XMLSchema"><ColumnSpan>2</ColumnSpan><RowSpan>3</RowSpan><Column>0</Column><Row>10</Row><IsReadOnly>false</IsReadOnly><HotKey>0</HotKey><TabIndex>0</TabIndex><ControlId>txtComments</ControlId><DataBindings><QuickFormPropertyDataBindingDefinition><DataSourceID>MainEntity</DataSourceID><DataItemName>Notes</DataItemName><ControlItemName>Text</ControlItemName><FormatString /><NullValueString /></QuickFormPropertyDataBindingDefinition></DataBindings><ControlLabelPlacement>left</ControlLabelPlacement><CaptionAlignment>left</CaptionAlignment><StyleScheme /><Lines>4</Lines><OnChangeAction><ResourceKey>665695b6-c08e-4236-a5b2-a755ece1c3b7</ResourceKey><RootActionName>NoActionAction</RootActionName><Action /><IsDialogCloseAction>False</IsDialogCloseAction><RunOnEveryRePaint>False</RunOnEveryRePaint><DialogActionResult>NoResult</DialogActionResult><PerformsUpdate>False</PerformsUpdate><AppliedSecurity /></OnChangeAction></QFTextBox></Property>
        </Properties>
      </ControlDefinition>
    </QuickFormElement>
    <QuickFormElement>
      <Properties>
        <Property name="EntityMappingType" type="System.String">None</Property>
      </Properties>
      <ControlDefinition>
        <Properties>
          <Property name="Control" type="Sage.SalesLogix.QuickForms.QFControls.QFSLXEmail, Sage.SalesLogix.QuickForms.QFControls"><QFSLXEmail xmlns:xsi="http://www.w3.org/2001/XMLSchema-instance" xmlns:xsd="http://www.w3.org/2001/XMLSchema"><Column>1</Column><Row>0</Row><IsReadOnly>false</IsReadOnly><HotKey>0</HotKey><TabIndex>0</TabIndex><ControlId>emlEmail</ControlId><DataBindings><QuickFormPropertyDataBindingDefinition><DataSourceID>MainEntity</DataSourceID><DataItemName>Email</DataItemName><ControlItemName>Text</ControlItemName><FormatString /><NullValueString /></QuickFormPropertyDataBindingDefinition></DataBindings><ControlLabelPlacement>left</ControlLabelPlacement><CaptionAlignment>left</CaptionAlignment><StyleScheme /><OnChangeAction><ResourceKey>QFTextBox3</ResourceKey><RootActionName>NoActionAction</RootActionName><Action /><IsDialogCloseAction>False</IsDialogCloseAction><RunOnEveryRePaint>False</RunOnEveryRePaint><DialogActionResult>NoResult</DialogActionResult><PerformsUpdate>False</PerformsUpdate><AppliedSecurity /></OnChangeAction><Required>false</Required></QFSLXEmail></Property>
        </Properties>
      </ControlDefinition>
    </QuickFormElement>
    <QuickFormElement>
      <Properties>
        <Property name="EntityMappingType" type="System.String">None</Property>
      </Properties>
      <ControlDefinition>
        <Properties>
          <Property name="Control" type="Sage.SalesLogix.QuickForms.QFControls.QFSLXPhone, Sage.SalesLogix.QuickForms.QFControls"><QFSLXPhone xmlns:xsi="http://www.w3.org/2001/XMLSchema-instance" xmlns:xsd="http://www.w3.org/2001/XMLSchema"><Column>1</Column><Row>1</Row><IsReadOnly>false</IsReadOnly><HotKey>0</HotKey><TabIndex>0</TabIndex><ControlId>phnWorkPhone</ControlId><DataBindings><QuickFormPropertyDataBindingDefinition><DataSourceID>MainEntity</DataSourceID><DataItemName>WorkPhone</DataItemName><ControlItemName>Text</ControlItemName><FormatString /><NullValueString /></QuickFormPropertyDataBindingDefinition></DataBindings><ControlLabelPlacement>left</ControlLabelPlacement><CaptionAlignment>left</CaptionAlignment><StyleScheme /><OnChangeAction><ResourceKey>QFTextBox4</ResourceKey><RootActionName>CSharpSnippetAction</RootActionName><Action><CSharpCodeSnippet><![CDATA[if (chkAutoSearch.Checked)
{
    if (DialogService != null)
    {
        DialogService.SetSpecs(150, 150, 680, 810, "LeadSearchForDuplicates", GetLocalResourceObject("88210646-7333-4492-b080-6227e297ba66.DialogTitleOverride").ToString(), true);
        DialogService.EntityType = typeof (Sage.Entity.Interfaces.ILead);
        DialogService.ShowDialog();
    }
}]]></CSharpCodeSnippet></Action><IsDialogCloseAction>False</IsDialogCloseAction><RunOnEveryRePaint>False</RunOnEveryRePaint><DialogActionResult>NoResult</DialogActionResult><PerformsUpdate>False</PerformsUpdate><AppliedSecurity /></OnChangeAction><Required>false</Required></QFSLXPhone></Property>
        </Properties>
      </ControlDefinition>
    </QuickFormElement>
    <QuickFormElement>
      <Properties>
        <Property name="EntityMappingType" type="System.String">None</Property>
      </Properties>
      <ControlDefinition>
        <Properties>
          <Property name="Control" type="Sage.SalesLogix.QuickForms.QFControls.QFSLXPhone, Sage.SalesLogix.QuickForms.QFControls"><QFSLXPhone xmlns:xsi="http://www.w3.org/2001/XMLSchema-instance" xmlns:xsd="http://www.w3.org/2001/XMLSchema"><Column>1</Column><Row>2</Row><IsReadOnly>false</IsReadOnly><HotKey>0</HotKey><TabIndex>0</TabIndex><ControlId>phnTollFree</ControlId><DataBindings><QuickFormPropertyDataBindingDefinition><DataSourceID>MainEntity</DataSourceID><DataItemName>TollFree</DataItemName><ControlItemName>Text</ControlItemName><FormatString /><NullValueString /></QuickFormPropertyDataBindingDefinition></DataBindings><ControlLabelPlacement>left</ControlLabelPlacement><CaptionAlignment>left</CaptionAlignment><StyleScheme /><OnChangeAction><ResourceKey>QFTextBox5</ResourceKey><RootActionName>NoActionAction</RootActionName><Action /><IsDialogCloseAction>False</IsDialogCloseAction><RunOnEveryRePaint>False</RunOnEveryRePaint><DialogActionResult>NoResult</DialogActionResult><PerformsUpdate>False</PerformsUpdate><AppliedSecurity /></OnChangeAction><Required>false</Required></QFSLXPhone></Property>
        </Properties>
      </ControlDefinition>
    </QuickFormElement>
    <QuickFormElement>
      <Properties>
        <Property name="EntityMappingType" type="System.String">None</Property>
      </Properties>
      <ControlDefinition>
        <Properties>
          <Property name="Control" type="Sage.Platform.QuickForms.QFControls.QFCheckBox, Sage.Platform.QuickForms.QFControls"><QFCheckBox xmlns:xsi="http://www.w3.org/2001/XMLSchema-instance" xmlns:xsd="http://www.w3.org/2001/XMLSchema"><Column>1</Column><Row>3</Row><IsReadOnly>false</IsReadOnly><HotKey>0</HotKey><TabIndex>0</TabIndex><ControlId>chkAutoSearch</ControlId><DataBindings /><ControlLabelPlacement>right</ControlLabelPlacement><CaptionAlignment>left</CaptionAlignment><StyleScheme /><Checked>false</Checked><OnChangeAction><ResourceKey>c71a293e-27bc-4361-a440-62cf379d1453</ResourceKey><RootActionName>CSharpSnippetAction</RootActionName><Action><CSharpCodeSnippet><![CDATA[Sage.SalesLogix.Security.SLXUserService service = Sage.Platform.Application.ApplicationContext.Current.Services.Get<Sage.Platform.Security.IUserService>() as Sage.SalesLogix.Security.SLXUserService;
Sage.Platform.Application.Services.IUserOptionsService userOption = Sage.Platform.Application.ApplicationContext.Current.Services.Get<Sage.Platform.Application.Services.IUserOptionsService>();
userOption.SetCommonOption("AutoSearch", "General", chkAutoSearch.Checked.ToString(), true);]]></CSharpCodeSnippet></Action><IsDialogCloseAction>False</IsDialogCloseAction><RunOnEveryRePaint>False</RunOnEveryRePaint><DialogActionResult>NoResult</DialogActionResult><PerformsUpdate>False</PerformsUpdate><AppliedSecurity /></OnChangeAction></QFCheckBox></Property>
        </Properties>
      </ControlDefinition>
    </QuickFormElement>
    <QuickFormElement>
      <Properties>
        <Property name="EntityMappingType" type="System.String">None</Property>
      </Properties>
      <ControlDefinition>
        <Properties>
          <Property name="Control" type="Sage.Platform.QuickForms.Controls.QFTextBox, Sage.Platform.QuickForms"><QFTextBox xmlns:xsi="http://www.w3.org/2001/XMLSchema-instance" xmlns:xsd="http://www.w3.org/2001/XMLSchema"><RowSpan>2</RowSpan><Column>1</Column><Row>4</Row><IsReadOnly>false</IsReadOnly><HotKey>0</HotKey><TabIndex>0</TabIndex><ControlId>txtBusinessDescription</ControlId><DataBindings><QuickFormPropertyDataBindingDefinition><DataSourceID>MainEntity</DataSourceID><DataItemName>BusinessDescription</DataItemName><ControlItemName>Text</ControlItemName><FormatString /><NullValueString /></QuickFormPropertyDataBindingDefinition></DataBindings><ControlLabelPlacement>left</ControlLabelPlacement><CaptionAlignment>left</CaptionAlignment><StyleScheme /><Lines>4</Lines><OnChangeAction><ResourceKey>f81d8c22-26bc-4206-ab29-7b952f78b231</ResourceKey><RootActionName>NoActionAction</RootActionName><Action /><IsDialogCloseAction>False</IsDialogCloseAction><RunOnEveryRePaint>False</RunOnEveryRePaint><DialogActionResult>NoResult</DialogActionResult><PerformsUpdate>False</PerformsUpdate><AppliedSecurity /></OnChangeAction></QFTextBox></Property>
        </Properties>
      </ControlDefinition>
    </QuickFormElement>
    <QuickFormElement>
      <Properties>
        <Property name="EntityMappingType" type="System.String">None</Property>
      </Properties>
      <ControlDefinition>
        <Properties>
          <Property name="Control" type="Sage.Platform.QuickForms.Controls.QFTextBox, Sage.Platform.QuickForms"><QFTextBox xmlns:xsi="http://www.w3.org/2001/XMLSchema-instance" xmlns:xsd="http://www.w3.org/2001/XMLSchema"><RowSpan>2</RowSpan><Column>1</Column><Row>6</Row><IsReadOnly>false</IsReadOnly><HotKey>0</HotKey><TabIndex>0</TabIndex><ControlId>txtInterests</ControlId><DataBindings><QuickFormPropertyDataBindingDefinition><DataSourceID>MainEntity</DataSourceID><DataItemName>Interests</DataItemName><ControlItemName>Text</ControlItemName><FormatString /><NullValueString /></QuickFormPropertyDataBindingDefinition></DataBindings><ControlLabelPlacement>left</ControlLabelPlacement><CaptionAlignment>left</CaptionAlignment><StyleScheme /><Lines>4</Lines><OnChangeAction><ResourceKey>35cb96ce-6e68-4f1b-a8b4-328f7af9a16b</ResourceKey><RootActionName>NoActionAction</RootActionName><Action /><IsDialogCloseAction>False</IsDialogCloseAction><RunOnEveryRePaint>False</RunOnEveryRePaint><DialogActionResult>NoResult</DialogActionResult><PerformsUpdate>False</PerformsUpdate><AppliedSecurity /></OnChangeAction></QFTextBox></Property>
        </Properties>
      </ControlDefinition>
    </QuickFormElement>
    <QuickFormElement>
      <Properties>
        <Property name="EntityMappingType" type="System.String">None</Property>
      </Properties>
      <ControlDefinition>
        <Properties>
          <Property name="Control" type="Sage.SalesLogix.QuickForms.QFControls.QFSLXLookup, Sage.SalesLogix.QuickForms.QFControls"><QFSLXLookup xmlns:xsi="http://www.w3.org/2001/XMLSchema-instance" xmlns:xsd="http://www.w3.org/2001/XMLSchema"><Column>1</Column><Row>8</Row><IsReadOnly>false</IsReadOnly><HotKey>0</HotKey><TabIndex>0</TabIndex><ControlId>lueLeadSource</ControlId><DataBindings><QuickFormPropertyDataBindingDefinition><DataSourceID>MainEntity</DataSourceID><DataItemName>LeadSource</DataItemName><ControlItemName>LookupResultValue</ControlItemName><FormatString /><NullValueString /></QuickFormPropertyDataBindingDefinition></DataBindings><ControlLabelPlacement>left</ControlLabelPlacement><CaptionAlignment>left</CaptionAlignment><StyleScheme /><OnChangeAction><ResourceKey>QFTextBox11</ResourceKey><RootActionName>NoActionAction</RootActionName><Action /><IsDialogCloseAction>False</IsDialogCloseAction><RunOnEveryRePaint>False</RunOnEveryRePaint><DialogActionResult>NoResult</DialogActionResult><PerformsUpdate>False</PerformsUpdate><AppliedSecurity /></OnChangeAction><LookupImage /><LookupDialogWidth xsi:nil="true" /><LookupDialogHeight xsi:nil="true" /><LookupBindingMode>Object</LookupBindingMode><LookupResultValue xsi:type="xsd:string" /><SeedProperty /><SeedValue /><Required>false</Required><DropDownDisplayProperty /><AllowClearingResult>false</AllowClearingResult><OverrideSeedOnSearch>false</OverrideSeedOnSearch><LookupEntityName>LeadSource</LookupEntityName><LookupEntityTypeName>Sage.Entity.Interfaces.ILeadSource, Sage.Entity.Interfaces, Version=0.0.0.0, Culture=neutral, PublicKeyToken=null</LookupEntityTypeName><AutoPostBack>false</AutoPostBack><EnableHyperLinking>false</EnableHyperLinking><InitializeLookup>false</InitializeLookup><LookupProperties><LookupProperty><PropertyName>Type</PropertyName><PropertyType /><PropertyHeader>Type</PropertyHeader><PropertyFormat>None</PropertyFormat><UseAsResult>true</UseAsResult><ExcludeFromFilters>false</ExcludeFromFilters></LookupProperty><LookupProperty><PropertyName>Description</PropertyName><PropertyType /><PropertyHeader>Description</PropertyHeader><PropertyFormat>None</PropertyFormat><UseAsResult>true</UseAsResult><ExcludeFromFilters>false</ExcludeFromFilters></LookupProperty><LookupProperty><PropertyName>AbbrevDescription</PropertyName><PropertyType /><PropertyHeader>Source Code</PropertyHeader><PropertyFormat>None</PropertyFormat><UseAsResult>true</UseAsResult><ExcludeFromFilters>false</ExcludeFromFilters></LookupProperty></LookupProperties><LookupPreFilters><LookupPreFilter><LookupEntityName>ILeadSource</LookupEntityName><PropertyType>System.String</PropertyType><OperatorCode>=</OperatorCode><PickListName /><PropertyName>Status</PropertyName><FilterValue>Active</FilterValue><TranslateFilterValue>true</TranslateFilterValue></LookupPreFilter></LookupPreFilters></QFSLXLookup></Property>
        </Properties>
      </ControlDefinition>
    </QuickFormElement>
    <QuickFormElement>
      <Properties>
        <Property name="EntityMappingType" type="System.String">None</Property>
      </Properties>
      <ControlDefinition>
        <Properties>
          <Property name="Control" type="Sage.SalesLogix.QuickForms.QFControls.QFSLXOwner, Sage.SalesLogix.QuickForms.QFControls"><QFSLXOwner xmlns:xsi="http://www.w3.org/2001/XMLSchema-instance" xmlns:xsd="http://www.w3.org/2001/XMLSchema"><Column>1</Column><Row>9</Row><IsReadOnly>false</IsReadOnly><HotKey>0</HotKey><TabIndex>0</TabIndex><ControlId>ownOwner</ControlId><DataBindings><QuickFormPropertyDataBindingDefinition><DataSourceID>MainEntity</DataSourceID><DataItemName>Owner</DataItemName><ControlItemName>LookupResultValue</ControlItemName><FormatString /><NullValueString /></QuickFormPropertyDataBindingDefinition></DataBindings><ControlLabelPlacement>left</ControlLabelPlacement><CaptionAlignment>left</CaptionAlignment><StyleScheme /><OnChangeAction><ResourceKey>QFTextBox12</ResourceKey><RootActionName>NoActionAction</RootActionName><Action /><IsDialogCloseAction>False</IsDialogCloseAction><RunOnEveryRePaint>False</RunOnEveryRePaint><DialogActionResult>NoResult</DialogActionResult><PerformsUpdate>False</PerformsUpdate><AppliedSecurity /></OnChangeAction><LookupResultValue xsi:type="xsd:string" /><AutoPostBack>false</AutoPostBack><Required>false</Required><MultiSelect>false</MultiSelect></QFSLXOwner></Property>
        </Properties>
      </ControlDefinition>
    </QuickFormElement>
  </QuickFormElements>
  <QuickFormToolElements>
    <QuickFormElement>
      <Properties>
        <Property name="EntityMappingType" type="System.String">None</Property>
      </Properties>
      <ControlDefinition>
        <Properties>
          <Property name="Control" type="Sage.Platform.QuickForms.Controls.QFElementSpacer, Sage.Platform.QuickForms"><QFElementSpacer xmlns:xsi="http://www.w3.org/2001/XMLSchema-instance" xmlns:xsd="http://www.w3.org/2001/XMLSchema"><Column>0</Column><Row>0</Row><IsReadOnly>false</IsReadOnly><HotKey>0</HotKey><TabIndex>0</TabIndex><ControlId /><DataBindings /><ControlLabelPlacement>left</ControlLabelPlacement><CaptionAlignment>left</CaptionAlignment><StyleScheme /></QFElementSpacer></Property>
        </Properties>
      </ControlDefinition>
    </QuickFormElement>
    <QuickFormElement>
      <Properties>
        <Property name="EntityMappingType" type="System.String">None</Property>
      </Properties>
      <ControlDefinition>
        <Properties>
          <Property name="Control" type="Sage.Platform.QuickForms.Controls.QFElementSpacer, Sage.Platform.QuickForms"><QFElementSpacer xmlns:xsi="http://www.w3.org/2001/XMLSchema-instance" xmlns:xsd="http://www.w3.org/2001/XMLSchema"><Column>0</Column><Row>0</Row><IsReadOnly>false</IsReadOnly><HotKey>0</HotKey><TabIndex>0</TabIndex><ControlId /><DataBindings /><ControlLabelPlacement>left</ControlLabelPlacement><CaptionAlignment>left</CaptionAlignment><StyleScheme /></QFElementSpacer></Property>
        </Properties>
      </ControlDefinition>
    </QuickFormElement>
    <QuickFormElement>
      <Properties>
        <Property name="EntityMappingType" type="System.String">None</Property>
      </Properties>
      <ControlDefinition>
        <Properties>
          <Property name="Control" type="Sage.Platform.QuickForms.Controls.QFButton, Sage.Platform.QuickForms"><QFButton xmlns:xsi="http://www.w3.org/2001/XMLSchema-instance" xmlns:xsd="http://www.w3.org/2001/XMLSchema"><Column>0</Column><Row>0</Row><IsReadOnly>false</IsReadOnly><HotKey>0</HotKey><TabIndex>0</TabIndex><ControlId>cmdSave</ControlId><DataBindings /><ControlLabelPlacement>none</ControlLabelPlacement><CaptionAlignment>left</CaptionAlignment><StyleScheme /><ButtonType>Icon</ButtonType><Image>[Localization!Global_Images:Save_16x16]</Image><OnClientClick /><OnClickAction><ResourceKey>cmdSave</ResourceKey><RootActionName>CSharpSnippetAction</RootActionName><Action><CSharpCodeSnippet><![CDATA[	object leadId = null;
	object[] objarray = new object[] {  this.BindingSource.Current };
	leadId = Sage.Platform.EntityFactory.Execute<Sage.SalesLogix.Entities.Lead>("Lead.SaveLead", objarray);
	if (leadId != null)
	{
		Response.Redirect(string.Format("Lead.aspx?entityId={0}", (leadId.ToString())));
	}]]></CSharpCodeSnippet></Action><IsDialogCloseAction>False</IsDialogCloseAction><RunOnEveryRePaint>False</RunOnEveryRePaint><DialogActionResult>NoResult</DialogActionResult><PerformsUpdate>True</PerformsUpdate><AppliedSecurity /></OnClickAction></QFButton></Property>
        </Properties>
      </ControlDefinition>
    </QuickFormElement>
    <QuickFormElement>
      <Properties>
        <Property name="EntityMappingType" type="System.String">None</Property>
      </Properties>
      <ControlDefinition>
        <Properties>
          <Property name="Control" type="Sage.Platform.QuickForms.Controls.QFButton, Sage.Platform.QuickForms"><QFButton xmlns:xsi="http://www.w3.org/2001/XMLSchema-instance" xmlns:xsd="http://www.w3.org/2001/XMLSchema"><Column>0</Column><Row>0</Row><IsReadOnly>false</IsReadOnly><HotKey>0</HotKey><TabIndex>0</TabIndex><ControlId>cmdSaveNew</ControlId><DataBindings /><ControlLabelPlacement>none</ControlLabelPlacement><CaptionAlignment>left</CaptionAlignment><StyleScheme /><ButtonType>Icon</ButtonType><Image>[Localization!Global_Images:Save_New16x16]</Image><OnClientClick /><OnClickAction><ResourceKey>cmdSaveNew</ResourceKey><RootActionName>CSharpSnippetAction</RootActionName><Action><CSharpCodeSnippet><![CDATA[	object[] objarray = new object[] {  this.BindingSource.Current };
	Sage.Platform.EntityFactory.Execute<Sage.SalesLogix.Entities.Lead>("Lead.SaveLead", objarray);
	Response.Redirect("InsertLead.aspx?modeid=Insert");]]></CSharpCodeSnippet></Action><IsDialogCloseAction>False</IsDialogCloseAction><RunOnEveryRePaint>False</RunOnEveryRePaint><DialogActionResult>NoResult</DialogActionResult><PerformsUpdate>True</PerformsUpdate><AppliedSecurity /></OnClickAction></QFButton></Property>
        </Properties>
      </ControlDefinition>
    </QuickFormElement>
  </QuickFormToolElements>
</QuickFormDefinition>