<?xml version="1.0"?>
<mashup id="4fa5cd10-84d0-4eaa-a883-839e96b98828" name="LinkedInCompanyFeed">
  <processors>
    <processor type="Saleslogix.Social.Mashups.Processors.LinkedinProcessor, Saleslogix.Social.Mashups">
      <queryProcessor id="5886404f-f393-4264-b924-345d517dd2ec" name="AllResults" location="180, 80" expanded="true" continueOnError="false">
        <parameters />
        <QueryType>CompanyShares</QueryType>
      </queryProcessor>
    </processor>
  </processors>
  <parameters />
  <links />
</mashup>