<?xml version="1.0"?>
<QuickForm xmlns:xsi="http://www.w3.org/2001/XMLSchema-instance" xmlns:xsd="http://www.w3.org/2001/XMLSchema" id="8ec25c19-f096-47df-a267-d36b23920084" DefinitionType="Sage.Platform.QuickForms.QuickFormMainDetailViewDefinition, Sage.Platform.QuickForms">
  <ActiveControl />
  <ImagePath />
  <LoadActions />
  <Name>InsertOAuthProvider</Name>
  <ClientScriptIncludes />
  <ClientResourceKeys />
  <ExtendedProperties />
  <HelpFile />
  <ReadOnly>false</ReadOnly>
  <GeneratePrintView>false</GeneratePrintView>
  <Controls>
    <Control typeName="Sage.Platform.QuickForms.Controls.QFTextBox, Sage.Platform.QuickForms">
      <QFTextBox>
        <Column>0</Column>
        <Row>0</Row>
        <HotKey>0</HotKey>
        <TabIndex>0</TabIndex>
        <ControlId>txtProviderKey</ControlId>
        <DataBindings>
          <QuickFormPropertyDataBindingDefinition>
            <DataSourceID>MainEntity</DataSourceID>
            <DataItemName>ProviderKey</DataItemName>
            <ControlItemName>Text</ControlItemName>
            <FormatString />
            <NullValueString />
          </QuickFormPropertyDataBindingDefinition>
        </DataBindings>
        <ControlLabelPlacement>left</ControlLabelPlacement>
        <ExtendedProperties />
        <CaptionAlignment>left</CaptionAlignment>
        <StyleScheme />
        <MaxLength>10</MaxLength>
        <OnChangeAction>
          <ResourceKey>txtProviderKey</ResourceKey>
          <Action typeName="Sage.Platform.QuickForms.ActionItems.NoActionActionItem, Sage.Platform.QuickForms">
            <NoActionActionItem>
              <MethodName />
            </NoActionActionItem>
          </Action>
          <IsDialogCloseAction>False</IsDialogCloseAction>
          <RunOnEveryRePaint>False</RunOnEveryRePaint>
          <DialogActionResult>NoResult</DialogActionResult>
          <PerformsUpdate>False</PerformsUpdate>
          <AppliedSecurity />
          <RefreshData>False</RefreshData>
        </OnChangeAction>
        <Required>true</Required>
      </QFTextBox>
    </Control>
    <Control typeName="Sage.Platform.QuickForms.Controls.QFTextBox, Sage.Platform.QuickForms">
      <QFTextBox>
        <ColumnSpan>2</ColumnSpan>
        <Column>0</Column>
        <Row>1</Row>
        <HotKey>0</HotKey>
        <TabIndex>0</TabIndex>
        <ControlId>txtEndpointURL</ControlId>
        <DataBindings>
          <QuickFormPropertyDataBindingDefinition>
            <DataSourceID>MainEntity</DataSourceID>
            <DataItemName>EndPointURL</DataItemName>
            <ControlItemName>Text</ControlItemName>
            <FormatString />
            <NullValueString />
          </QuickFormPropertyDataBindingDefinition>
        </DataBindings>
        <ControlLabelPlacement>left</ControlLabelPlacement>
        <ExtendedProperties />
        <CaptionAlignment>left</CaptionAlignment>
        <StyleScheme />
        <OnChangeAction>
          <ResourceKey>txtEndpointURL</ResourceKey>
          <Action typeName="Sage.Platform.QuickForms.ActionItems.NoActionActionItem, Sage.Platform.QuickForms">
            <NoActionActionItem>
              <MethodName />
            </NoActionActionItem>
          </Action>
          <IsDialogCloseAction>False</IsDialogCloseAction>
          <RunOnEveryRePaint>False</RunOnEveryRePaint>
          <DialogActionResult>NoResult</DialogActionResult>
          <PerformsUpdate>False</PerformsUpdate>
          <AppliedSecurity />
          <RefreshData>False</RefreshData>
        </OnChangeAction>
        <Required>false</Required>
      </QFTextBox>
    </Control>
    <Control typeName="Sage.Platform.QuickForms.QFControls.QFHorizontalSeparator, Sage.Platform.QuickForms.QFControls">
      <QFHorizontalSeparator>
        <ColumnSpan>2</ColumnSpan>
        <Column>0</Column>
        <Row>2</Row>
        <HotKey>48</HotKey>
        <TabIndex>0</TabIndex>
        <ControlId>QFHorizontalSeparator3</ControlId>
        <DataBindings />
        <ControlLabelPlacement>none</ControlLabelPlacement>
        <ExtendedProperties />
        <CaptionAlignment>left</CaptionAlignment>
        <StyleScheme />
        <DisplayAsTitleBar>false</DisplayAsTitleBar>
      </QFHorizontalSeparator>
    </Control>
    <Control typeName="Sage.SalesLogix.QuickForms.QFControls.QFSLXPickList, Sage.SalesLogix.QuickForms.QFControls">
      <QFSLXPickList>
        <Column>0</Column>
        <Row>3</Row>
        <HotKey>0</HotKey>
        <TabIndex>0</TabIndex>
        <ControlId>QFTextBox</ControlId>
        <DataBindings>
          <QuickFormPropertyDataBindingDefinition>
            <DataSourceID>MainEntity</DataSourceID>
            <DataItemName>OAuthVersion</DataItemName>
            <ControlItemName>PickListValue</ControlItemName>
            <FormatString />
            <NullValueString />
          </QuickFormPropertyDataBindingDefinition>
        </DataBindings>
        <ControlLabelPlacement>left</ControlLabelPlacement>
        <ExtendedProperties />
        <CaptionAlignment>left</CaptionAlignment>
        <StyleScheme />
        <MaxLength>5</MaxLength>
        <OnChangeAction>
          <ResourceKey>QFTextBox</ResourceKey>
          <Action typeName="Sage.Platform.QuickForms.ActionItems.RefreshDataAction, Sage.Platform.QuickForms">
            <RefreshDataAction>
              <MethodName>QFTextBox_ChangeAction</MethodName>
            </RefreshDataAction>
          </Action>
          <IsDialogCloseAction>False</IsDialogCloseAction>
          <RunOnEveryRePaint>False</RunOnEveryRePaint>
          <DialogActionResult>NoResult</DialogActionResult>
          <PerformsUpdate>False</PerformsUpdate>
          <AppliedSecurity />
          <RefreshData>False</RefreshData>
        </OnChangeAction>
        <Required>false</Required>
        <AutoPostBack>false</AutoPostBack>
        <PickListName>OAuth Version</PickListName>
        <StorageMode>Text</StorageMode>
        <NameFormatString />
        <AllowMultiples>false</AllowMultiples>
        <AlphaSort>false</AlphaSort>
        <MustExistInList>false</MustExistInList>
        <NoneEditable>false</NoneEditable>
        <PickListId />
        <ValueStoredAsText>true</ValueStoredAsText>
      </QFSLXPickList>
    </Control>
    <Control typeName="Sage.Platform.QuickForms.Controls.QFTextBox, Sage.Platform.QuickForms">
      <QFTextBox>
        <ColumnSpan>2</ColumnSpan>
        <Column>0</Column>
        <Row>4</Row>
        <HotKey>0</HotKey>
        <TabIndex>0</TabIndex>
        <ControlId>txtRequestUrl</ControlId>
        <DataBindings>
          <QuickFormPropertyDataBindingDefinition>
            <DataSourceID>MainEntity</DataSourceID>
            <DataItemName>RequestTokenUrl</DataItemName>
            <ControlItemName>Text</ControlItemName>
            <FormatString />
            <NullValueString />
          </QuickFormPropertyDataBindingDefinition>
          <QuickFormPropertyDataBindingDefinition>
            <DataSourceID>MainEntity</DataSourceID>
            <DataItemName>OAuthVersion = '1.0'</DataItemName>
            <ControlItemName>Visible</ControlItemName>
            <FormatString />
            <NullValueString />
          </QuickFormPropertyDataBindingDefinition>
        </DataBindings>
        <ControlLabelPlacement>left</ControlLabelPlacement>
        <ExtendedProperties />
        <CaptionAlignment>left</CaptionAlignment>
        <StyleScheme />
        <MaxLength>128</MaxLength>
        <OnChangeAction>
          <ResourceKey>txtRequestUrl</ResourceKey>
          <Action typeName="Sage.Platform.QuickForms.ActionItems.NoActionActionItem, Sage.Platform.QuickForms">
            <NoActionActionItem>
              <MethodName />
            </NoActionActionItem>
          </Action>
          <IsDialogCloseAction>False</IsDialogCloseAction>
          <RunOnEveryRePaint>False</RunOnEveryRePaint>
          <DialogActionResult>NoResult</DialogActionResult>
          <PerformsUpdate>False</PerformsUpdate>
          <AppliedSecurity />
          <RefreshData>False</RefreshData>
        </OnChangeAction>
        <Required>false</Required>
      </QFTextBox>
    </Control>
    <Control typeName="Sage.Platform.QuickForms.QFControls.QFCheckBox, Sage.Platform.QuickForms.QFControls">
      <QFCheckBox>
        <Column>0</Column>
        <Row>5</Row>
        <HotKey>0</HotKey>
        <TabIndex>0</TabIndex>
        <ControlId>chkSupportsCallback</ControlId>
        <DataBindings>
          <QuickFormPropertyDataBindingDefinition>
            <DataSourceID>MainEntity</DataSourceID>
            <DataItemName>SupportsCallback</DataItemName>
            <ControlItemName>Checked</ControlItemName>
            <FormatString />
            <NullValueString />
          </QuickFormPropertyDataBindingDefinition>
        </DataBindings>
        <ControlLabelPlacement>left</ControlLabelPlacement>
        <ExtendedProperties />
        <CaptionAlignment>left</CaptionAlignment>
        <StyleScheme />
        <Checked>false</Checked>
        <OnChangeAction>
          <ResourceKey>chkSupportsCallback</ResourceKey>
          <Action typeName="Sage.Platform.QuickForms.ActionItems.NoActionActionItem, Sage.Platform.QuickForms">
            <NoActionActionItem>
              <MethodName />
            </NoActionActionItem>
          </Action>
          <IsDialogCloseAction>False</IsDialogCloseAction>
          <RunOnEveryRePaint>False</RunOnEveryRePaint>
          <DialogActionResult>NoResult</DialogActionResult>
          <PerformsUpdate>False</PerformsUpdate>
          <AppliedSecurity />
          <RefreshData>False</RefreshData>
        </OnChangeAction>
      </QFCheckBox>
    </Control>
    <Control typeName="Sage.Platform.QuickForms.Controls.QFTextBox, Sage.Platform.QuickForms">
      <QFTextBox>
        <ColumnSpan>2</ColumnSpan>
        <Column>0</Column>
        <Row>6</Row>
        <HotKey>0</HotKey>
        <TabIndex>0</TabIndex>
        <ControlId>txtClientSecret</ControlId>
        <DataBindings>
          <QuickFormPropertyDataBindingDefinition>
            <DataSourceID>MainEntity</DataSourceID>
            <DataItemName>Secret</DataItemName>
            <ControlItemName>Text</ControlItemName>
            <FormatString />
            <NullValueString />
          </QuickFormPropertyDataBindingDefinition>
        </DataBindings>
        <ControlLabelPlacement>left</ControlLabelPlacement>
        <ExtendedProperties />
        <CaptionAlignment>left</CaptionAlignment>
        <StyleScheme />
        <MaxLength>128</MaxLength>
        <OnChangeAction>
          <ResourceKey>txtClientSecret</ResourceKey>
          <Action typeName="Sage.Platform.QuickForms.ActionItems.NoActionActionItem, Sage.Platform.QuickForms">
            <NoActionActionItem>
              <MethodName />
            </NoActionActionItem>
          </Action>
          <IsDialogCloseAction>False</IsDialogCloseAction>
          <RunOnEveryRePaint>False</RunOnEveryRePaint>
          <DialogActionResult>NoResult</DialogActionResult>
          <PerformsUpdate>False</PerformsUpdate>
          <AppliedSecurity />
          <RefreshData>False</RefreshData>
        </OnChangeAction>
        <Required>false</Required>
      </QFTextBox>
    </Control>
    <Control typeName="Sage.Platform.QuickForms.Controls.QFTextBox, Sage.Platform.QuickForms">
      <QFTextBox>
        <ColumnSpan>2</ColumnSpan>
        <Column>0</Column>
        <Row>7</Row>
        <HotKey>0</HotKey>
        <TabIndex>0</TabIndex>
        <ControlId>txtClientId</ControlId>
        <DataBindings>
          <QuickFormPropertyDataBindingDefinition>
            <DataSourceID>MainEntity</DataSourceID>
            <DataItemName>ClientId</DataItemName>
            <ControlItemName>Text</ControlItemName>
            <FormatString />
            <NullValueString />
          </QuickFormPropertyDataBindingDefinition>
        </DataBindings>
        <ControlLabelPlacement>left</ControlLabelPlacement>
        <ExtendedProperties />
        <CaptionAlignment>left</CaptionAlignment>
        <StyleScheme />
        <MaxLength>128</MaxLength>
        <OnChangeAction>
          <ResourceKey>txtClientId</ResourceKey>
          <Action typeName="Sage.Platform.QuickForms.ActionItems.NoActionActionItem, Sage.Platform.QuickForms">
            <NoActionActionItem>
              <MethodName />
            </NoActionActionItem>
          </Action>
          <IsDialogCloseAction>False</IsDialogCloseAction>
          <RunOnEveryRePaint>False</RunOnEveryRePaint>
          <DialogActionResult>NoResult</DialogActionResult>
          <PerformsUpdate>False</PerformsUpdate>
          <AppliedSecurity />
          <RefreshData>False</RefreshData>
        </OnChangeAction>
        <Required>false</Required>
      </QFTextBox>
    </Control>
    <Control typeName="Sage.SalesLogix.QuickForms.QFControls.QFSLXUrl, Sage.SalesLogix.QuickForms.QFControls">
      <QFSLXUrl>
        <ColumnSpan>2</ColumnSpan>
        <Column>0</Column>
        <Row>8</Row>
        <HotKey>0</HotKey>
        <TabIndex>0</TabIndex>
        <ControlId>txtHost</ControlId>
        <DataBindings>
          <QuickFormPropertyDataBindingDefinition>
            <DataSourceID>MainEntity</DataSourceID>
            <DataItemName>Host</DataItemName>
            <ControlItemName>Text</ControlItemName>
            <FormatString />
            <NullValueString />
          </QuickFormPropertyDataBindingDefinition>
        </DataBindings>
        <ControlLabelPlacement>left</ControlLabelPlacement>
        <ExtendedProperties />
        <CaptionAlignment>left</CaptionAlignment>
        <StyleScheme />
        <MaxLength>64</MaxLength>
        <OnChangeAction>
          <ResourceKey>txtHost</ResourceKey>
          <Action typeName="Sage.Platform.QuickForms.ActionItems.NoActionActionItem, Sage.Platform.QuickForms">
            <NoActionActionItem>
              <MethodName />
            </NoActionActionItem>
          </Action>
          <IsDialogCloseAction>False</IsDialogCloseAction>
          <RunOnEveryRePaint>False</RunOnEveryRePaint>
          <DialogActionResult>NoResult</DialogActionResult>
          <PerformsUpdate>False</PerformsUpdate>
          <AppliedSecurity />
          <RefreshData>False</RefreshData>
        </OnChangeAction>
        <Required>false</Required>
      </QFSLXUrl>
    </Control>
    <Control typeName="Sage.Platform.QuickForms.Controls.QFTextBox, Sage.Platform.QuickForms">
      <QFTextBox>
        <ColumnSpan>2</ColumnSpan>
        <Column>0</Column>
        <Row>9</Row>
        <HotKey>0</HotKey>
        <TabIndex>0</TabIndex>
        <ControlId>txtUserApprovalUrl</ControlId>
        <DataBindings>
          <QuickFormPropertyDataBindingDefinition>
            <DataSourceID>MainEntity</DataSourceID>
            <DataItemName>UserApprovalUrl</DataItemName>
            <ControlItemName>Text</ControlItemName>
            <FormatString />
            <NullValueString />
          </QuickFormPropertyDataBindingDefinition>
        </DataBindings>
        <ControlLabelPlacement>left</ControlLabelPlacement>
        <ExtendedProperties />
        <CaptionAlignment>left</CaptionAlignment>
        <StyleScheme />
        <MaxLength>64</MaxLength>
        <OnChangeAction>
          <ResourceKey>txtUserApprovalUrl</ResourceKey>
          <Action typeName="Sage.Platform.QuickForms.ActionItems.NoActionActionItem, Sage.Platform.QuickForms">
            <NoActionActionItem>
              <MethodName />
            </NoActionActionItem>
          </Action>
          <IsDialogCloseAction>False</IsDialogCloseAction>
          <RunOnEveryRePaint>False</RunOnEveryRePaint>
          <DialogActionResult>NoResult</DialogActionResult>
          <PerformsUpdate>False</PerformsUpdate>
          <AppliedSecurity />
          <RefreshData>False</RefreshData>
        </OnChangeAction>
        <Required>false</Required>
      </QFTextBox>
    </Control>
    <Control typeName="Sage.Platform.QuickForms.Controls.QFTextBox, Sage.Platform.QuickForms">
      <QFTextBox>
        <ColumnSpan>2</ColumnSpan>
        <Column>0</Column>
        <Row>10</Row>
        <HotKey>0</HotKey>
        <TabIndex>0</TabIndex>
        <ControlId>txtUserApprovalData</ControlId>
        <DataBindings>
          <QuickFormPropertyDataBindingDefinition>
            <DataSourceID>MainEntity</DataSourceID>
            <DataItemName>UserApprovalData</DataItemName>
            <ControlItemName>Text</ControlItemName>
            <FormatString />
            <NullValueString />
          </QuickFormPropertyDataBindingDefinition>
        </DataBindings>
        <ControlLabelPlacement>left</ControlLabelPlacement>
        <ExtendedProperties />
        <CaptionAlignment>left</CaptionAlignment>
        <StyleScheme />
        <MaxLength>256</MaxLength>
        <OnChangeAction>
          <ResourceKey>txtUserApprovalData</ResourceKey>
          <Action typeName="Sage.Platform.QuickForms.ActionItems.NoActionActionItem, Sage.Platform.QuickForms">
            <NoActionActionItem>
              <MethodName />
            </NoActionActionItem>
          </Action>
          <IsDialogCloseAction>False</IsDialogCloseAction>
          <RunOnEveryRePaint>False</RunOnEveryRePaint>
          <DialogActionResult>NoResult</DialogActionResult>
          <PerformsUpdate>False</PerformsUpdate>
          <AppliedSecurity />
          <RefreshData>False</RefreshData>
        </OnChangeAction>
        <Required>false</Required>
      </QFTextBox>
    </Control>
    <Control typeName="Sage.Platform.QuickForms.QFControls.QFHorizontalSeparator, Sage.Platform.QuickForms.QFControls">
      <QFHorizontalSeparator>
        <ColumnSpan>2</ColumnSpan>
        <Column>0</Column>
        <Row>11</Row>
        <HotKey>48</HotKey>
        <TabIndex>0</TabIndex>
        <ControlId>QFHorizontalSeparator</ControlId>
        <DataBindings />
        <ControlLabelPlacement>none</ControlLabelPlacement>
        <ExtendedProperties />
        <CaptionAlignment>left</CaptionAlignment>
        <StyleScheme />
        <DisplayAsTitleBar>false</DisplayAsTitleBar>
      </QFHorizontalSeparator>
    </Control>
    <Control typeName="Sage.Platform.QuickForms.QFControls.QFCheckBox, Sage.Platform.QuickForms.QFControls">
      <QFCheckBox>
        <Column>0</Column>
        <Row>12</Row>
        <HotKey>0</HotKey>
        <TabIndex>0</TabIndex>
        <ControlId>chkRequiresRefresh</ControlId>
        <DataBindings>
          <QuickFormPropertyDataBindingDefinition>
            <DataSourceID>MainEntity</DataSourceID>
            <DataItemName>RequiresRefreshToken</DataItemName>
            <ControlItemName>Checked</ControlItemName>
            <FormatString />
            <NullValueString />
          </QuickFormPropertyDataBindingDefinition>
        </DataBindings>
        <ControlLabelPlacement>left</ControlLabelPlacement>
        <ExtendedProperties />
        <CaptionAlignment>left</CaptionAlignment>
        <StyleScheme />
        <Checked>false</Checked>
        <OnChangeAction>
          <ResourceKey>chkRequiresRefresh</ResourceKey>
          <Action typeName="Sage.Platform.QuickForms.ActionItems.NoActionActionItem, Sage.Platform.QuickForms">
            <NoActionActionItem>
              <MethodName />
            </NoActionActionItem>
          </Action>
          <IsDialogCloseAction>False</IsDialogCloseAction>
          <RunOnEveryRePaint>False</RunOnEveryRePaint>
          <DialogActionResult>NoResult</DialogActionResult>
          <PerformsUpdate>False</PerformsUpdate>
          <AppliedSecurity />
          <RefreshData>False</RefreshData>
        </OnChangeAction>
      </QFCheckBox>
    </Control>
    <Control typeName="Sage.Platform.QuickForms.Controls.QFTextBox, Sage.Platform.QuickForms">
      <QFTextBox>
        <ColumnSpan>2</ColumnSpan>
        <Column>0</Column>
        <Row>13</Row>
        <HotKey>0</HotKey>
        <TabIndex>0</TabIndex>
        <ControlId>txtRefreshUrl</ControlId>
        <DataBindings>
          <QuickFormPropertyDataBindingDefinition>
            <DataSourceID>MainEntity</DataSourceID>
            <DataItemName>RefreshTokenUrl</DataItemName>
            <ControlItemName>Text</ControlItemName>
            <FormatString />
            <NullValueString />
          </QuickFormPropertyDataBindingDefinition>
        </DataBindings>
        <ControlLabelPlacement>left</ControlLabelPlacement>
        <ExtendedProperties />
        <CaptionAlignment>left</CaptionAlignment>
        <StyleScheme />
        <MaxLength>64</MaxLength>
        <OnChangeAction>
          <ResourceKey>txtRefreshUrl</ResourceKey>
          <Action typeName="Sage.Platform.QuickForms.ActionItems.NoActionActionItem, Sage.Platform.QuickForms">
            <NoActionActionItem>
              <MethodName />
            </NoActionActionItem>
          </Action>
          <IsDialogCloseAction>False</IsDialogCloseAction>
          <RunOnEveryRePaint>False</RunOnEveryRePaint>
          <DialogActionResult>NoResult</DialogActionResult>
          <PerformsUpdate>False</PerformsUpdate>
          <AppliedSecurity />
          <RefreshData>False</RefreshData>
        </OnChangeAction>
        <Required>false</Required>
      </QFTextBox>
    </Control>
    <Control typeName="Sage.Platform.QuickForms.Controls.QFTextBox, Sage.Platform.QuickForms">
      <QFTextBox>
        <ColumnSpan>2</ColumnSpan>
        <Column>0</Column>
        <Row>14</Row>
        <HotKey>0</HotKey>
        <TabIndex>0</TabIndex>
        <ControlId>txtRefreshData</ControlId>
        <DataBindings>
          <QuickFormPropertyDataBindingDefinition>
            <DataSourceID>MainEntity</DataSourceID>
            <DataItemName>RefreshTokenData</DataItemName>
            <ControlItemName>Text</ControlItemName>
            <FormatString />
            <NullValueString />
          </QuickFormPropertyDataBindingDefinition>
        </DataBindings>
        <ControlLabelPlacement>left</ControlLabelPlacement>
        <ExtendedProperties />
        <CaptionAlignment>left</CaptionAlignment>
        <StyleScheme />
        <MaxLength>256</MaxLength>
        <OnChangeAction>
          <ResourceKey>txtRefreshData</ResourceKey>
          <Action typeName="Sage.Platform.QuickForms.ActionItems.NoActionActionItem, Sage.Platform.QuickForms">
            <NoActionActionItem>
              <MethodName />
            </NoActionActionItem>
          </Action>
          <IsDialogCloseAction>False</IsDialogCloseAction>
          <RunOnEveryRePaint>False</RunOnEveryRePaint>
          <DialogActionResult>NoResult</DialogActionResult>
          <PerformsUpdate>False</PerformsUpdate>
          <AppliedSecurity />
          <RefreshData>False</RefreshData>
        </OnChangeAction>
        <Required>false</Required>
      </QFTextBox>
    </Control>
    <Control typeName="Sage.Platform.QuickForms.QFControls.QFHorizontalSeparator, Sage.Platform.QuickForms.QFControls">
      <QFHorizontalSeparator>
        <ColumnSpan>2</ColumnSpan>
        <Column>0</Column>
        <Row>15</Row>
        <HotKey>48</HotKey>
        <TabIndex>0</TabIndex>
        <ControlId>QFHorizontalSeparator2</ControlId>
        <DataBindings />
        <ControlLabelPlacement>none</ControlLabelPlacement>
        <ExtendedProperties />
        <CaptionAlignment>left</CaptionAlignment>
        <StyleScheme />
        <DisplayAsTitleBar>false</DisplayAsTitleBar>
      </QFHorizontalSeparator>
    </Control>
    <Control typeName="Sage.Platform.QuickForms.QFControls.QFCheckBox, Sage.Platform.QuickForms.QFControls">
      <QFCheckBox>
        <Column>0</Column>
        <Row>16</Row>
        <HotKey>0</HotKey>
        <TabIndex>0</TabIndex>
        <ControlId>chkRequiresAccessToken</ControlId>
        <DataBindings>
          <QuickFormPropertyDataBindingDefinition>
            <DataSourceID>MainEntity</DataSourceID>
            <DataItemName>RequiresAccessToken</DataItemName>
            <ControlItemName>Checked</ControlItemName>
            <FormatString />
            <NullValueString />
          </QuickFormPropertyDataBindingDefinition>
        </DataBindings>
        <ControlLabelPlacement>left</ControlLabelPlacement>
        <ExtendedProperties />
        <CaptionAlignment>left</CaptionAlignment>
        <StyleScheme />
        <Checked>false</Checked>
        <OnChangeAction>
          <ResourceKey>chkRequiresAccessToken</ResourceKey>
          <Action typeName="Sage.Platform.QuickForms.ActionItems.NoActionActionItem, Sage.Platform.QuickForms">
            <NoActionActionItem>
              <MethodName />
            </NoActionActionItem>
          </Action>
          <IsDialogCloseAction>False</IsDialogCloseAction>
          <RunOnEveryRePaint>False</RunOnEveryRePaint>
          <DialogActionResult>NoResult</DialogActionResult>
          <PerformsUpdate>False</PerformsUpdate>
          <AppliedSecurity />
          <RefreshData>False</RefreshData>
        </OnChangeAction>
      </QFCheckBox>
    </Control>
    <Control typeName="Sage.Platform.QuickForms.Controls.QFTextBox, Sage.Platform.QuickForms">
      <QFTextBox>
        <ColumnSpan>2</ColumnSpan>
        <Column>0</Column>
        <Row>17</Row>
        <HotKey>0</HotKey>
        <TabIndex>0</TabIndex>
        <ControlId>txtAccessUrl</ControlId>
        <DataBindings>
          <QuickFormPropertyDataBindingDefinition>
            <DataSourceID>MainEntity</DataSourceID>
            <DataItemName>AccessTokenUrl</DataItemName>
            <ControlItemName>Text</ControlItemName>
            <FormatString />
            <NullValueString />
          </QuickFormPropertyDataBindingDefinition>
        </DataBindings>
        <ControlLabelPlacement>left</ControlLabelPlacement>
        <ExtendedProperties />
        <CaptionAlignment>left</CaptionAlignment>
        <StyleScheme />
        <MaxLength>64</MaxLength>
        <OnChangeAction>
          <ResourceKey>txtAccessUrl</ResourceKey>
          <Action typeName="Sage.Platform.QuickForms.ActionItems.NoActionActionItem, Sage.Platform.QuickForms">
            <NoActionActionItem>
              <MethodName />
            </NoActionActionItem>
          </Action>
          <IsDialogCloseAction>False</IsDialogCloseAction>
          <RunOnEveryRePaint>False</RunOnEveryRePaint>
          <DialogActionResult>NoResult</DialogActionResult>
          <PerformsUpdate>False</PerformsUpdate>
          <AppliedSecurity />
          <RefreshData>False</RefreshData>
        </OnChangeAction>
        <Required>false</Required>
      </QFTextBox>
    </Control>
    <Control typeName="Sage.Platform.QuickForms.Controls.QFTextBox, Sage.Platform.QuickForms">
      <QFTextBox>
        <ColumnSpan>2</ColumnSpan>
        <Column>0</Column>
        <Row>18</Row>
        <HotKey>0</HotKey>
        <TabIndex>0</TabIndex>
        <ControlId>txtAccessData</ControlId>
        <DataBindings>
          <QuickFormPropertyDataBindingDefinition>
            <DataSourceID>MainEntity</DataSourceID>
            <DataItemName>AccessTokenData</DataItemName>
            <ControlItemName>Text</ControlItemName>
            <FormatString />
            <NullValueString />
          </QuickFormPropertyDataBindingDefinition>
        </DataBindings>
        <ControlLabelPlacement>left</ControlLabelPlacement>
        <ExtendedProperties />
        <CaptionAlignment>left</CaptionAlignment>
        <StyleScheme />
        <MaxLength>256</MaxLength>
        <OnChangeAction>
          <ResourceKey>txtAccessData</ResourceKey>
          <Action typeName="Sage.Platform.QuickForms.ActionItems.NoActionActionItem, Sage.Platform.QuickForms">
            <NoActionActionItem>
              <MethodName />
            </NoActionActionItem>
          </Action>
          <IsDialogCloseAction>False</IsDialogCloseAction>
          <RunOnEveryRePaint>False</RunOnEveryRePaint>
          <DialogActionResult>NoResult</DialogActionResult>
          <PerformsUpdate>False</PerformsUpdate>
          <AppliedSecurity />
          <RefreshData>False</RefreshData>
        </OnChangeAction>
        <Required>false</Required>
      </QFTextBox>
    </Control>
    <Control typeName="Sage.Platform.QuickForms.Controls.QFTextBox, Sage.Platform.QuickForms">
      <QFTextBox>
        <Column>1</Column>
        <Row>0</Row>
        <HotKey>0</HotKey>
        <TabIndex>0</TabIndex>
        <ControlId>txtProviderName</ControlId>
        <DataBindings>
          <QuickFormPropertyDataBindingDefinition>
            <DataSourceID>MainEntity</DataSourceID>
            <DataItemName>ProviderName</DataItemName>
            <ControlItemName>Text</ControlItemName>
            <FormatString />
            <NullValueString />
          </QuickFormPropertyDataBindingDefinition>
        </DataBindings>
        <ControlLabelPlacement>left</ControlLabelPlacement>
        <ExtendedProperties />
        <CaptionAlignment>left</CaptionAlignment>
        <StyleScheme />
        <MaxLength>32</MaxLength>
        <OnChangeAction>
          <ResourceKey>txtProviderName</ResourceKey>
          <Action typeName="Sage.Platform.QuickForms.ActionItems.NoActionActionItem, Sage.Platform.QuickForms">
            <NoActionActionItem>
              <MethodName />
            </NoActionActionItem>
          </Action>
          <IsDialogCloseAction>False</IsDialogCloseAction>
          <RunOnEveryRePaint>False</RunOnEveryRePaint>
          <DialogActionResult>NoResult</DialogActionResult>
          <PerformsUpdate>False</PerformsUpdate>
          <AppliedSecurity />
          <RefreshData>False</RefreshData>
        </OnChangeAction>
        <Required>true</Required>
      </QFTextBox>
    </Control>
    <Control typeName="Sage.Platform.QuickForms.Controls.QFTextBox, Sage.Platform.QuickForms">
      <QFTextBox>
        <Column>1</Column>
        <Row>3</Row>
        <HotKey>0</HotKey>
        <TabIndex>0</TabIndex>
        <ControlId>txtRequestTokenMethdo</ControlId>
        <DataBindings>
          <QuickFormPropertyDataBindingDefinition>
            <DataSourceID>MainEntity</DataSourceID>
            <DataItemName>RequestTokenMethod</DataItemName>
            <ControlItemName>Text</ControlItemName>
            <FormatString />
            <NullValueString />
          </QuickFormPropertyDataBindingDefinition>
          <QuickFormPropertyDataBindingDefinition>
            <DataSourceID>MainEntity</DataSourceID>
            <DataItemName>OAuthVersion = '1.0'</DataItemName>
            <ControlItemName>Visible</ControlItemName>
            <FormatString />
            <NullValueString />
          </QuickFormPropertyDataBindingDefinition>
        </DataBindings>
        <ControlLabelPlacement>left</ControlLabelPlacement>
        <ExtendedProperties />
        <CaptionAlignment>left</CaptionAlignment>
        <StyleScheme />
        <MaxLength>10</MaxLength>
        <OnChangeAction>
          <ResourceKey>txtRequestTokenMethdo</ResourceKey>
          <Action typeName="Sage.Platform.QuickForms.ActionItems.NoActionActionItem, Sage.Platform.QuickForms">
            <NoActionActionItem>
              <MethodName />
            </NoActionActionItem>
          </Action>
          <IsDialogCloseAction>False</IsDialogCloseAction>
          <RunOnEveryRePaint>False</RunOnEveryRePaint>
          <DialogActionResult>NoResult</DialogActionResult>
          <PerformsUpdate>False</PerformsUpdate>
          <AppliedSecurity />
          <RefreshData>False</RefreshData>
        </OnChangeAction>
        <Required>false</Required>
      </QFTextBox>
    </Control>
    <Control typeName="Sage.Platform.QuickForms.Controls.QFTextBox, Sage.Platform.QuickForms">
      <QFTextBox>
        <Column>1</Column>
        <Row>12</Row>
        <HotKey>0</HotKey>
        <TabIndex>0</TabIndex>
        <ControlId>txtMethod</ControlId>
        <DataBindings>
          <QuickFormPropertyDataBindingDefinition>
            <DataSourceID>MainEntity</DataSourceID>
            <DataItemName>RefreshTokenMethod</DataItemName>
            <ControlItemName>Text</ControlItemName>
            <FormatString />
            <NullValueString />
          </QuickFormPropertyDataBindingDefinition>
        </DataBindings>
        <ControlLabelPlacement>left</ControlLabelPlacement>
        <ExtendedProperties />
        <CaptionAlignment>left</CaptionAlignment>
        <StyleScheme />
        <MaxLength>10</MaxLength>
        <OnChangeAction>
          <ResourceKey>txtMethod</ResourceKey>
          <Action typeName="Sage.Platform.QuickForms.ActionItems.NoActionActionItem, Sage.Platform.QuickForms">
            <NoActionActionItem>
              <MethodName />
            </NoActionActionItem>
          </Action>
          <IsDialogCloseAction>False</IsDialogCloseAction>
          <RunOnEveryRePaint>False</RunOnEveryRePaint>
          <DialogActionResult>NoResult</DialogActionResult>
          <PerformsUpdate>False</PerformsUpdate>
          <AppliedSecurity />
          <RefreshData>False</RefreshData>
        </OnChangeAction>
        <Required>false</Required>
      </QFTextBox>
    </Control>
    <Control typeName="Sage.Platform.QuickForms.Controls.QFTextBox, Sage.Platform.QuickForms">
      <QFTextBox>
        <Column>1</Column>
        <Row>16</Row>
        <HotKey>0</HotKey>
        <TabIndex>0</TabIndex>
        <ControlId>txtAccessMethod</ControlId>
        <DataBindings>
          <QuickFormPropertyDataBindingDefinition>
            <DataSourceID>MainEntity</DataSourceID>
            <DataItemName>AccessTokenMethod</DataItemName>
            <ControlItemName>Text</ControlItemName>
            <FormatString />
            <NullValueString />
          </QuickFormPropertyDataBindingDefinition>
        </DataBindings>
        <ControlLabelPlacement>left</ControlLabelPlacement>
        <ExtendedProperties />
        <CaptionAlignment>left</CaptionAlignment>
        <StyleScheme />
        <MaxLength>10</MaxLength>
        <OnChangeAction>
          <ResourceKey>txtAccessMethod</ResourceKey>
          <Action typeName="Sage.Platform.QuickForms.ActionItems.NoActionActionItem, Sage.Platform.QuickForms">
            <NoActionActionItem>
              <MethodName />
            </NoActionActionItem>
          </Action>
          <IsDialogCloseAction>False</IsDialogCloseAction>
          <RunOnEveryRePaint>False</RunOnEveryRePaint>
          <DialogActionResult>NoResult</DialogActionResult>
          <PerformsUpdate>False</PerformsUpdate>
          <AppliedSecurity />
          <RefreshData>False</RefreshData>
        </OnChangeAction>
        <Required>false</Required>
      </QFTextBox>
    </Control>
  </Controls>
  <ToolControls>
    <Control typeName="Sage.Platform.QuickForms.Controls.QFElementSpacer, Sage.Platform.QuickForms">
      <QFElementSpacer>
        <Column>0</Column>
        <Row>0</Row>
        <HotKey>0</HotKey>
        <TabIndex>0</TabIndex>
        <ControlId>b30e9f8e7f144df2976bb8224fcdcbef</ControlId>
        <DataBindings />
        <ControlLabelPlacement>left</ControlLabelPlacement>
        <ExtendedProperties />
        <CaptionAlignment>left</CaptionAlignment>
        <StyleScheme />
      </QFElementSpacer>
    </Control>
    <Control typeName="Sage.Platform.QuickForms.Controls.QFElementSpacer, Sage.Platform.QuickForms">
      <QFElementSpacer>
        <Column>0</Column>
        <Row>0</Row>
        <HotKey>0</HotKey>
        <TabIndex>0</TabIndex>
        <ControlId>c2de923b491b8e59645016b6b40e</ControlId>
        <DataBindings />
        <ControlLabelPlacement>left</ControlLabelPlacement>
        <ExtendedProperties />
        <CaptionAlignment>left</CaptionAlignment>
        <StyleScheme />
      </QFElementSpacer>
    </Control>
    <Control typeName="Sage.Platform.QuickForms.Controls.QFButton, Sage.Platform.QuickForms">
      <QFButton>
        <Column>0</Column>
        <Row>0</Row>
        <HotKey>0</HotKey>
        <TabIndex>0</TabIndex>
        <ControlId>QFButton</ControlId>
        <DataBindings />
        <ControlLabelPlacement>none</ControlLabelPlacement>
        <ExtendedProperties />
        <CaptionAlignment>left</CaptionAlignment>
        <StyleScheme />
        <ButtonType>Icon</ButtonType>
        <Image>[Localization!Global_Images:Save_16x16]</Image>
        <OnClientClick />
        <OnClickAction>
          <ResourceKey>QFButton</ResourceKey>
          <Action typeName="Sage.Platform.QuickForms.ActionItems.BusinessRuleActionItem, Sage.Platform.QuickForms">
            <BusinessRuleActionItem>
              <BusinessRule>Save</BusinessRule>
              <Object>OAuthProvider</Object>
              <Parameters />
              <PassResultsToNextAction>False</PassResultsToNextAction>
              <OnComplete typeName="Sage.Platform.QuickForms.ActionItems.RedirectActionItem, Sage.Platform.QuickForms">
                <RedirectActionItem>
                  <MethodName>QFButton_ClickActionBRC</MethodName>
                  <RawURL>OAuthProvider.aspx</RawURL>
                  <MainViewEntityName>OAuthProvider</MainViewEntityName>
                  <UseCurrentIdInLink>true</UseCurrentIdInLink>
                  <EntityViewMode>Detail</EntityViewMode>
                </RedirectActionItem>
              </OnComplete>
            </BusinessRuleActionItem>
          </Action>
          <IsDialogCloseAction>False</IsDialogCloseAction>
          <RunOnEveryRePaint>False</RunOnEveryRePaint>
          <DialogActionResult>NoResult</DialogActionResult>
          <PerformsUpdate>True</PerformsUpdate>
          <AppliedSecurity />
          <RefreshData>False</RefreshData>
        </OnClickAction>
      </QFButton>
    </Control>
  </ToolControls>
  <Columns>
    <ColumnStyle>
      <SizeType>Percent</SizeType>
      <Width>33</Width>
    </ColumnStyle>
    <ColumnStyle>
      <SizeType>Percent</SizeType>
      <Width>33</Width>
    </ColumnStyle>
  </Columns>
  <Rows>
    <RowStyle>
      <SizeType>Absolute</SizeType>
      <Height>35</Height>
    </RowStyle>
    <RowStyle>
      <SizeType>Absolute</SizeType>
      <Height>35</Height>
    </RowStyle>
    <RowStyle>
      <SizeType>Absolute</SizeType>
      <Height>35</Height>
    </RowStyle>
    <RowStyle>
      <SizeType>Absolute</SizeType>
      <Height>35</Height>
    </RowStyle>
    <RowStyle>
      <SizeType>Absolute</SizeType>
      <Height>35</Height>
    </RowStyle>
    <RowStyle>
      <SizeType>Absolute</SizeType>
      <Height>35</Height>
    </RowStyle>
    <RowStyle>
      <SizeType>Absolute</SizeType>
      <Height>35</Height>
    </RowStyle>
    <RowStyle>
      <SizeType>Absolute</SizeType>
      <Height>35</Height>
    </RowStyle>
    <RowStyle>
      <SizeType>Absolute</SizeType>
      <Height>35</Height>
    </RowStyle>
    <RowStyle>
      <SizeType>Absolute</SizeType>
      <Height>35</Height>
    </RowStyle>
    <RowStyle>
      <SizeType>Absolute</SizeType>
      <Height>35</Height>
    </RowStyle>
    <RowStyle>
      <SizeType>Absolute</SizeType>
      <Height>35</Height>
    </RowStyle>
    <RowStyle>
      <SizeType>Absolute</SizeType>
      <Height>35</Height>
    </RowStyle>
    <RowStyle>
      <SizeType>Absolute</SizeType>
      <Height>35</Height>
    </RowStyle>
    <RowStyle>
      <SizeType>Absolute</SizeType>
      <Height>35</Height>
    </RowStyle>
    <RowStyle>
      <SizeType>Absolute</SizeType>
      <Height>35</Height>
    </RowStyle>
    <RowStyle>
      <SizeType>Absolute</SizeType>
      <Height>35</Height>
    </RowStyle>
    <RowStyle>
      <SizeType>Absolute</SizeType>
      <Height>35</Height>
    </RowStyle>
    <RowStyle>
      <SizeType>Absolute</SizeType>
      <Height>35</Height>
    </RowStyle>
  </Rows>
  <Description />
  <UseEntityNameAsTitle>false</UseEntityNameAsTitle>
  <EntityTypeName>IOAuthProvider</EntityTypeName>
  <DefaultNamespace>Sage.Entity.Interfaces</DefaultNamespace>
  <AssemblyName>Sage.Entity.Interfaces</AssemblyName>
</QuickForm>