<?xml version="1.0"?>
<QuickForm xmlns:xsi="http://www.w3.org/2001/XMLSchema-instance" xmlns:xsd="http://www.w3.org/2001/XMLSchema" id="59923dbd-945b-482e-a947-fe273ac6eccd" DefinitionType="Sage.Platform.QuickForms.QuickFormMainDetailViewDefinition, Sage.Platform.QuickForms">
  <ActiveControl />
  <ImagePath />
  <LoadActions />
  <Name>ProviderScopes</Name>
  <ClientScriptIncludes />
  <ClientResourceKeys />
  <ExtendedProperties />
  <HelpFile />
  <ReadOnly>false</ReadOnly>
  <GeneratePrintView>false</GeneratePrintView>
  <Controls>
    <Control typeName="Sage.SalesLogix.QuickForms.QFControls.QFDataGrid, Sage.SalesLogix.QuickForms.QFControls">
      <QFDataGrid>
        <Column>0</Column>
        <Row>0</Row>
        <HotKey>0</HotKey>
        <TabIndex>0</TabIndex>
        <ControlId>grdOAuthProviderScopes</ControlId>
        <DataBindings />
        <ControlLabelPlacement>none</ControlLabelPlacement>
        <ExtendedProperties />
        <CaptionAlignment>left</CaptionAlignment>
        <StyleScheme />
        <DataSource>dsOAuthProviderScopes</DataSource>
        <EnablePaging>false</EnablePaging>
        <EnableSorting>false</EnableSorting>
        <Columns>
          <QFDeleteCol>
            <StyleScheme />
            <DataField />
            <ColumnId>08fe123e-c03e-4b4c-bfe2-21bce06452a4</ColumnId>
            <HorizontalAlignment>left</HorizontalAlignment>
            <HeaderAlignment>left</HeaderAlignment>
            <SortDirection>None</SortDirection>
            <IsSortable>false</IsSortable>
            <MultiCurrencyDependent>false</MultiCurrencyDependent>
            <BusinessRule />
            <BusinessRuleParameters />
            <AppliedSecurity />
          </QFDeleteCol>
          <QFEditCol>
            <StyleScheme />
            <DataField>Scope</DataField>
            <ColumnId>3acb734c-bc7d-49b0-a3f3-5097c14248f3</ColumnId>
            <HorizontalAlignment>left</HorizontalAlignment>
            <HeaderAlignment>left</HeaderAlignment>
            <SortDirection>None</SortDirection>
            <IsSortable>false</IsSortable>
            <MultiCurrencyDependent>false</MultiCurrencyDependent>
            <DialogSpecs>
              <SmartPart>AddEditProviderScope</SmartPart>
              <Height>100</Height>
              <Width>300</Width>
              <Top>0</Top>
              <Left>0</Left>
              <EntityType>OAuthProviderScope</EntityType>
              <ResourceKey>9dd1e146-b83a-4f26-a248-033181d20c32</ResourceKey>
              <CenterDialog>True</CenterDialog>
            </DialogSpecs>
            <AppliedSecurity />
          </QFEditCol>
        </Columns>
        <RenderVertical>false</RenderVertical>
        <OnRowSelectedAction>
          <ResourceKey>grdOAuthProviderScopes</ResourceKey>
          <Action typeName="Sage.Platform.QuickForms.ActionItems.NoActionActionItem, Sage.Platform.QuickForms">
            <NoActionActionItem>
              <MethodName />
            </NoActionActionItem>
          </Action>
          <IsDialogCloseAction>False</IsDialogCloseAction>
          <RunOnEveryRePaint>False</RunOnEveryRePaint>
          <DialogActionResult>NoResult</DialogActionResult>
          <PerformsUpdate>False</PerformsUpdate>
          <AppliedSecurity />
          <RefreshData>False</RefreshData>
        </OnRowSelectedAction>
      </QFDataGrid>
    </Control>
    <Control typeName="Sage.Platform.QuickForms.QFControls.QFDataSource, Sage.Platform.QuickForms.QFControls">
      <QFDataSource>
        <Column>0</Column>
        <Row>1</Row>
        <Visible>false</Visible>
        <HotKey>48</HotKey>
        <TabIndex>0</TabIndex>
        <ControlId>dsOAuthProviderScopes</ControlId>
        <DataBindings />
        <ControlLabelPlacement>none</ControlLabelPlacement>
        <ExtendedProperties />
        <CaptionAlignment>left</CaptionAlignment>
        <StyleScheme />
        <EntityTypeName>OAuthProviderScope</EntityTypeName>
        <GetByMethod />
        <GetByProperty>OAuthProviderScopes</GetByProperty>
        <UseSmartSelection>true</UseSmartSelection>
        <DataOptional>false</DataOptional>
      </QFDataSource>
    </Control>
  </Controls>
  <ToolControls>
    <Control typeName="Sage.Platform.QuickForms.Controls.QFElementSpacer, Sage.Platform.QuickForms">
      <QFElementSpacer>
        <Column>0</Column>
        <Row>0</Row>
        <HotKey>0</HotKey>
        <TabIndex>0</TabIndex>
        <ControlId>bbda7bb7d696444a988cc842beb9edb5</ControlId>
        <DataBindings />
        <ControlLabelPlacement>left</ControlLabelPlacement>
        <ExtendedProperties />
        <CaptionAlignment>left</CaptionAlignment>
        <StyleScheme />
      </QFElementSpacer>
    </Control>
    <Control typeName="Sage.Platform.QuickForms.Controls.QFElementSpacer, Sage.Platform.QuickForms">
      <QFElementSpacer>
        <Column>0</Column>
        <Row>0</Row>
        <HotKey>0</HotKey>
        <TabIndex>0</TabIndex>
        <ControlId>ff0adfb5ce0642828b0b72772ec06ba7</ControlId>
        <DataBindings />
        <ControlLabelPlacement>left</ControlLabelPlacement>
        <ExtendedProperties />
        <CaptionAlignment>left</CaptionAlignment>
        <StyleScheme />
      </QFElementSpacer>
    </Control>
    <Control typeName="Sage.Platform.QuickForms.Controls.QFButton, Sage.Platform.QuickForms">
      <QFButton>
        <Column>0</Column>
        <Row>0</Row>
        <HotKey>0</HotKey>
        <TabIndex>0</TabIndex>
        <ControlId>btnAdd</ControlId>
        <DataBindings />
        <ControlLabelPlacement>none</ControlLabelPlacement>
        <ExtendedProperties />
        <CaptionAlignment>left</CaptionAlignment>
        <StyleScheme />
        <ButtonType>Icon</ButtonType>
        <Image>[Localization!Global_Images:plus_16x16]</Image>
        <OnClientClick />
        <OnClickAction>
          <ResourceKey>btnAdd</ResourceKey>
          <Action typeName="Sage.Platform.QuickForms.ActionItems.InsertChildDialogActionItem, Sage.Platform.QuickForms">
            <InsertChildDialogActionItem>
              <SmartPart>AddEditProviderScope</SmartPart>
              <Height>100</Height>
              <Width>400</Width>
              <Top>0</Top>
              <Left>0</Left>
              <ResourceKey>39d3a22f-0956-4468-95c6-268d4d413311</ResourceKey>
              <ParentRelationshipPropertyName>OAuthProvider</ParentRelationshipPropertyName>
              <DataSource>dsOAuthProviderScopes</DataSource>
              <CenterDialog>True</CenterDialog>
            </InsertChildDialogActionItem>
          </Action>
          <IsDialogCloseAction>False</IsDialogCloseAction>
          <RunOnEveryRePaint>False</RunOnEveryRePaint>
          <DialogActionResult>NoResult</DialogActionResult>
          <PerformsUpdate>False</PerformsUpdate>
          <AppliedSecurity />
          <RefreshData>False</RefreshData>
        </OnClickAction>
      </QFButton>
    </Control>
  </ToolControls>
  <Columns>
    <ColumnStyle>
      <SizeType>Percent</SizeType>
      <Width>100</Width>
    </ColumnStyle>
  </Columns>
  <Rows>
    <RowStyle>
      <SizeType>Absolute</SizeType>
      <Height>100</Height>
    </RowStyle>
  </Rows>
  <Description />
  <UseEntityNameAsTitle>false</UseEntityNameAsTitle>
  <EntityTypeName>IOAuthProvider</EntityTypeName>
  <DefaultNamespace>Sage.Entity.Interfaces</DefaultNamespace>
  <AssemblyName>Sage.Entity.Interfaces</AssemblyName>
</QuickForm>