<?xml version="1.0"?>
<mashup id="6af24aca-a0ad-44f0-8aa9-8235cfcce13f" name="LinkedInCompanySearch">
  <processors>
    <processor type="Saleslogix.Social.Mashups.Processors.LinkedinProcessor, Saleslogix.Social.Mashups">
      <queryProcessor id="4d1b6148-87a6-480a-9c82-87607df1265d" name="AllResults" location="160, 80" expanded="true" continueOnError="false">
        <parameters />
        <QueryType>Companies</QueryType>
      </queryProcessor>
    </processor>
  </processors>
  <parameters />
  <links />
</mashup>