<?xml version="1.0"?>
<mashup id="e2bece50-c2ac-445a-af2b-a06b26c9dc72" name="LinkedInSocialFeed">
  <processors>
    <processor type="Saleslogix.Social.Mashups.Processors.LinkedinProcessor, Saleslogix.Social.Mashups">
      <queryProcessor id="20e1f794-d7ad-4f63-acc4-f29b028b0a5a" name="AllResults" location="220, 120" expanded="true" continueOnError="false">
        <parameters>
          <parameter id="c0d33b4e-0d46-43cf-9710-0259f3299dee" name="MemberId" expression="LinkedInUser" />
        </parameters>
        <QueryType>Social</QueryType>
      </queryProcessor>
    </processor>
  </processors>
  <parameters />
  <links />
</mashup>