<?xml version="1.0"?>
<mashup id="316cd3f5-2f1c-4bc9-9053-bf148071ae3b" name="LinkedInBusinessProfile">
  <processors>
    <processor type="Saleslogix.Social.Mashups.Processors.LinkedinProcessor, Saleslogix.Social.Mashups">
      <queryProcessor id="d69ffb2d-2026-4ed6-b475-63bd44cef73b" name="AllResults" location="100, 60" expanded="true" continueOnError="false">
        <parameters />
        <QueryType>BusinessProfile</QueryType>
      </queryProcessor>
    </processor>
  </processors>
  <parameters />
  <links />
</mashup>