<?xml version="1.0"?>
<mashup id="6b164cf9-f361-4e9b-950c-d856b32b8068" name="SocialTimeline">
  <processors>
    <processor type="Sage.Platform.Mashups.Processors.SnippetProcessor, Sage.Platform.Mashups">
      <snippetProcessor id="46602521-ac1c-4cf9-adde-e5f2cf7cbe59" name="ActivitiesSnippet" location="40, 40" expanded="true" width="240" continueOnError="false" methodName="Activity.GetActivitiesForMashup">
        <parameters>
          <parameter id="55cdff16-191f-4437-a9af-23c537acf1c8" name="EntityId" expression="EntityId" />
        </parameters>
      </snippetProcessor>
    </processor>
    <processor type="Sage.Platform.Mashups.Processors.SelectProcessor, Sage.Platform.Mashups">
      <selectProcessor id="57a738d8-240d-481c-8a47-a28923cff386" name="ActivityPreSelect" location="40, 260" expanded="true" width="240" continueOnError="false" type="Append">
        <properties>
          <property id="424838df-1629-4c53-98b3-f5c63d2c9590" expression="IIF(Timeless, TimelessStart(StartDate), StartDate)" alias="Start" />
          <property id="c170031f-3620-404a-89e3-e3d739cb208f" expression="IIF(Timeless, TimelessEnd(StartDate), EndDate)" alias="End" />
        </properties>
      </selectProcessor>
    </processor>
    <processor type="Sage.Platform.Mashups.Processors.TimelineSelectProcessor, Sage.Platform.Mashups">
      <selectProcessor id="99d258b1-eb7f-405f-957a-89c1eaeaa8fa" name="ActivitySelect" location="40, 400" expanded="true" width="240" continueOnError="false">
        <properties>
          <property id="5791f7f7-268e-400b-88f4-30ecf4339c86" expression="ToString" alias="Title" />
          <property id="84edd72d-2e88-45ed-a2e1-bbc40a1f2a10" expression="Start" alias="Start" />
          <property id="162d9efd-ff93-485a-943a-f57a0bc162fb" expression="End" alias="End" />
          <property id="1702c746-c631-4705-8cca-642114bf1ba6" expression="SubString(Notes, 0, 255)" alias="Description" />
          <property id="27383e6e-110a-429c-8902-2c152b8ab7fb" expression="IIF(IsNullOrEmpty(OpportunityId), IIF(IsNullOrEmpty(TicketId),'#000099', '#990000'), '#005500')" alias="Color" />
          <property id="27383e6e-110a-429c-8902-2c152b8aeeee" expression="IIF(Type = 262146, 'images/phone.gif', IIF(Type = 262145, 'images/meeting.gif', IIF(Type = 262147, 'images/todo.gif', IIF(Type = 262162, 'images/icons/Personal_16x16.gif', ''))))" alias="Icon" />
          <property id="72915b13-8125-42d8-86e5-ee191116beff" expression="IIF(Recurring, Concat('javascript:Link.editActivityOccurrence(''', Coalesce(Id, ActivityId), ''', ''', ToInvariantCulture(StartDate), ''')'), Concat('javascript:Link.editActivity(''', Coalesce(Id, ActivityId), ''')'))" alias="Link" />
          <property id="4591e9ad-c0dc-42a6-a887-5cd492d23084" expression="End - Start &gt;= 1" alias="IsDuration" />
          <property id="13f6ee65-32fb-43f4-b20f-c260e1871fce" expression="'Notes'" alias="Thumbnail" />
        </properties>
      </selectProcessor>
    </processor>
    <processor type="Sage.Platform.Mashups.Processors.QueryProcessor, Sage.Platform.Mashups">
      <queryProcessor id="672dfbc4-1341-4f14-b5d2-7022ccc52c6e" name="HistoryQuery" location="320, 40" expanded="true" width="240" continueOnError="false" query="from History h&#xD;&#xA;where h.AccountId = :AccountId&#xD;&#xA;and h.Type &lt;&gt; 262156&#xD;&#xA;order by h.CompletedDate desc" maximumResults="800">
        <parameters>
          <parameter id="82b5ca7b-7b55-4a61-8ef3-e907445fbeb2" name="AccountId" expression="EntityId" />
        </parameters>
      </queryProcessor>
    </processor>
    <processor type="Sage.Platform.Mashups.Processors.SelectProcessor, Sage.Platform.Mashups">
      <selectProcessor id="08298d49-52c0-439a-8863-7e8761694302" name="HistoryPreSelect" location="320, 260" expanded="true" width="240" continueOnError="false" type="Append">
        <properties>
          <property id="7fcabbfb-b8d4-4ca8-a03b-f4cefe24b2f1" expression="IIF(Timeless, TimelessStart(CompletedDate), AddMinutes(CompletedDate, -1*Duration))" alias="Start" />
          <property id="662f7312-406c-47a2-be38-397ac1149255" expression="IIF(Timeless, TimelessEnd(CompletedDate), CompletedDate)" alias="End" />
        </properties>
      </selectProcessor>
    </processor>
    <processor type="Sage.Platform.Mashups.Processors.TimelineSelectProcessor, Sage.Platform.Mashups">
      <selectProcessor id="f2d580b4-4cd6-4dca-b495-f514c2e42c48" name="HistorySelect" location="320, 400" expanded="true" width="240" continueOnError="false">
        <properties>
          <property id="c80c4f74-c3a9-4ce9-a255-7294cffea0f3" expression="ToString" alias="Title" />
          <property id="6e3a310e-fbd8-4e14-afb9-a9d3ec16b6ad" expression="Start" alias="Start" />
          <property id="bdcea4c8-e183-47f5-832e-b75d16d2c30f" expression="End" alias="End" />
          <property id="c16c5436-5297-45db-8010-ea6b1a2a0592" expression="SubString(Notes, 0, 255)" alias="Description" />
          <property id="36ee2e3b-fa9a-4577-9ee5-86b746026718" expression="IIF(IsNullOrEmpty(TicketId), IIF(IsNullOrEmpty(OpportunityId), IIF(Type = 262148, '#660066', '#666699'), '#558855'), '#996666')" alias="Color" />
          <property id="27383e6e-110a-429c-8902-2c152b8affff" expression="IIF(Type = 262146, 'images/phone.gif', IIF(Type = 262145, 'images/meeting.gif', IIF(Type = 262147, 'images/todo.gif', IIF(Type = 262154, 'images/email.gif', IIF(Type = 262154, 'images/mail_16.gif', IIF(Type = 262155, 'images/fax_16.gif', IIF(Type = 262162, 'images/icons/Personal_16x16.gif', 'images/note_16.gif')))))))" alias="Icon" />
          <property id="167e966c-3de8-4409-9d4e-68323a132dee" expression="Concat('javascript:Link.editHistory(''', Id, ''')')" alias="Link" />
          <property id="48c779ca-d8a3-46b9-bb5d-bb4f7f7b8c63" expression="End - Start &gt;= 1" alias="IsDuration" />
          <property id="cd754b29-346f-4735-b8c7-19ed47610db7" expression="'Notes'" alias="Thumbnail" />
        </properties>
      </selectProcessor>
    </processor>
    <processor type="Sage.Platform.Mashups.Processors.QueryProcessor, Sage.Platform.Mashups">
      <queryProcessor id="2c027cbe-5e4f-4d1c-9e5d-adb74344867b" name="OpportunityQuery" location="600, 40" expanded="true" width="240" continueOnError="false" query="select o.DateOpened as DateOpened, o.CreateDate as CreateDate, o.ActualClose as ActualClose,&#xD;&#xA;o.EstimatedClose as EstimatedClose, o.Description as Description, o.Notes as Notes, o.Closed as Closed, o.Id as Id&#xD;&#xA;from Opportunity o&#xD;&#xA;left join o.Account a&#xD;&#xA;where a.Id = :AccountId&#xD;&#xA;order by o.CreateDate desc" maximumResults="800">
        <parameters>
          <parameter id="510bc4ef-a874-4bc5-b812-695eb17335c4" name="AccountId" expression="EntityId" />
        </parameters>
      </queryProcessor>
    </processor>
    <processor type="Sage.Platform.Mashups.Processors.SelectProcessor, Sage.Platform.Mashups">
      <selectProcessor id="4754e191-f439-497c-91f5-19a34833548b" name="OpportunityPreSelect" location="600, 260" expanded="true" width="240" continueOnError="false" type="Append">
        <properties>
          <property id="7fcabbfb-b8d4-4ca8-a03b-f4cefe24b2f1" expression="Coalesce(DateOpened, CreateDate)" alias="Start" />
          <property id="662f7312-406c-47a2-be38-397ac1149255" expression="Coalesce(ActualClose, EstimatedClose)" alias="End" />
        </properties>
      </selectProcessor>
    </processor>
    <processor type="Sage.Platform.Mashups.Processors.TimelineSelectProcessor, Sage.Platform.Mashups">
      <selectProcessor id="becb6412-4016-43a4-ac09-ca2105f776d6" name="OpportunitySelect" location="600, 400" expanded="true" width="240" continueOnError="false">
        <properties>
          <property id="4d81b3bb-68ca-4001-a497-fff2ebb6ebe7" expression="Description" alias="Title" />
          <property id="e0e078c9-e982-4ee4-b2e0-34d80266d1fb" expression="Start" alias="Start" />
          <property id="0313c14b-4aef-467b-9f08-acffbef1967d" expression="End" alias="End" />
          <property id="69a40396-2409-4d32-a2e4-531e231922c7" expression="SubString(Notes, 0, 255)" alias="Description" />
          <property id="69a40396-2409-4d32-a2e4-531e2319dddd" expression="'images/opportunity.gif'" alias="Icon" />
          <property id="5965b354-f90d-4066-8687-19bd73dff38b" expression="IIF(Closed, '#558855', '#005500')" alias="Color" />
          <property id="c982212b-24b6-48d1-8bb2-b86a761539a1" expression="Concat('Opportunity.aspx?entityid=', Id)" alias="Link" />
          <property id="83f4aaa5-14e1-4713-a491-6149766cc4c3" expression="End - Start &gt;= 1" alias="IsDuration" />
          <property id="6945f75d-8873-49ee-981a-8fc79b195b5f" expression="'Notes'" alias="Thumbnail" />
        </properties>
      </selectProcessor>
    </processor>
    <processor type="Sage.Platform.Mashups.Processors.QueryProcessor, Sage.Platform.Mashups">
      <queryProcessor id="5d3f08eb-a3f7-4c2f-871f-f424d0aa7b8b" name="TicketQuery" location="880, 40" expanded="true" width="240" continueOnError="false" query="select ReceivedDate, CompletedDate, NeededByDate, AlternateKeyPrefix, AlternateKeySuffix, Subject, Notes, StatusCode, Id&#xD;&#xA;from Ticket t&#xD;&#xA;where t.Account.Id = :AccountId&#xD;&#xA;order by t.CreateDate desc" maximumResults="800">
        <parameters>
          <parameter id="2c47002a-6942-4fe8-9264-7f5573d9cf56" name="AccountId" expression="EntityId" />
        </parameters>
      </queryProcessor>
    </processor>
    <processor type="Sage.Platform.Mashups.Processors.SelectProcessor, Sage.Platform.Mashups">
      <selectProcessor id="151dde75-c091-4b68-87da-717a20882386" name="TicketPreSelect" location="880, 260" expanded="true" width="240" continueOnError="false" type="Append">
        <properties>
          <property id="7fcabbfb-b8d4-4ca8-a03b-f4cefe24b2f1" expression="ReceivedDate" alias="Start" />
          <property id="662f7312-406c-47a2-be38-397ac1149255" expression="Coalesce(CompletedDate, NeededByDate)" alias="End" />
        </properties>
      </selectProcessor>
    </processor>
    <processor type="Sage.Platform.Mashups.Processors.TimelineSelectProcessor, Sage.Platform.Mashups">
      <selectProcessor id="48c08584-53f5-4511-9dee-c04fc28a7ebb" name="TicketSelect" location="880, 400" expanded="true" width="240" continueOnError="false">
        <properties>
          <property id="9463829b-23ab-4fd0-b4fe-1e0c9500ec12" expression="Concat(AlternateKeyPrefix, '-', AlternateKeySuffix, ' ', Subject)" alias="Title" />
          <property id="da27c421-ce22-41ad-b02b-b83316b653cd" expression="Start" alias="Start" />
          <property id="ba6bccfa-d58a-4ada-a145-ae264f5624fd" expression="End" alias="End" />
          <property id="590c2404-81fc-4d7e-b165-4b0f6677d231" expression="SubString(Notes, 0, 255)" alias="Description" />
          <property id="69a40396-2409-4d32-a2e4-531e2319cccc" expression="'images/ticket.gif'" alias="Icon" />
          <property id="30c4bf7f-ba4a-46e6-b2c0-827e112d1ad9" expression="IIF(StatusCode = 'k6UJ9A000037', '#996666', '#990000')" alias="Color" />
          <property id="a933a146-4839-495b-b859-19dea4ce0148" expression="Concat('Ticket.aspx?entityid=', Id)" alias="Link" />
          <property id="a6dd8be9-0ac4-405a-be31-5ece1bc9799c" expression="End - Start &gt;= 1" alias="IsDuration" />
          <property id="720ead98-328e-4ba8-a8a9-f6c2aa36a64a" expression="'Notes'" alias="Thumbnail" />
        </properties>
      </selectProcessor>
    </processor>
    <processor type="Sage.Platform.Mashups.Processors.SelectProcessor, Sage.Platform.Mashups">
      <selectProcessor id="ffecb3f5-cbd9-455b-845d-bb17e3403f99" name="AllResults" location="460, 620" expanded="true" width="240" continueOnError="false" type="Append">
        <properties />
      </selectProcessor>
    </processor>
    <processor type="Saleslogix.Social.Mashups.Processors.TwitterProcessor, Saleslogix.Social.Mashups">
      <queryProcessor id="edac9e9d-d7ac-4280-bc05-4b862f860324" name="TwitterStatus" location="1160, 0" expanded="true" width="260" continueOnError="false" query="from status in Status&#xD;&#xA;where status.Type == StatusType.User &amp;&amp; &#xD;&#xA;status.ScreenName == &quot;:ScreenName&quot; &amp;&amp;&#xD;&#xA;status.Count == 50&#xD;&#xA;select status" OAuthConsumerKey="uA19IJohwEqgKIJsMl663g" OAuthConsumerSecret="HXgTvN0tCpubci7cvIDQaqRjTMNUWnEgGuyl3XwKQLg" OAuthToken="250248764-rocsSOaLQmjEdfEJT3ZLoi24FqeGHGISJWQsfGoS" OAuthTokenSecret="kOq9pWhaQ53Z2CudwcI1QqU0yTPCzLwfg3qaIjTs" maximumResults="30">
        <parameters>
          <parameter id="48e29b26-2fe9-4b53-8d2a-1490f49f3c0a" name="ScreenName" expression="ScreenName" />
        </parameters>
      </queryProcessor>
    </processor>
    <processor type="Sage.Platform.Mashups.Processors.SelectProcessor, Sage.Platform.Mashups">
      <selectProcessor id="39372332-73d4-4a20-b83b-62d287140096" name="TwitterPreSelect" location="1160, 260" expanded="true" width="260" continueOnError="false" type="Append">
        <properties>
          <property id="67a92efc-76a3-4f4b-8f90-b3a3a4a24653" expression="CreatedAt" alias="Start" />
          <property id="41071ea2-a942-4e51-9e55-438fd49d8019" expression="CreatedAt" alias="End" />
        </properties>
      </selectProcessor>
    </processor>
    <processor type="Sage.Platform.Mashups.Processors.TimelineSelectProcessor, Sage.Platform.Mashups">
      <selectProcessor id="fc76a9db-c2f7-4dea-bbae-5dd2e029232f" name="TwitterSelect" location="1160, 400" expanded="true" width="260" continueOnError="false">
        <properties>
          <property id="3f4a3468-3b6b-481d-b569-173c6f3e0bee" expression="Start" alias="Start" />
          <property id="694d57a0-f630-47f5-8a7d-fe6891106a4d" expression="End" alias="End" />
          <property id="3ed1a485-42eb-4e21-9c99-c8232b4cc899" expression="'#005500'" alias="Color" />
          <property id="f457e81f-f5e1-44c0-af67-6551f959ba1f" expression="Concat('http://twitter.com/SageSaleslogix/status/', StatusID)" alias="Link" />
          <property id="453d1555-0934-4109-9035-df7cdec47906" expression="Text" alias="Description" />
          <property id="f1627efd-5713-4c2e-af96-be05968cf2bc" expression="SubString(Text, 0, 25)" alias="Title" />
          <property id="18a3660d-639a-4490-bdbb-fe1f0f89323d" expression="End - Start &gt;= 1" alias="IsDuration" />
          <property id="5bf42885-6f91-4a65-bb76-dd37533fa6c2" expression="'Text'" alias="Thumbnail" />
          <property id="75fdb0f3-cbfe-4bf5-a0e3-9084baafaa88" expression="'images/tweet.ico'" alias="Icon" />
        </properties>
      </selectProcessor>
    </processor>
  </processors>
  <parameters>
    <parameter id="3e32f181-ed9c-49f8-9f0a-b459881a3f68" name="EntityId" expression="'AGHEA0002669'" />
    <parameter id="310dc4c5-9832-4b19-a80e-2894706b0fbe" name="ScreenName" expression="'SageSalesLogix'" />
  </parameters>
  <links>
    <link source="ActivitiesSnippet" target="ActivityPreSelect" />
    <link source="ActivityPreSelect" target="ActivitySelect" />
    <link source="HistoryQuery" target="HistoryPreSelect" />
    <link source="HistoryPreSelect" target="HistorySelect" />
    <link source="OpportunityQuery" target="OpportunityPreSelect" />
    <link source="OpportunityPreSelect" target="OpportunitySelect" />
    <link source="TicketQuery" target="TicketPreSelect" />
    <link source="TicketPreSelect" target="TicketSelect" />
    <link source="ActivitySelect" target="AllResults" />
    <link source="HistorySelect" target="AllResults" />
    <link source="OpportunitySelect" target="AllResults" />
    <link source="TicketSelect" target="AllResults" />
    <link source="TwitterSelect" target="AllResults" />
    <link source="TwitterStatus" target="TwitterPreSelect" />
    <link source="TwitterPreSelect" target="TwitterSelect" />
  </links>
</mashup>