<?xml version="1.0"?>
<entity xmlns:xsi="http://www.w3.org/2001/XMLSchema-instance" xmlns:xsd="http://www.w3.org/2001/XMLSchema" id="6ef038e8-aa6a-41fc-92f9-4939969812dd" lastModifiedUtc="2013-10-07T16:28:41.8402162Z" manageSchema="false" tableName="SOCIALPROFILE" name="SocialProfile" isExtension="false" audited="false" onBeforeInsertMethodId="1337861c-988b-41a8-8f36-3e4f1b4efa9e" onAfterInsertMethodId="d24e9645-ad14-4f57-b6ad-5fe8749f37d1" onBeforeUpdateMethodId="885300cd-5321-44a3-a6e6-40683378f784" onAfterUpdateMethodId="3f4bce1c-d242-4348-af0e-225dc3c0b82e" onBeforeDeleteMethodId="b7cd5b47-641d-442a-b826-17b16bf063b1" onAfterDeleteMethodId="6a87c83c-a201-4dd9-bc86-2a854434bb70" onCreateId="5047112c-0e3e-4ec2-9de0-15d214704d8d">
  <extendedMetaData />
  <ExtendedPropertiesCollection>
    <extendee type="Sage.Platform.Orm.Entities.OrmEntity">
      <extender guid="1589723d-0536-4bf3-bdd7-3f6f7fe165d0">
        <OrmEntityMetadataExtension>
          <IsHistoryTable>false</IsHistoryTable>
        </OrmEntityMetadataExtension>
      </extender>
      <extender guid="76aa0e24-2c8f-3b71-a1f9-ca6db3db4459">
        <OrmEntitySDataExtension generateFeed="true" pathName="socialProfiles" lastUpdatedPropertyId="d0e04e2a-5d45-4aa8-b369-ae236c4bd1fd" canPost="true" canPut="true" canDelete="true" />
      </extender>
    </extendee>
  </ExtendedPropertiesCollection>
  <keyProperties>
    <keyReference id="fd365104-450f-4bda-84b0-b3f8cdb96138" ordinalPosition="1" />
  </keyProperties>
  <properties>
    <property xsi:type="OrmFieldProperty" id="fd365104-450f-4bda-84b0-b3f8cdb96138" lastModifiedUtc="2013-10-07T16:28:41.8402162Z" name="Socialprofileid" audited="false" isNullable="false" columnName="SOCIALPROFILEID" maxLength="12" precision="0" scale="0" ordinal="0" isReadOnly="false">
      <ExtendedPropertiesCollection>
        <extendee type="Sage.Platform.Orm.Entities.OrmFieldProperty">
          <extender guid="ae60621d-9d91-3d9a-b9fb-eb6c8be12131">
            <OrmEntityPropertySDataExtension generate="true" />
          </extender>
        </extendee>
      </ExtendedPropertiesCollection>
      <SystemDataType guid="30053f5a-8d40-4db1-b185-1e4128eb26cc">
        <StandardIdDataType />
      </SystemDataType>
    </property>
    <property xsi:type="OrmFieldProperty" id="15127655-1aa2-46e8-b794-94c6ad70bed3" lastModifiedUtc="2013-10-07T16:28:41.8402162Z" name="CreateUser" audited="false" columnName="CREATEUSER" maxLength="12" precision="0" scale="0" ordinal="1" isReadOnly="false">
      <ExtendedPropertiesCollection>
        <extendee type="Sage.Platform.Orm.Entities.OrmFieldProperty">
          <extender guid="ae60621d-9d91-3d9a-b9fb-eb6c8be12131">
            <OrmEntityPropertySDataExtension generate="true" />
          </extender>
        </extendee>
      </ExtendedPropertiesCollection>
      <SystemDataType guid="30053f5a-8d40-4db1-b185-1e4128eb26cc">
        <StandardIdDataType />
      </SystemDataType>
    </property>
    <property xsi:type="OrmFieldProperty" id="0e6d4727-e543-469e-9c6f-4527f6140948" lastModifiedUtc="2013-10-07T16:28:41.8402162Z" name="CreateDate" audited="false" columnName="CREATEDATE" maxLength="0" precision="0" scale="0" ordinal="2" isReadOnly="false">
      <ExtendedPropertiesCollection>
        <extendee type="Sage.Platform.Orm.Entities.OrmFieldProperty">
          <extender guid="ae60621d-9d91-3d9a-b9fb-eb6c8be12131">
            <OrmEntityPropertySDataExtension generate="true" />
          </extender>
        </extendee>
      </ExtendedPropertiesCollection>
      <SystemDataType guid="1f08f2eb-87c8-443b-a7c2-a51f590923f5">
        <DateTimeDataType />
      </SystemDataType>
    </property>
    <property xsi:type="OrmFieldProperty" id="a632da33-ba6e-418c-8e6b-05359eff8a03" lastModifiedUtc="2013-10-07T16:28:41.8402162Z" name="ModifyUser" audited="false" columnName="MODIFYUSER" maxLength="12" precision="0" scale="0" ordinal="3" isReadOnly="false">
      <ExtendedPropertiesCollection>
        <extendee type="Sage.Platform.Orm.Entities.OrmFieldProperty">
          <extender guid="ae60621d-9d91-3d9a-b9fb-eb6c8be12131">
            <OrmEntityPropertySDataExtension generate="true" />
          </extender>
        </extendee>
      </ExtendedPropertiesCollection>
      <SystemDataType guid="30053f5a-8d40-4db1-b185-1e4128eb26cc">
        <StandardIdDataType />
      </SystemDataType>
    </property>
    <property xsi:type="OrmFieldProperty" id="d0e04e2a-5d45-4aa8-b369-ae236c4bd1fd" lastModifiedUtc="2013-10-07T16:28:41.8402162Z" name="ModifyDate" audited="false" columnName="MODIFYDATE" maxLength="0" precision="0" scale="0" ordinal="4" isReadOnly="false">
      <ExtendedPropertiesCollection>
        <extendee type="Sage.Platform.Orm.Entities.OrmFieldProperty">
          <extender guid="ae60621d-9d91-3d9a-b9fb-eb6c8be12131">
            <OrmEntityPropertySDataExtension generate="true" />
          </extender>
        </extendee>
      </ExtendedPropertiesCollection>
      <SystemDataType guid="1f08f2eb-87c8-443b-a7c2-a51f590923f5">
        <DateTimeDataType />
      </SystemDataType>
    </property>
    <property xsi:type="OrmFieldProperty" id="4ec18157-8c77-4fd1-afb0-b769beea67c7" lastModifiedUtc="2013-10-07T16:28:41.8402162Z" name="EntityId" audited="false" columnName="ENTITYID" maxLength="12" precision="0" scale="0" ordinal="5" isReadOnly="false">
      <ExtendedPropertiesCollection>
        <extendee type="Sage.Platform.Orm.Entities.OrmFieldProperty">
          <extender guid="ae60621d-9d91-3d9a-b9fb-eb6c8be12131">
            <OrmEntityPropertySDataExtension generate="true" />
          </extender>
        </extendee>
      </ExtendedPropertiesCollection>
      <SystemDataType guid="30053f5a-8d40-4db1-b185-1e4128eb26cc">
        <StandardIdDataType />
      </SystemDataType>
    </property>
    <property xsi:type="OrmFieldProperty" id="29dfce24-80c5-4deb-872c-370440ea8f27" lastModifiedUtc="2013-10-07T16:28:41.8402162Z" name="NetworkName" audited="false" columnName="NETWORKNAME" maxLength="32" precision="0" scale="0" ordinal="6" isReadOnly="false">
      <ExtendedPropertiesCollection>
        <extendee type="Sage.Platform.Orm.Entities.OrmFieldProperty">
          <extender guid="ae60621d-9d91-3d9a-b9fb-eb6c8be12131">
            <OrmEntityPropertySDataExtension generate="true" />
          </extender>
        </extendee>
      </ExtendedPropertiesCollection>
      <SystemDataType guid="ccc0f01d-7ba5-408e-8526-a3f942354b3a">
        <TextDataType>
          <Length>32</Length>
        </TextDataType>
      </SystemDataType>
    </property>
    <property xsi:type="OrmFieldProperty" id="b4b906c3-2762-4004-b015-2dec1689bc18" lastModifiedUtc="2013-10-07T16:28:41.8402162Z" name="SocialUserId" audited="false" columnName="SOCIALUSERID" maxLength="48" precision="0" scale="0" ordinal="7" isReadOnly="false">
      <ExtendedPropertiesCollection>
        <extendee type="Sage.Platform.Orm.Entities.OrmFieldProperty">
          <extender guid="ae60621d-9d91-3d9a-b9fb-eb6c8be12131">
            <OrmEntityPropertySDataExtension generate="true" />
          </extender>
        </extendee>
      </ExtendedPropertiesCollection>
      <SystemDataType guid="ccc0f01d-7ba5-408e-8526-a3f942354b3a">
        <TextDataType>
          <Length>48</Length>
        </TextDataType>
      </SystemDataType>
    </property>
    <property xsi:type="OrmFieldProperty" id="83c4eab3-368a-4230-974d-f634e23d7ee5" lastModifiedUtc="2013-10-07T16:28:41.8402162Z" name="SocialKeywords" audited="false" columnName="SOCIALKEYWORDS" maxLength="128" precision="0" scale="0" ordinal="8" isReadOnly="false">
      <ExtendedPropertiesCollection>
        <extendee type="Sage.Platform.Orm.Entities.OrmFieldProperty">
          <extender guid="ae60621d-9d91-3d9a-b9fb-eb6c8be12131">
            <OrmEntityPropertySDataExtension generate="true" />
          </extender>
        </extendee>
      </ExtendedPropertiesCollection>
      <SystemDataType guid="ccc0f01d-7ba5-408e-8526-a3f942354b3a">
        <TextDataType>
          <Length>128</Length>
        </TextDataType>
      </SystemDataType>
    </property>
    <property xsi:type="OrmFieldProperty" id="c51f535a-946e-4932-819c-619bad71c0cc" lastModifiedUtc="2013-10-07T16:28:41.8402162Z" name="SocialUserName" audited="false" columnName="SOCIALUSERNAME" maxLength="64" precision="0" scale="0" ordinal="9" isReadOnly="false">
      <ExtendedPropertiesCollection>
        <extendee type="Sage.Platform.Orm.Entities.OrmFieldProperty">
          <extender guid="ae60621d-9d91-3d9a-b9fb-eb6c8be12131">
            <OrmEntityPropertySDataExtension generate="true" />
          </extender>
        </extendee>
      </ExtendedPropertiesCollection>
      <SystemDataType guid="ccc0f01d-7ba5-408e-8526-a3f942354b3a">
        <TextDataType>
          <Length>64</Length>
        </TextDataType>
      </SystemDataType>
    </property>
    <property xsi:type="OrmFieldProperty" id="c9fbe1f3-5ac0-45f9-ac7c-ee11746aabf6" lastModifiedUtc="2013-10-07T16:28:41.8402162Z" name="FirstName" audited="false" columnName="FIRSTNAME" maxLength="64" precision="0" scale="0" ordinal="10" isReadOnly="false">
      <ExtendedPropertiesCollection>
        <extendee type="Sage.Platform.Orm.Entities.OrmFieldProperty">
          <extender guid="ae60621d-9d91-3d9a-b9fb-eb6c8be12131">
            <OrmEntityPropertySDataExtension generate="true" />
          </extender>
        </extendee>
      </ExtendedPropertiesCollection>
      <SystemDataType guid="ccc0f01d-7ba5-408e-8526-a3f942354b3a">
        <TextDataType>
          <Length>64</Length>
        </TextDataType>
      </SystemDataType>
    </property>
    <property xsi:type="OrmFieldProperty" id="505561f7-4cc8-4140-a3c9-adb0b8a47a44" lastModifiedUtc="2013-10-07T16:28:41.8402162Z" name="LastName" audited="false" columnName="LASTNAME" maxLength="64" precision="0" scale="0" ordinal="11" isReadOnly="false">
      <ExtendedPropertiesCollection>
        <extendee type="Sage.Platform.Orm.Entities.OrmFieldProperty">
          <extender guid="ae60621d-9d91-3d9a-b9fb-eb6c8be12131">
            <OrmEntityPropertySDataExtension generate="true" />
          </extender>
        </extendee>
      </ExtendedPropertiesCollection>
      <SystemDataType guid="ccc0f01d-7ba5-408e-8526-a3f942354b3a">
        <TextDataType>
          <Length>64</Length>
        </TextDataType>
      </SystemDataType>
    </property>
    <property xsi:type="OrmFieldProperty" id="df5408d9-4bdc-4f3f-aca9-9d031c497270" lastModifiedUtc="2013-10-07T16:28:41.8402162Z" name="PictureUrl" audited="false" columnName="PICTUREURL" maxLength="128" precision="0" scale="0" ordinal="12" isReadOnly="false">
      <ExtendedPropertiesCollection>
        <extendee type="Sage.Platform.Orm.Entities.OrmFieldProperty">
          <extender guid="ae60621d-9d91-3d9a-b9fb-eb6c8be12131">
            <OrmEntityPropertySDataExtension generate="true" />
          </extender>
        </extendee>
      </ExtendedPropertiesCollection>
      <SystemDataType guid="ccc0f01d-7ba5-408e-8526-a3f942354b3a">
        <TextDataType>
          <Length>128</Length>
        </TextDataType>
      </SystemDataType>
    </property>
    <property xsi:type="OrmFieldProperty" id="ec1dfd03-71c3-4201-863e-c9923cfa5c13" lastModifiedUtc="2013-10-07T16:28:41.8402162Z" name="FormattedName" audited="false" columnName="FORMATTEDNAME" maxLength="128" precision="0" scale="0" ordinal="13" isReadOnly="false">
      <ExtendedPropertiesCollection>
        <extendee type="Sage.Platform.Orm.Entities.OrmFieldProperty">
          <extender guid="ae60621d-9d91-3d9a-b9fb-eb6c8be12131">
            <OrmEntityPropertySDataExtension generate="true" />
          </extender>
        </extendee>
      </ExtendedPropertiesCollection>
      <SystemDataType guid="ccc0f01d-7ba5-408e-8526-a3f942354b3a">
        <TextDataType>
          <Length>128</Length>
        </TextDataType>
      </SystemDataType>
    </property>
  </properties>
</entity>