<?xml version="1.0" encoding="utf-8"?>
<QuickFormDefinition Id="d78bd651-dbd6-46f5-8370-701c5edc7275" name="StandardProblemDetail">
  <Properties>
    <Property name="EntityTypeName" type="System.String">ITicketProblemType</Property>
    <Property name="DefaultNamespace" type="System.String">Sage.Entity.Interfaces</Property>
    <Property name="AssemblyName" type="System.String">Sage.Entity.Interfaces</Property>
    <Property name="UseEntityNameAsTitle" type="System.Boolean">True</Property>
    <Property name="ImagePath" type="System.String"></Property>
    <Property name="DefinitionType" type="System.String">Sage.Platform.QuickForms.QuickFormMainDetailViewDefinition, Sage.Platform.QuickForms</Property>
    <Property name="Columns" type="System.ComponentModel.BindingList`1[[System.Windows.Forms.ColumnStyle, System.Windows.Forms, Version=2.0.0.0, Culture=neutral, PublicKeyToken=b77a5c561934e089]], System, Version=2.0.0.0, Culture=neutral, PublicKeyToken=b77a5c561934e089"><ArrayOfColumnStyle xmlns:xsi="http://www.w3.org/2001/XMLSchema-instance" xmlns:xsd="http://www.w3.org/2001/XMLSchema"><ColumnStyle><SizeType>Percent</SizeType><Width>50</Width></ColumnStyle></ArrayOfColumnStyle></Property>
    <Property name="Rows" type="System.ComponentModel.BindingList`1[[System.Windows.Forms.RowStyle, System.Windows.Forms, Version=2.0.0.0, Culture=neutral, PublicKeyToken=b77a5c561934e089]], System, Version=2.0.0.0, Culture=neutral, PublicKeyToken=b77a5c561934e089"><ArrayOfRowStyle xmlns:xsi="http://www.w3.org/2001/XMLSchema-instance" xmlns:xsd="http://www.w3.org/2001/XMLSchema"><RowStyle><SizeType>Absolute</SizeType><Height>35</Height></RowStyle><RowStyle><SizeType>Absolute</SizeType><Height>35</Height></RowStyle><RowStyle><SizeType>Absolute</SizeType><Height>35</Height></RowStyle></ArrayOfRowStyle></Property>
    <Property name="GeneratePrintView" type="System.Boolean">False</Property>
    <Property name="Description" type="System.String"></Property>
    <Property name="ActiveControl" type="System.String">Description</Property>
  </Properties>
  <LoadActions>
    <ActionDefinition>
      <ResourceKey>b69ac6e5-720b-436d-ad69-20622941f7a9</ResourceKey>
      <RootActionName>CSharpSnippetAction</RootActionName>
      <Action>
        <CSharpCodeSnippet><![CDATA[    Sage.Platform.WebPortal.EntityPage page = (Sage.Platform.WebPortal.EntityPage)Page;
    if (page != null)
    {
	    bool bInsertMode = page.ModeId.ToUpper().Equals("INSERT");
	    this.btnDelete.Visible = !bInsertMode;
        this.ProblemNavigator.Visible = !bInsertMode;
    }]]></CSharpCodeSnippet>
      </Action>
      <IsDialogCloseAction>False</IsDialogCloseAction>
      <RunOnEveryRePaint>False</RunOnEveryRePaint>
      <DialogActionResult>NoResult</DialogActionResult>
      <PerformsUpdate>False</PerformsUpdate>
      <AppliedSecurity />
      <RefreshData>False</RefreshData>
    </ActionDefinition>
    <ActionDefinition>
      <ResourceKey>881d3200-9c2f-4b6a-9d1e-2e5370307681</ResourceKey>
      <RootActionName>CSharpSnippetAction</RootActionName>
      <Action>
        <CSharpCodeSnippet><![CDATA[if (AppContext.HasContext("NewEntityParameters"))
{
    System.Collections.Generic.Dictionary<string, string> args = AppContext["NewEntityParameters"] as System.Collections.Generic.Dictionary<string, string>;
    Sage.Entity.Interfaces.ITicketProblemType problem = BindingSource.Current as Sage.Entity.Interfaces.ITicketProblemType;
    problem.Notes = args["notes"];
    problem.ShortNotes = args["notes"];
}]]></CSharpCodeSnippet>
      </Action>
      <IsDialogCloseAction>False</IsDialogCloseAction>
      <RunOnEveryRePaint>False</RunOnEveryRePaint>
      <DialogActionResult>NoResult</DialogActionResult>
      <PerformsUpdate>False</PerformsUpdate>
      <AppliedSecurity />
      <RefreshData>False</RefreshData>
    </ActionDefinition>
  </LoadActions>
  <QuickFormElements>
    <QuickFormElement>
      <Properties>
        <Property name="EntityMappingType" type="System.String">Property</Property>
        <Property name="EntityTypeName" type="System.String">ITicketProblemType</Property>
        <Property name="EntityNamespace" type="System.String">Sage.Entity.Interfaces</Property>
        <Property name="EntityAssemblyName" type="System.String">Sage.Entity.Interfaces</Property>
        <Property name="DefaultNamespace" type="System.String">Sage.Entity.Interfaces</Property>
        <Property name="AssemblyName" type="System.String">Sage.Entity.Interfaces</Property>
        <Property name="EntityReferenceName" type="System.String"></Property>
        <Property name="ValueMember" type="System.String">Area</Property>
      </Properties>
      <ControlDefinition>
        <Properties>
          <Property name="Control" type="Sage.Platform.QuickForms.Controls.QFTextBox, Sage.Platform.QuickForms"><QFTextBox xmlns:xsi="http://www.w3.org/2001/XMLSchema-instance" xmlns:xsd="http://www.w3.org/2001/XMLSchema"><Column>0</Column><Row>0</Row><IsReadOnly>false</IsReadOnly><HotKey>0</HotKey><TabIndex>0</TabIndex><ControlId>Description</ControlId><DataBindings><QuickFormPropertyDataBindingDefinition><DataSourceID>MainEntity</DataSourceID><DataItemName>Description</DataItemName><ControlItemName>Text</ControlItemName><FormatString /><NullValueString /></QuickFormPropertyDataBindingDefinition></DataBindings><ControlLabelPlacement>left</ControlLabelPlacement><CaptionAlignment>left</CaptionAlignment><StyleScheme /><MaxLength>255</MaxLength><OnChangeAction><ResourceKey>Description</ResourceKey><RootActionName>NoActionAction</RootActionName><Action /><IsDialogCloseAction>False</IsDialogCloseAction><RunOnEveryRePaint>False</RunOnEveryRePaint><DialogActionResult>NoResult</DialogActionResult><PerformsUpdate>False</PerformsUpdate><AppliedSecurity /><RefreshData>False</RefreshData></OnChangeAction></QFTextBox></Property>
        </Properties>
      </ControlDefinition>
    </QuickFormElement>
    <QuickFormElement>
      <Properties>
        <Property name="EntityMappingType" type="System.String">Property</Property>
        <Property name="EntityTypeName" type="System.String">ITicketProblemType</Property>
        <Property name="EntityNamespace" type="System.String">Sage.Entity.Interfaces</Property>
        <Property name="EntityAssemblyName" type="System.String">Sage.Entity.Interfaces</Property>
        <Property name="DefaultNamespace" type="System.String">Sage.Entity.Interfaces</Property>
        <Property name="AssemblyName" type="System.String">Sage.Entity.Interfaces</Property>
        <Property name="EntityReferenceName" type="System.String"></Property>
        <Property name="ValueMember" type="System.String">Description</Property>
      </Properties>
      <ControlDefinition>
        <Properties>
          <Property name="Control" type="Sage.SalesLogix.QuickForms.QFControls.QFSLXDependencyLookup, Sage.SalesLogix.QuickForms.QFControls"><QFSLXDependencyLookup xmlns:xsi="http://www.w3.org/2001/XMLSchema-instance" xmlns:xsd="http://www.w3.org/2001/XMLSchema"><Column>0</Column><Row>1</Row><IsReadOnly>false</IsReadOnly><HotKey>0</HotKey><TabIndex>0</TabIndex><ControlId>dlueArea</ControlId><DataBindings><QuickFormPropertyDataBindingDefinition><DataSourceID>MainEntity</DataSourceID><DataItemName>Area</DataItemName><ControlItemName>Text</ControlItemName><FormatString /><NullValueString /></QuickFormPropertyDataBindingDefinition></DataBindings><ControlLabelPlacement>left</ControlLabelPlacement><CaptionAlignment>left</CaptionAlignment><StyleScheme /><OnChangeAction><ResourceKey>dlueArea</ResourceKey><RootActionName>NoActionAction</RootActionName><Action /><IsDialogCloseAction>False</IsDialogCloseAction><RunOnEveryRePaint>False</RunOnEveryRePaint><DialogActionResult>NoResult</DialogActionResult><PerformsUpdate>False</PerformsUpdate><AppliedSecurity /><RefreshData>False</RefreshData></OnChangeAction><AutoPostBack>false</AutoPostBack><DependentLookups><DependencyLookup><PropertyDisplay>Area:</PropertyDisplay><LookupEntityName>AreaCategoryIssue</LookupEntityName><LookupEntityTypeName>Sage.Entity.Interfaces.IAreaCategoryIssue, Sage.Entity.Interfaces, Version=0.0.0.0, Culture=neutral, PublicKeyToken=null</LookupEntityTypeName><DropDownDisplayProperty>Area</DropDownDisplayProperty><ParentProperty /><BindingPropertyName>Area</BindingPropertyName></DependencyLookup><DependencyLookup><PropertyDisplay>Category:</PropertyDisplay><LookupEntityName>AreaCategoryIssue</LookupEntityName><LookupEntityTypeName>Sage.Entity.Interfaces.IAreaCategoryIssue, Sage.Entity.Interfaces, Version=0.0.0.0, Culture=neutral, PublicKeyToken=null</LookupEntityTypeName><DropDownDisplayProperty>Category</DropDownDisplayProperty><ParentProperty>Area</ParentProperty><BindingPropertyName>Category</BindingPropertyName></DependencyLookup><DependencyLookup><PropertyDisplay>Issue:</PropertyDisplay><LookupEntityName>AreaCategoryIssue</LookupEntityName><LookupEntityTypeName>Sage.Entity.Interfaces.IAreaCategoryIssue, Sage.Entity.Interfaces, Version=0.0.0.0, Culture=neutral, PublicKeyToken=null</LookupEntityTypeName><DropDownDisplayProperty>Issue</DropDownDisplayProperty><ParentProperty>Category</ParentProperty><BindingPropertyName>Issue</BindingPropertyName></DependencyLookup></DependentLookups><LookupPreFilters /></QFSLXDependencyLookup></Property>
        </Properties>
      </ControlDefinition>
    </QuickFormElement>
    <QuickFormElement>
      <Properties>
        <Property name="EntityMappingType" type="System.String">Property</Property>
        <Property name="EntityTypeName" type="System.String">ITicketProblemType</Property>
        <Property name="EntityNamespace" type="System.String">Sage.Entity.Interfaces</Property>
        <Property name="EntityAssemblyName" type="System.String">Sage.Entity.Interfaces</Property>
        <Property name="DefaultNamespace" type="System.String">Sage.Entity.Interfaces</Property>
        <Property name="AssemblyName" type="System.String">Sage.Entity.Interfaces</Property>
        <Property name="EntityReferenceName" type="System.String"></Property>
        <Property name="ValueMember" type="System.String">Notes</Property>
      </Properties>
      <ControlDefinition>
        <Properties>
          <Property name="Control" type="Sage.Platform.QuickForms.Controls.QFTextBox, Sage.Platform.QuickForms"><QFTextBox xmlns:xsi="http://www.w3.org/2001/XMLSchema-instance" xmlns:xsd="http://www.w3.org/2001/XMLSchema"><Column>0</Column><Row>2</Row><IsReadOnly>false</IsReadOnly><HotKey>0</HotKey><TabIndex>0</TabIndex><ControlId>Notes</ControlId><DataBindings><QuickFormPropertyDataBindingDefinition><DataSourceID>MainEntity</DataSourceID><DataItemName>Notes</DataItemName><ControlItemName>Text</ControlItemName><FormatString /><NullValueString /></QuickFormPropertyDataBindingDefinition></DataBindings><ControlLabelPlacement>left</ControlLabelPlacement><CaptionAlignment>left</CaptionAlignment><StyleScheme /><MaxLength>2147483647</MaxLength><Lines>5</Lines><OnChangeAction><ResourceKey>Notes</ResourceKey><RootActionName>NoActionAction</RootActionName><Action /><IsDialogCloseAction>False</IsDialogCloseAction><RunOnEveryRePaint>False</RunOnEveryRePaint><DialogActionResult>NoResult</DialogActionResult><PerformsUpdate>False</PerformsUpdate><AppliedSecurity /><RefreshData>False</RefreshData></OnChangeAction></QFTextBox></Property>
        </Properties>
      </ControlDefinition>
    </QuickFormElement>
  </QuickFormElements>
  <QuickFormToolElements>
    <QuickFormElement>
      <Properties>
        <Property name="EntityMappingType" type="System.String">None</Property>
      </Properties>
      <ControlDefinition>
        <Properties>
          <Property name="Control" type="Sage.Platform.QuickForms.Controls.QFElementSpacer, Sage.Platform.QuickForms"><QFElementSpacer xmlns:xsi="http://www.w3.org/2001/XMLSchema-instance" xmlns:xsd="http://www.w3.org/2001/XMLSchema"><Column>0</Column><Row>0</Row><IsReadOnly>false</IsReadOnly><HotKey>0</HotKey><TabIndex>0</TabIndex><ControlId /><DataBindings /><ControlLabelPlacement>left</ControlLabelPlacement><CaptionAlignment>left</CaptionAlignment><StyleScheme /></QFElementSpacer></Property>
        </Properties>
      </ControlDefinition>
    </QuickFormElement>
    <QuickFormElement>
      <Properties>
        <Property name="EntityMappingType" type="System.String">None</Property>
      </Properties>
      <ControlDefinition>
        <Properties>
          <Property name="Control" type="Sage.Platform.QuickForms.Controls.QFElementSpacer, Sage.Platform.QuickForms"><QFElementSpacer xmlns:xsi="http://www.w3.org/2001/XMLSchema-instance" xmlns:xsd="http://www.w3.org/2001/XMLSchema"><Column>0</Column><Row>0</Row><IsReadOnly>false</IsReadOnly><HotKey>0</HotKey><TabIndex>0</TabIndex><ControlId /><DataBindings /><ControlLabelPlacement>left</ControlLabelPlacement><CaptionAlignment>left</CaptionAlignment><StyleScheme /></QFElementSpacer></Property>
        </Properties>
      </ControlDefinition>
    </QuickFormElement>
    <QuickFormElement>
      <Properties>
        <Property name="EntityMappingType" type="System.String">None</Property>
      </Properties>
      <ControlDefinition>
        <Properties>
          <Property name="Control" type="Sage.SalesLogix.QuickForms.QFControls.QFSLXGroupNavigator, Sage.SalesLogix.QuickForms.QFControls"><QFSLXGroupNavigator xmlns:xsi="http://www.w3.org/2001/XMLSchema-instance" xmlns:xsd="http://www.w3.org/2001/XMLSchema"><Column>0</Column><Row>0</Row><IsReadOnly>false</IsReadOnly><HotKey>48</HotKey><TabIndex>0</TabIndex><ControlId>ProblemNavigator</ControlId><DataBindings /><ControlLabelPlacement>none</ControlLabelPlacement><CaptionAlignment>left</CaptionAlignment><StyleScheme /></QFSLXGroupNavigator></Property>
        </Properties>
      </ControlDefinition>
    </QuickFormElement>
    <QuickFormElement>
      <Properties>
        <Property name="EntityMappingType" type="System.String">None</Property>
      </Properties>
      <ControlDefinition>
        <Properties>
          <Property name="Control" type="Sage.Platform.QuickForms.Controls.QFButton, Sage.Platform.QuickForms"><QFButton xmlns:xsi="http://www.w3.org/2001/XMLSchema-instance" xmlns:xsd="http://www.w3.org/2001/XMLSchema"><Column>0</Column><Row>0</Row><IsReadOnly>false</IsReadOnly><HotKey>0</HotKey><TabIndex>0</TabIndex><ControlId>btnSave</ControlId><DataBindings /><ControlLabelPlacement>none</ControlLabelPlacement><CaptionAlignment>left</CaptionAlignment><StyleScheme /><ButtonType>Icon</ButtonType><Image>[Localization!Global_Images:Save_16x16]</Image><OnClientClick /><OnClickAction><ResourceKey>btnSave</ResourceKey><RootActionName>BusinessRuleAction</RootActionName><Action><BusinessRule>Save</BusinessRule><Object>TicketProblemType</Object><Parameters /><PassResultsToNextAction>False</PassResultsToNextAction><OnCompleteActionName>RedirectAction</OnCompleteActionName><OnComplete><MainViewEntityName>TicketProblemType</MainViewEntityName><RawURL /><EntityViewMode>Detail</EntityViewMode><UseCurrentIdInLink>True</UseCurrentIdInLink></OnComplete></Action><IsDialogCloseAction>False</IsDialogCloseAction><RunOnEveryRePaint>False</RunOnEveryRePaint><DialogActionResult>NoResult</DialogActionResult><PerformsUpdate>True</PerformsUpdate><AppliedSecurity /><RefreshData>False</RefreshData></OnClickAction></QFButton></Property>
        </Properties>
      </ControlDefinition>
    </QuickFormElement>
    <QuickFormElement>
      <Properties>
        <Property name="EntityMappingType" type="System.String">None</Property>
      </Properties>
      <ControlDefinition>
        <Properties>
          <Property name="Control" type="Sage.Platform.QuickForms.Controls.QFButton, Sage.Platform.QuickForms"><QFButton xmlns:xsi="http://www.w3.org/2001/XMLSchema-instance" xmlns:xsd="http://www.w3.org/2001/XMLSchema"><Column>0</Column><Row>0</Row><IsReadOnly>false</IsReadOnly><HotKey>0</HotKey><TabIndex>0</TabIndex><ControlId>btnDelete</ControlId><DataBindings /><ControlLabelPlacement>none</ControlLabelPlacement><CaptionAlignment>left</CaptionAlignment><StyleScheme /><ButtonType>Icon</ButtonType><Image>[Localization!Global_Images:Delete_16x16]</Image><OnClientClick /><OnClickAction><ResourceKey>btnDelete</ResourceKey><RootActionName>BusinessRuleAction</RootActionName><Action><BusinessRule>Delete</BusinessRule><Object>TicketProblemType</Object><Parameters /><PassResultsToNextAction>False</PassResultsToNextAction><OnCompleteActionName>RedirectAction</OnCompleteActionName><OnComplete><MainViewEntityName>TicketProblemType</MainViewEntityName><RawURL /><EntityViewMode>List</EntityViewMode><UseCurrentIdInLink>False</UseCurrentIdInLink></OnComplete></Action><IsDialogCloseAction>False</IsDialogCloseAction><RunOnEveryRePaint>False</RunOnEveryRePaint><DialogActionResult>NoResult</DialogActionResult><PerformsUpdate>False</PerformsUpdate><AppliedSecurity /><RefreshData>False</RefreshData></OnClickAction></QFButton></Property>
        </Properties>
      </ControlDefinition>
    </QuickFormElement>
  </QuickFormToolElements>
</QuickFormDefinition>