<?xml version="1.0"?>
<PortalPage xmlns:xsi="http://www.w3.org/2001/XMLSchema-instance" xmlns:xsd="http://www.w3.org/2001/XMLSchema" id="add721e9-224c-4921-8e16-b4c6953d48ef">
  <PageAlias>UserOptions</PageAlias>
  <SmallImage>[Localization!Global_Images:options_16x16]</SmallImage>
  <LargeImage>[Localization!Global_Images:options_24x24]</LargeImage>
  <TemplateUrl>Masters\base.master</TemplateUrl>
  <InheritTemplate>false</InheritTemplate>
  <InheritsFrom>Sage.Platform.WebPortal.WebPortalPage, Sage.Platform.WebPortal</InheritsFrom>
  <Properties />
  <TemplateProperties>
    <Property Name="IncludeMiddlePane" TypeConverter="">false</Property>
    <Property Name="IncludeMoreTabsTab" TypeConverter="">false</Property>
    <Property Name="IncludeTaskPane" TypeConverter="">False</Property>
  </TemplateProperties>
  <IsDefaultPage>false</IsDefaultPage>
  <ExcludedGlobalModules />
  <AppliedSecurity />
</PortalPage>