<?xml version="1.0"?>
<entity xmlns:xsi="http://www.w3.org/2001/XMLSchema-instance" xmlns:xsd="http://www.w3.org/2001/XMLSchema" id="cad65bae-faef-4965-ad4f-8160aa29050e" lastModifiedUtc="2013-05-17T13:16:35.4301313Z" manageSchema="true" tableName="OAUTHPROVIDERSCOPE" name="OAuthProviderScope" displayPropertyId="2bf93acc-17ee-482c-93a5-f02df7ef94b2" isExtension="false" audited="false" onBeforeInsertMethodId="b911a1ed-28bd-4b19-95b5-e91e8b917df7" onAfterInsertMethodId="9ee10ef7-0847-41aa-b4e1-1208118efb49" onBeforeUpdateMethodId="9442e410-f689-4f12-b797-d8f3658c6aa7" onAfterUpdateMethodId="ae9b7589-42e3-4d3a-b485-577ff28d2f02" onBeforeDeleteMethodId="388ab6fa-74b7-4de8-ba7c-031acde7933d" onAfterDeleteMethodId="0300cc18-b37f-433d-a7dc-bc14fdc0b29a" onCreateId="742e8343-7080-407d-84cd-4e9c351175c3">
  <extendedMetaData />
  <ExtendedPropertiesCollection>
    <extendee type="Sage.Platform.Orm.Entities.OrmEntity">
      <extender guid="1589723d-0536-4bf3-bdd7-3f6f7fe165d0">
        <OrmEntityMetadataExtension>
          <StringExpression>${CreateUser}</StringExpression>
          <IsHistoryTable>false</IsHistoryTable>
        </OrmEntityMetadataExtension>
      </extender>
      <extender guid="76aa0e24-2c8f-3b71-a1f9-ca6db3db4459">
        <OrmEntitySDataExtension generateFeed="true" pathName="oAuthProviderScopes" lastUpdatedPropertyId="5147e154-48e1-437d-98b5-1605dc435e41" canPost="true" canPut="true" canDelete="true" />
      </extender>
    </extendee>
  </ExtendedPropertiesCollection>
  <keyProperties>
    <keyReference id="3a850b59-fb95-4b65-9c75-14de694ad89f" ordinalPosition="0" />
  </keyProperties>
  <properties>
    <property xsi:type="OrmFieldProperty" id="3a850b59-fb95-4b65-9c75-14de694ad89f" lastModifiedUtc="2013-05-17T13:16:35.4232954Z" name="OAuthProviderScopeId" audited="false" isNullable="false" include="false" columnName="OAUTHPROVIDERSCOPEID" maxLength="12" precision="0" scale="0" ordinal="0" isReadOnly="false">
      <ExtendedPropertiesCollection>
        <extendee type="Sage.Platform.Orm.Entities.OrmFieldProperty">
          <extender guid="ae60621d-9d91-3d9a-b9fb-eb6c8be12131">
            <OrmEntityPropertySDataExtension generate="true" />
          </extender>
        </extendee>
      </ExtendedPropertiesCollection>
      <SystemDataType guid="30053f5a-8d40-4db1-b185-1e4128eb26cc">
        <StandardIdDataType />
      </SystemDataType>
    </property>
    <property xsi:type="OrmFieldProperty" id="94315c2e-e5fd-47ba-bdcd-17f7e060a2eb" lastModifiedUtc="2013-05-17T13:16:35.4252485Z" name="OAuthProviderId" audited="false" isNullable="false" include="false" columnName="OAUTHPROVIDERID" maxLength="12" precision="0" scale="0" ordinal="1" isReadOnly="false">
      <ExtendedPropertiesCollection>
        <extendee type="Sage.Platform.Orm.Entities.OrmFieldProperty">
          <extender guid="ae60621d-9d91-3d9a-b9fb-eb6c8be12131">
            <OrmEntityPropertySDataExtension generate="true" />
          </extender>
        </extendee>
      </ExtendedPropertiesCollection>
      <SystemDataType guid="30053f5a-8d40-4db1-b185-1e4128eb26cc">
        <StandardIdDataType />
      </SystemDataType>
    </property>
    <property xsi:type="OrmFieldProperty" id="2bf93acc-17ee-482c-93a5-f02df7ef94b2" lastModifiedUtc="2013-05-17T13:16:35.426225Z" name="CreateUser" audited="false" columnName="CREATEUSER" maxLength="12" precision="0" scale="0" ordinal="2" isReadOnly="false">
      <ExtendedPropertiesCollection>
        <extendee type="Sage.Platform.Orm.Entities.OrmFieldProperty">
          <extender guid="ae60621d-9d91-3d9a-b9fb-eb6c8be12131">
            <OrmEntityPropertySDataExtension generate="true" />
          </extender>
        </extendee>
      </ExtendedPropertiesCollection>
      <SystemDataType guid="30053f5a-8d40-4db1-b185-1e4128eb26cc">
        <StandardIdDataType />
      </SystemDataType>
    </property>
    <property xsi:type="OrmFieldProperty" id="dc3a48a8-3355-44c9-91a5-a392116fe5fd" lastModifiedUtc="2013-05-17T13:16:35.4272016Z" name="CreateDate" audited="false" columnName="CREATEDATE" maxLength="0" precision="0" scale="0" ordinal="3" isReadOnly="false">
      <ExtendedPropertiesCollection>
        <extendee type="Sage.Platform.Orm.Entities.OrmFieldProperty">
          <extender guid="ae60621d-9d91-3d9a-b9fb-eb6c8be12131">
            <OrmEntityPropertySDataExtension generate="true" />
          </extender>
        </extendee>
      </ExtendedPropertiesCollection>
      <SystemDataType guid="1f08f2eb-87c8-443b-a7c2-a51f590923f5">
        <DateTimeDataType />
      </SystemDataType>
    </property>
    <property xsi:type="OrmFieldProperty" id="bd760b0f-7fd1-44b3-8385-7bc86fbe2032" lastModifiedUtc="2013-05-17T13:16:35.4281782Z" name="ModifyUser" audited="false" columnName="MODIFYUSER" maxLength="12" precision="0" scale="0" ordinal="4" isReadOnly="false">
      <ExtendedPropertiesCollection>
        <extendee type="Sage.Platform.Orm.Entities.OrmFieldProperty">
          <extender guid="ae60621d-9d91-3d9a-b9fb-eb6c8be12131">
            <OrmEntityPropertySDataExtension generate="true" />
          </extender>
        </extendee>
      </ExtendedPropertiesCollection>
      <SystemDataType guid="30053f5a-8d40-4db1-b185-1e4128eb26cc">
        <StandardIdDataType />
      </SystemDataType>
    </property>
    <property xsi:type="OrmFieldProperty" id="5147e154-48e1-437d-98b5-1605dc435e41" lastModifiedUtc="2013-05-17T13:16:35.4291547Z" name="ModifyDate" audited="false" columnName="MODIFYDATE" maxLength="0" precision="0" scale="0" ordinal="5" isReadOnly="false">
      <ExtendedPropertiesCollection>
        <extendee type="Sage.Platform.Orm.Entities.OrmFieldProperty">
          <extender guid="ae60621d-9d91-3d9a-b9fb-eb6c8be12131">
            <OrmEntityPropertySDataExtension generate="true" />
          </extender>
        </extendee>
      </ExtendedPropertiesCollection>
      <SystemDataType guid="1f08f2eb-87c8-443b-a7c2-a51f590923f5">
        <DateTimeDataType />
      </SystemDataType>
    </property>
    <property xsi:type="OrmFieldProperty" id="1e36c7d6-3138-4e5c-af50-6f730de1de94" lastModifiedUtc="2013-05-17T13:16:35.4301313Z" name="Scope" audited="false" columnName="SCOPE" maxLength="128" precision="0" scale="0" ordinal="6" isReadOnly="false">
      <ExtendedPropertiesCollection>
        <extendee type="Sage.Platform.Orm.Entities.OrmFieldProperty">
          <extender guid="ae60621d-9d91-3d9a-b9fb-eb6c8be12131">
            <OrmEntityPropertySDataExtension generate="true" />
          </extender>
        </extendee>
      </ExtendedPropertiesCollection>
      <SystemDataType guid="ccc0f01d-7ba5-408e-8526-a3f942354b3a">
        <TextDataType>
          <Length>128</Length>
        </TextDataType>
      </SystemDataType>
    </property>
  </properties>
</entity>