<?xml version="1.0"?>
<SmartPartMapping xmlns:xsi="http://www.w3.org/2001/XMLSchema-instance" xmlns:xsd="http://www.w3.org/2001/XMLSchema" id="73e32dd3-5288-4436-9a78-dea1fa196b96">
  <SmartPartId>OAuthProviderDetail</SmartPartId>
  <ReferencedModelId>b2741b79-02a2-4f4c-81cd-c204f82cf41c</ReferencedModelId>
  <SmartPart>\Entity Model\SalesLogix Application Entities\OAuthProvider\QuickForms\InsertOAuthProvider.main.quickform.xml</SmartPart>
  <TargetWorkspace>MainContent</TargetWorkspace>
  <ShowInMode>Insert</ShowInMode>
  <Properties />
  <AllowRoles />
</SmartPartMapping>