<?xml version="1.0"?>
<SmartPartMapping xmlns:xsi="http://www.w3.org/2001/XMLSchema-instance" xmlns:xsd="http://www.w3.org/2001/XMLSchema" id="f7937b93-6341-497b-b187-f095372e297a">
  <SmartPartId>AccountSocialUpdates</SmartPartId>
  <ReferencedModelId>00000000-0000-0000-0000-000000000000</ReferencedModelId>
  <SmartPart>SmartParts\Social\SocialUpdates.ascx</SmartPart>
  <TargetWorkspace>TabControl</TargetWorkspace>
  <ShowInMode>Detail</ShowInMode>
  <Properties />
  <AllowRoles />
</SmartPartMapping>