<?xml version="1.0"?>
<entity xmlns:xsi="http://www.w3.org/2001/XMLSchema-instance" xmlns:xsd="http://www.w3.org/2001/XMLSchema" id="2514d945-9177-4ae9-a028-5f17fdd81b86" lastModifiedUtc="2013-09-09T14:49:56.7790784Z" manageSchema="true" tableName="USER_OAUTHTOKEN" name="UserOAuthToken" displayPropertyId="4b328773-7a4c-44d6-814b-7e5a6a827e4b" isExtension="false" audited="false" onBeforeInsertMethodId="a74ef93c-a9f3-487d-a841-35bd5ab1ba1e" onAfterInsertMethodId="cdd86a31-21a5-4245-b151-6c2939459780" onBeforeUpdateMethodId="1f771ec1-5473-4a26-a37a-b563762b9341" onAfterUpdateMethodId="60e6faf4-2d1c-4173-a357-7b488c1c6f39" onBeforeDeleteMethodId="9f103d0b-fc9d-44a1-905b-e246cac38a2e" onAfterDeleteMethodId="bc6609ab-ae3a-4934-837d-c43fac462623" onCreateId="edf9374e-502b-486b-9d50-99e2649ce9ce">
  <extendedMetaData />
  <ExtendedPropertiesCollection>
    <extendee type="Sage.Platform.Orm.Entities.OrmEntity">
      <extender guid="1589723d-0536-4bf3-bdd7-3f6f7fe165d0">
        <OrmEntityMetadataExtension>
          <StringExpression>${AccountLoginName}</StringExpression>
          <HistoryTypeName />
          <IsHistoryTable>false</IsHistoryTable>
        </OrmEntityMetadataExtension>
      </extender>
      <extender guid="76aa0e24-2c8f-3b71-a1f9-ca6db3db4459">
        <OrmEntitySDataExtension generateFeed="true" pathName="userOAuthTokens" uniqueIdentifierPropertyId="0d84b894-38d8-4f5f-bd36-f9ef2c81ab13" lastUpdatedPropertyId="e43f87ef-6c31-47d1-8bdc-3fc1953a0cde" canPost="true" canPut="true" canDelete="true" />
      </extender>
    </extendee>
  </ExtendedPropertiesCollection>
  <keyProperties>
    <keyReference id="0d84b894-38d8-4f5f-bd36-f9ef2c81ab13" ordinalPosition="0" />
  </keyProperties>
  <properties>
    <property xsi:type="OrmFieldProperty" id="0d84b894-38d8-4f5f-bd36-f9ef2c81ab13" lastModifiedUtc="2013-09-09T14:49:56.7634534Z" name="UserOAuthTokenId" audited="false" isNullable="false" include="false" columnName="USER_OAUTHTOKENID" maxLength="12" precision="0" scale="0" ordinal="0" isReadOnly="false">
      <ExtendedPropertiesCollection>
        <extendee type="Sage.Platform.Orm.Entities.OrmFieldProperty">
          <extender guid="ae60621d-9d91-3d9a-b9fb-eb6c8be12131">
            <OrmEntityPropertySDataExtension generate="true" />
          </extender>
        </extendee>
      </ExtendedPropertiesCollection>
      <SystemDataType guid="30053f5a-8d40-4db1-b185-1e4128eb26cc">
        <StandardIdDataType />
      </SystemDataType>
    </property>
    <property xsi:type="OrmFieldProperty" id="b5eeea5c-3db7-4fb6-a3d6-7b8e19505af8" lastModifiedUtc="2013-09-09T14:49:56.7634534Z" name="CreateUser" audited="false" columnName="CREATEUSER" maxLength="12" precision="0" scale="0" ordinal="1" isReadOnly="false">
      <ExtendedPropertiesCollection>
        <extendee type="Sage.Platform.Orm.Entities.OrmFieldProperty">
          <extender guid="ae60621d-9d91-3d9a-b9fb-eb6c8be12131">
            <OrmEntityPropertySDataExtension generate="true" />
          </extender>
        </extendee>
      </ExtendedPropertiesCollection>
      <SystemDataType guid="30053f5a-8d40-4db1-b185-1e4128eb26cc">
        <StandardIdDataType />
      </SystemDataType>
    </property>
    <property xsi:type="OrmFieldProperty" id="2c5acc0b-9916-422b-8996-16ffb6cc4d8c" lastModifiedUtc="2013-09-09T14:49:56.7790784Z" name="CreateDate" audited="false" columnName="CREATEDATE" maxLength="0" precision="0" scale="0" ordinal="2" isReadOnly="false">
      <ExtendedPropertiesCollection>
        <extendee type="Sage.Platform.Orm.Entities.OrmFieldProperty">
          <extender guid="ae60621d-9d91-3d9a-b9fb-eb6c8be12131">
            <OrmEntityPropertySDataExtension generate="true" />
          </extender>
        </extendee>
      </ExtendedPropertiesCollection>
      <SystemDataType guid="1f08f2eb-87c8-443b-a7c2-a51f590923f5">
        <DateTimeDataType />
      </SystemDataType>
    </property>
    <property xsi:type="OrmFieldProperty" id="e2b18ea4-7e26-4750-9fc9-30be20a92a1b" lastModifiedUtc="2013-09-09T14:49:56.7790784Z" name="ModifyUser" audited="false" columnName="MODIFYUSER" maxLength="12" precision="0" scale="0" ordinal="3" isReadOnly="false">
      <ExtendedPropertiesCollection>
        <extendee type="Sage.Platform.Orm.Entities.OrmFieldProperty">
          <extender guid="ae60621d-9d91-3d9a-b9fb-eb6c8be12131">
            <OrmEntityPropertySDataExtension generate="true" />
          </extender>
        </extendee>
      </ExtendedPropertiesCollection>
      <SystemDataType guid="30053f5a-8d40-4db1-b185-1e4128eb26cc">
        <StandardIdDataType />
      </SystemDataType>
    </property>
    <property xsi:type="OrmFieldProperty" id="e43f87ef-6c31-47d1-8bdc-3fc1953a0cde" lastModifiedUtc="2013-09-09T14:49:56.7790784Z" name="ModifyDate" audited="false" columnName="MODIFYDATE" maxLength="0" precision="0" scale="0" ordinal="4" isReadOnly="false">
      <ExtendedPropertiesCollection>
        <extendee type="Sage.Platform.Orm.Entities.OrmFieldProperty">
          <extender guid="ae60621d-9d91-3d9a-b9fb-eb6c8be12131">
            <OrmEntityPropertySDataExtension generate="true" />
          </extender>
        </extendee>
      </ExtendedPropertiesCollection>
      <SystemDataType guid="1f08f2eb-87c8-443b-a7c2-a51f590923f5">
        <DateTimeDataType />
      </SystemDataType>
    </property>
    <property xsi:type="OrmFieldProperty" id="663381da-533c-41f7-8d46-36299416bc24" lastModifiedUtc="2013-09-09T14:49:56.7790784Z" name="UserId" audited="false" include="false" columnName="USERID" maxLength="12" precision="0" scale="0" ordinal="5" isReadOnly="false">
      <ExtendedPropertiesCollection>
        <extendee type="Sage.Platform.Orm.Entities.OrmFieldProperty">
          <extender guid="ae60621d-9d91-3d9a-b9fb-eb6c8be12131">
            <OrmEntityPropertySDataExtension generate="true" />
          </extender>
        </extendee>
      </ExtendedPropertiesCollection>
      <SystemDataType guid="30053f5a-8d40-4db1-b185-1e4128eb26cc">
        <StandardIdDataType />
      </SystemDataType>
    </property>
    <property xsi:type="OrmFieldProperty" id="72b4423b-2d6a-4849-bf68-41a81bfb89a9" lastModifiedUtc="2013-09-09T14:49:56.7790784Z" name="OAuthProviderId" audited="false" isNullable="false" include="false" columnName="OAUTHPROVIDERID" maxLength="12" precision="0" scale="0" ordinal="6" isReadOnly="false">
      <ExtendedPropertiesCollection>
        <extendee type="Sage.Platform.Orm.Entities.OrmFieldProperty">
          <extender guid="ae60621d-9d91-3d9a-b9fb-eb6c8be12131">
            <OrmEntityPropertySDataExtension generate="true" />
          </extender>
        </extendee>
      </ExtendedPropertiesCollection>
      <SystemDataType guid="30053f5a-8d40-4db1-b185-1e4128eb26cc">
        <StandardIdDataType />
      </SystemDataType>
    </property>
    <property xsi:type="OrmFieldProperty" id="66a911d1-f47e-44bf-98a1-574d62cd3fff" lastModifiedUtc="2013-09-09T14:49:56.7790784Z" name="RefreshToken" audited="false" columnName="REFRESHTOKEN" maxLength="128" precision="0" scale="0" ordinal="7" isReadOnly="false">
      <ExtendedPropertiesCollection>
        <extendee type="Sage.Platform.Orm.Entities.OrmFieldProperty">
          <extender guid="ae60621d-9d91-3d9a-b9fb-eb6c8be12131">
            <OrmEntityPropertySDataExtension generate="true" />
          </extender>
        </extendee>
      </ExtendedPropertiesCollection>
      <SystemDataType guid="ccc0f01d-7ba5-408e-8526-a3f942354b3a">
        <TextDataType>
          <Length>128</Length>
        </TextDataType>
      </SystemDataType>
    </property>
    <property xsi:type="OrmFieldProperty" id="e0966b59-a6f9-4159-b7ff-8941daf2ca2d" lastModifiedUtc="2013-09-09T14:49:56.7790784Z" name="ParentAccountUUID" audited="false" columnName="PARENTACCOUNTUUID" maxLength="36" precision="0" scale="0" ordinal="10" isReadOnly="false">
      <ExtendedPropertiesCollection>
        <extendee type="Sage.Platform.Orm.Entities.OrmFieldProperty">
          <extender guid="ae60621d-9d91-3d9a-b9fb-eb6c8be12131">
            <OrmEntityPropertySDataExtension generate="true" />
          </extender>
        </extendee>
      </ExtendedPropertiesCollection>
      <SystemDataType guid="3ca925e1-4b76-4621-a39c-a0d4cb7327d5">
        <GuidDataType storage="String" />
      </SystemDataType>
    </property>
    <property xsi:type="OrmFieldProperty" id="4b328773-7a4c-44d6-814b-7e5a6a827e4b" lastModifiedUtc="2013-09-09T14:49:56.7790784Z" name="AccountLoginName" audited="false" columnName="ACCOUNTLOGINNAME" maxLength="128" precision="0" scale="0" ordinal="9" isReadOnly="false">
      <ExtendedPropertiesCollection>
        <extendee type="Sage.Platform.Orm.Entities.OrmFieldProperty">
          <extender guid="ae60621d-9d91-3d9a-b9fb-eb6c8be12131">
            <OrmEntityPropertySDataExtension generate="true" />
          </extender>
        </extendee>
      </ExtendedPropertiesCollection>
      <SystemDataType guid="ccc0f01d-7ba5-408e-8526-a3f942354b3a">
        <TextDataType>
          <Length>128</Length>
        </TextDataType>
      </SystemDataType>
    </property>
    <property xsi:type="OrmFieldProperty" id="40618ce9-b26e-4c6b-ad6c-e0a54e58d9b6" lastModifiedUtc="2013-09-09T14:49:56.7790784Z" name="AppId" audited="false" include="false" columnName="APPID" maxLength="12" precision="0" scale="0" ordinal="10" isReadOnly="false">
      <ExtendedPropertiesCollection>
        <extendee type="Sage.Platform.Orm.Entities.OrmFieldProperty">
          <extender guid="ae60621d-9d91-3d9a-b9fb-eb6c8be12131">
            <OrmEntityPropertySDataExtension generate="true" />
          </extender>
        </extendee>
      </ExtendedPropertiesCollection>
      <SystemDataType guid="30053f5a-8d40-4db1-b185-1e4128eb26cc">
        <StandardIdDataType />
      </SystemDataType>
    </property>
    <property xsi:type="OrmFieldProperty" id="eeead679-cda6-41ca-8916-229d94b8e869" lastModifiedUtc="2013-09-09T14:49:56.7790784Z" name="AccessToken" audited="false" columnName="ACCESSTOKEN" maxLength="128" precision="0" scale="0" ordinal="11" isReadOnly="false">
      <ExtendedPropertiesCollection>
        <extendee type="Sage.Platform.Orm.Entities.OrmFieldProperty">
          <extender guid="ae60621d-9d91-3d9a-b9fb-eb6c8be12131">
            <OrmEntityPropertySDataExtension generate="true" />
          </extender>
        </extendee>
      </ExtendedPropertiesCollection>
      <SystemDataType guid="ccc0f01d-7ba5-408e-8526-a3f942354b3a">
        <TextDataType>
          <Length>128</Length>
        </TextDataType>
      </SystemDataType>
    </property>
    <property xsi:type="OrmFieldProperty" id="3daf7b5a-55fb-4d3b-9344-6dd3d6957b39" lastModifiedUtc="2013-09-09T14:49:56.7790784Z" name="AccessTokenSecret" audited="false" columnName="ACCESSTOKENSECRET" maxLength="128" precision="0" scale="0" ordinal="12" isReadOnly="false">
      <ExtendedPropertiesCollection>
        <extendee type="Sage.Platform.Orm.Entities.OrmFieldProperty">
          <extender guid="ae60621d-9d91-3d9a-b9fb-eb6c8be12131">
            <OrmEntityPropertySDataExtension generate="true" />
          </extender>
        </extendee>
      </ExtendedPropertiesCollection>
      <SystemDataType guid="ccc0f01d-7ba5-408e-8526-a3f942354b3a">
        <TextDataType>
          <Length>128</Length>
        </TextDataType>
      </SystemDataType>
    </property>
    <property xsi:type="OrmFieldProperty" id="22942cde-bf5d-460b-abe8-04bf78ca02bf" lastModifiedUtc="2013-09-09T14:49:56.7790784Z" name="ExpirationDate" audited="false" columnName="EXPIRATIONDATE" maxLength="0" precision="0" scale="0" ordinal="13" isReadOnly="false">
      <ExtendedPropertiesCollection>
        <extendee type="Sage.Platform.Orm.Entities.OrmFieldProperty">
          <extender guid="ae60621d-9d91-3d9a-b9fb-eb6c8be12131">
            <OrmEntityPropertySDataExtension generate="true" />
          </extender>
        </extendee>
      </ExtendedPropertiesCollection>
      <SystemDataType guid="1f08f2eb-87c8-443b-a7c2-a51f590923f5">
        <DateTimeDataType />
      </SystemDataType>
    </property>
  </properties>
</entity>