<?xml version="1.0"?>
<PortalPage xmlns:xsi="http://www.w3.org/2001/XMLSchema-instance" xmlns:xsd="http://www.w3.org/2001/XMLSchema" id="4ee7fa40-6c27-466d-813f-6126c76ebc47">
  <PageAlias>InsertTicket</PageAlias>
  <SmallImage>[Localization!Global_Images:New_Ticket_16x16]</SmallImage>
  <LargeImage>[Localization!Global_Images:New_Ticket_24x24]</LargeImage>
  <TemplateUrl>Masters\base.master</TemplateUrl>
  <InheritTemplate>false</InheritTemplate>
  <InheritsFrom>Sage.Platform.WebPortal.EntityPage, Sage.Platform.WebPortal</InheritsFrom>
  <Properties>
    <Property Name="EntityTypeName" TypeConverter="">Sage.Entity.Interfaces.ITicket, Sage.Entity.Interfaces</Property>
  </Properties>
  <TemplateProperties>
    <Property Name="IncludeTaskPane" TypeConverter="">False</Property>
  </TemplateProperties>
  <IsDefaultPage>false</IsDefaultPage>
  <ExcludedGlobalModules />
  <AppliedSecurity />
</PortalPage>