<?xml version="1.0"?>
<PortalPage xmlns:xsi="http://www.w3.org/2001/XMLSchema-instance" xmlns:xsd="http://www.w3.org/2001/XMLSchema" id="518351c3-c2a1-4e88-8f1c-e26cfbf31ae8">
  <PageAlias>Account</PageAlias>
  <SmallImage>[Localization!Global_Images:Accounts_16x16]</SmallImage>
  <LargeImage>[Localization!Global_Images:Companies_24x24]</LargeImage>
  <TemplateUrl>Masters\base.master</TemplateUrl>
  <InheritTemplate>false</InheritTemplate>
  <InheritsFrom>Sage.Platform.WebPortal.EntityPage, Sage.Platform.WebPortal</InheritsFrom>
  <Properties>
    <Property Name="EntityTypeName" TypeConverter="">Sage.Entity.Interfaces.IAccount,Sage.Entity.Interfaces</Property>
  </Properties>
  <TemplateProperties />
  <IsDefaultPage>false</IsDefaultPage>
  <ExcludedGlobalModules />
  <AppliedSecurity />
</PortalPage>