<?xml version="1.0"?>
<PickListObject xmlns:xsi="http://www.w3.org/2001/XMLSchema-instance" xmlns:xsd="http://www.w3.org/2001/XMLSchema">
  <_PickList>
    <ErrorMessage />
    <WarningMessage />
    <ItemId>kDEMOA0000I5</ItemId>
    <PickListId>PICKLISTLIST</PickListId>
    <Id>-1</Id>
    <Text>OAuth Version</Text>
    <Shorttext>22</Shorttext>
    <UserId>ADMIN       </UserId>
    <Defaultindex>-1</Defaultindex>
    <ModifyDate>2013-05-17T21:39:20</ModifyDate>
    <ModifyUser>ADMIN       </ModifyUser>
    <CreateDate>2013-05-17T21:39:14</CreateDate>
    <CreateUser>ADMIN       </CreateUser>
  </_PickList>
  <Attributes>
    <AllowMultiples>false</AllowMultiples>
    <NoneEditable>true</NoneEditable>
    <Required>false</Required>
    <AlphaSorted>false</AlphaSorted>
    <ValueMustExist>true</ValueMustExist>
  </Attributes>
  <Items>
    <PickListItem>
      <Item>
        <ErrorMessage />
        <WarningMessage />
        <ItemId>kDEMOA0000IC</ItemId>
        <PickListId>kDEMOA0000I5</PickListId>
        <Id>0</Id>
        <Text>1.0</Text>
        <Shorttext />
        <UserId>ADMIN       </UserId>
        <Defaultindex xsi:nil="true" />
        <ModifyDate>2013-05-17T16:39:20</ModifyDate>
        <ModifyUser>ADMIN       </ModifyUser>
        <CreateDate>2013-05-17T16:39:20</CreateDate>
        <CreateUser>ADMIN       </CreateUser>
      </Item>
      <Index>0</Index>
    </PickListItem>
    <PickListItem>
      <Item>
        <ErrorMessage />
        <WarningMessage />
        <ItemId>kDEMOA0000ID</ItemId>
        <PickListId>kDEMOA0000I5</PickListId>
        <Id>1</Id>
        <Text>2.0</Text>
        <Shorttext />
        <UserId>ADMIN       </UserId>
        <Defaultindex xsi:nil="true" />
        <ModifyDate>2013-05-17T16:39:20</ModifyDate>
        <ModifyUser>ADMIN       </ModifyUser>
        <CreateDate>2013-05-17T16:39:20</CreateDate>
        <CreateUser>ADMIN       </CreateUser>
      </Item>
      <Index>1</Index>
    </PickListItem>
  </Items>
</PickListObject>