<?xml version="1.0"?>
<SmartPartMapping xmlns:xsi="http://www.w3.org/2001/XMLSchema-instance" xmlns:xsd="http://www.w3.org/2001/XMLSchema" id="2ee78d64-72d9-4cde-a4b0-0710c574f0ab">
  <SmartPartId>AddEditProviderScope</SmartPartId>
  <ReferencedModelId>b2741b79-02a2-4f4c-81cd-c204f82cf41c</ReferencedModelId>
  <SmartPart>\Entity Model\SalesLogix Application Entities\OAuthProviderScope\QuickForms\AddEditProviderScope.main.quickform.xml</SmartPart>
  <TargetWorkspace>DialogWorkspace</TargetWorkspace>
  <ShowInMode>Detail</ShowInMode>
  <Properties />
  <AllowRoles />
</SmartPartMapping>