<?xml version="1.0"?>
<SmartPartMapping xmlns:xsi="http://www.w3.org/2001/XMLSchema-instance" xmlns:xsd="http://www.w3.org/2001/XMLSchema" id="16f87ddb-4723-4d9a-b8ac-eb799c3a0dd1">
  <SmartPartId>LiveGroupViewer</SmartPartId>
  <ReferencedModelId>00000000-0000-0000-0000-000000000000</ReferencedModelId>
  <SmartPart>SmartParts\GroupBuilder\LiveGroupViewer.ascx</SmartPart>
  <TargetWorkspace>MainContent</TargetWorkspace>
  <ShowInMode>List</ShowInMode>
  <Properties>
    <Property Name="HelpTopic" TypeConverter="">authenticationproviderlistview</Property>
  </Properties>
  <AllowRoles />
</SmartPartMapping>