<?xml version="1.0"?>
<SmartPartMapping xmlns:xsi="http://www.w3.org/2001/XMLSchema-instance" xmlns:xsd="http://www.w3.org/2001/XMLSchema" id="9d38f984-906d-4621-be7e-431bf65c9ed8">
  <SmartPartId>OAuthProviderDetail</SmartPartId>
  <ReferencedModelId>b2741b79-02a2-4f4c-81cd-c204f82cf41c</ReferencedModelId>
  <SmartPart>\Entity Model\SalesLogix Application Entities\OAuthProvider\QuickForms\OAuthProviderDetail.main.quickform.xml</SmartPart>
  <TargetWorkspace>MainContent</TargetWorkspace>
  <ShowInMode>Detail</ShowInMode>
  <Properties />
  <AllowRoles />
</SmartPartMapping>