<?xml version="1.0" encoding="utf-8"?>
<QuickFormDefinition Id="c21d58d0-4d40-481e-8562-6511527f2a8d" name="AddContactOrLeadNote">
  <Properties>
    <Property name="EntityTypeName" type="System.String">IHistory</Property>
    <Property name="DefaultNamespace" type="System.String">Sage.Entity.Interfaces</Property>
    <Property name="AssemblyName" type="System.String">Sage.Entity.Interfaces</Property>
    <Property name="UseEntityNameAsTitle" type="System.Boolean">False</Property>
    <Property name="ImagePath" type="System.String"></Property>
    <Property name="DefinitionType" type="System.String">Sage.Platform.QuickForms.QuickFormMainDetailViewDefinition, Sage.Platform.QuickForms</Property>
    <Property name="Columns" type="System.ComponentModel.BindingList`1[[System.Windows.Forms.ColumnStyle, System.Windows.Forms, Version=2.0.0.0, Culture=neutral, PublicKeyToken=b77a5c561934e089]], System, Version=2.0.0.0, Culture=neutral, PublicKeyToken=b77a5c561934e089"><ArrayOfColumnStyle xmlns:xsi="http://www.w3.org/2001/XMLSchema-instance" xmlns:xsd="http://www.w3.org/2001/XMLSchema"><ColumnStyle><SizeType>Percent</SizeType><Width>50</Width></ColumnStyle><ColumnStyle><SizeType>Percent</SizeType><Width>50</Width></ColumnStyle><ColumnStyle><SizeType>Percent</SizeType><Width>33.3333321</Width></ColumnStyle></ArrayOfColumnStyle></Property>
    <Property name="Rows" type="System.ComponentModel.BindingList`1[[System.Windows.Forms.RowStyle, System.Windows.Forms, Version=2.0.0.0, Culture=neutral, PublicKeyToken=b77a5c561934e089]], System, Version=2.0.0.0, Culture=neutral, PublicKeyToken=b77a5c561934e089"><ArrayOfRowStyle xmlns:xsi="http://www.w3.org/2001/XMLSchema-instance" xmlns:xsd="http://www.w3.org/2001/XMLSchema"><RowStyle><SizeType>Absolute</SizeType><Height>35</Height></RowStyle><RowStyle><SizeType>Absolute</SizeType><Height>35</Height></RowStyle><RowStyle><SizeType>Absolute</SizeType><Height>35</Height></RowStyle><RowStyle><SizeType>Absolute</SizeType><Height>35</Height></RowStyle><RowStyle><SizeType>Absolute</SizeType><Height>35</Height></RowStyle><RowStyle><SizeType>Absolute</SizeType><Height>35</Height></RowStyle><RowStyle><SizeType>Absolute</SizeType><Height>35</Height></RowStyle><RowStyle><SizeType>Absolute</SizeType><Height>35</Height></RowStyle><RowStyle><SizeType>Absolute</SizeType><Height>35</Height></RowStyle><RowStyle><SizeType>Absolute</SizeType><Height>35</Height></RowStyle><RowStyle><SizeType>Absolute</SizeType><Height>35</Height></RowStyle><RowStyle><SizeType>Absolute</SizeType><Height>35</Height></RowStyle><RowStyle><SizeType>Absolute</SizeType><Height>35</Height></RowStyle><RowStyle><SizeType>Absolute</SizeType><Height>35</Height></RowStyle><RowStyle><SizeType>Absolute</SizeType><Height>35</Height></RowStyle><RowStyle><SizeType>Absolute</SizeType><Height>35</Height></RowStyle><RowStyle><SizeType>Absolute</SizeType><Height>35</Height></RowStyle><RowStyle><SizeType>Absolute</SizeType><Height>35</Height></RowStyle><RowStyle><SizeType>Absolute</SizeType><Height>35</Height></RowStyle><RowStyle><SizeType>Absolute</SizeType><Height>35</Height></RowStyle></ArrayOfRowStyle></Property>
    <Property name="GeneratePrintView" type="System.Boolean">False</Property>
    <Property name="Description" type="System.String"></Property>
    <Property name="ActiveControl" type="System.String"></Property>
  </Properties>
  <LoadActions>
    <ActionDefinition>
      <ResourceKey>a722f330-6a5e-4ff1-b7c9-3a19faa16263</ResourceKey>
      <RootActionName>CSharpSnippetAction</RootActionName>
      <Action>
        <CSharpCodeSnippet><![CDATA[Sage.SalesLogix.Activity.History note = this.BindingSource.Current as Sage.SalesLogix.Activity.History;
if (note == null) return;

note.Type = Sage.Entity.Interfaces.HistoryType.atNote;
                
bool found = false;
bool bLead = false;
Sage.SalesLogix.Security.SLXUserService slxUserService = Sage.Platform.Application.ApplicationContext.Current.Services.Get<Sage.Platform.Security.IUserService>() as Sage.SalesLogix.Security.SLXUserService;
if (slxUserService != null) note.UserId = slxUserService.GetUser().Id.ToString();
	
foreach (Sage.Platform.Application.EntityHistory hist in EntityContext.EntityHistory)
{
    string entityType = hist.EntityType.Name;
    switch (entityType)
    {
        case "IAccount":
            found = true;
			ContactOrLead.SelectedValue = "Contact";
            Sage.Entity.Interfaces.IAccount account = Sage.Platform.EntityFactory.GetById<Sage.Entity.Interfaces.IAccount>(hist.EntityId.ToString());

            note.AccountId = account.Id.ToString();
            note.AccountName = account.AccountName;
            foreach (Sage.Entity.Interfaces.IContact accountContact in account.Contacts)
            {
                if (System.Convert.ToBoolean(accountContact.IsPrimary))
                {
                    note.ContactId = accountContact.Id.ToString();
                    note.ContactName = accountContact.LastName + ", " + accountContact.FirstName;
                    break;
                }
            }
            break;
        case "IContact":
            found = true;
			      ContactOrLead.SelectedValue = "Contact";
            Sage.Entity.Interfaces.IContact contact = Sage.Platform.EntityFactory.GetById<Sage.Entity.Interfaces.IContact>(hist.EntityId.ToString());
            note.ContactId = contact.Id.ToString();
            note.ContactName = contact.LastName + ", " + contact.FirstName;
            note.AccountId = contact.Account.Id.ToString();
            note.AccountName = contact.Account.AccountName;
            break;
        case "IOpportunity":
            found = true;
			      ContactOrLead.SelectedValue = "Contact";
            Sage.Entity.Interfaces.IOpportunity opportunity = Sage.Platform.EntityFactory.GetById<Sage.Entity.Interfaces.IOpportunity>(hist.EntityId.ToString());
            note.OpportunityId = opportunity.Id.ToString();
            note.OpportunityName = opportunity.Description;
            note.AccountId = opportunity.Account.Id.ToString();
            note.AccountName = opportunity.Account.AccountName;
            foreach (Sage.Entity.Interfaces.IOpportunityContact oppContact in opportunity.Contacts)
            {
                if (System.Convert.ToBoolean(oppContact.IsPrimary))
                {
                    note.ContactId = oppContact.Contact.Id.ToString();
                    note.ContactName = oppContact.Contact.LastName + ", " + oppContact.Contact.FirstName;
                    break;
                }
            }
            break;
        case "ITicket":
            found = true;
			ContactOrLead.SelectedValue = "Contact";
            Sage.Entity.Interfaces.ITicket ticket = Sage.Platform.EntityFactory.GetById<Sage.Entity.Interfaces.ITicket>(hist.EntityId.ToString());
            note.TicketId = ticket.Id.ToString();
            note.TicketNumber = ticket.AlternateKeyPrefix + "-" + ticket.AlternateKeySuffix;
            note.AccountId = ticket.Account.Id.ToString();
            note.AccountName = ticket.Account.AccountName;
            note.ContactId = ticket.Contact.Id.ToString();
            note.ContactName = ticket.Contact.LastName + ", " + ticket.Contact.FirstName;
            break;
		case "ILead":
			found = true;
			ContactOrLead.SelectedValue = "Lead";
						
			Sage.Entity.Interfaces.ILead lead = Sage.Platform.EntityFactory.GetById<Sage.Entity.Interfaces.ILead>(hist.EntityId.ToString());		
			if (lead != null)
			{
				note.LeadId = lead.Id.ToString();
				note.LeadName = lead.LeadFullName;
				Company.Text = lead.Company;
				note.AccountName = lead.Company;
                note.ContactName = lead.LeadFullName;
				note.ContactId = "";
				note.ContactName = "";
				note.AccountId = "";
				note.OpportunityId = "";
				note.TicketId = "";
			} else {
				Company.Text = "";
			}
			break;
        case "ISalesOrder":
			found = true;
			ContactOrLead.SelectedValue = "Contact";
            Sage.Entity.Interfaces.ISalesOrder salesOrder = Sage.Platform.EntityFactory.GetById<Sage.Entity.Interfaces.ISalesOrder>(hist.EntityId.ToString());
    
            ContactOrLead.SelectedValue = "Contact";
            Sage.Entity.Interfaces.IAccount acct = salesOrder.Account;
            Sage.Entity.Interfaces.IContact cont = salesOrder.ShippingContact;
            Sage.Entity.Interfaces.IOpportunity opp = salesOrder.Opportunity;

            if (acct != null)
            {
                note.AccountId = acct.Id.ToString();
                note.AccountName = acct.AccountName;
            }
            if (cont != null)
            {
                note.ContactId = cont.Id.ToString();
                note.ContactName = cont.LastName + ", " + cont.FirstName;
            }
            if (opp != null)
            {
                note.OpportunityId = opp.Id.ToString();
                note.OpportunityName = opp.Description;
            }
            break;			
    }
	
	bLead = (ContactOrLead.SelectedValue == "Lead");
    Lead.Visible = bLead;
    Lead_lbl.Visible = bLead;
    Company.Visible = bLead;
    Company_lbl.Visible = bLead;
    Contact.Visible = !bLead;
    Contact_lbl.Visible = !bLead;
    Account.Visible = !bLead;
    Account_lbl.Visible = !bLead;
    Opportunity_lbl.Visible = !bLead;
    Opportunity.Visible = !bLead;
    Ticket.Visible = !bLead;
    Ticket_lbl.Visible = !bLead; 
	
    if (found) break;
} 

if (String.IsNullOrEmpty(ContactOrLead.SelectedValue))
    ContactOrLead.SelectedIndex = 0;

	// Populate UserId dropdown based on calendar security
	UserId.Items.Clear();
	foreach (Sage.SalesLogix.Activity.UserCalendar uc in 
		Sage.SalesLogix.Activity.UserCalendar.GetCurrentUserCalendarList())
	{
		// Must have Add access to add Note for user
		if (uc.AllowAdd == true)
			UserId.Items.Add(new ListItem(uc.UserName, uc.CalUser.Id.ToString()));
	}

    if(UserId.Items.FindByValue(note.UserId.TrimEnd()) != null)
        UserId.SelectedValue = note.UserId.TrimEnd();]]></CSharpCodeSnippet>
      </Action>
      <IsDialogCloseAction>False</IsDialogCloseAction>
      <RunOnEveryRePaint>False</RunOnEveryRePaint>
      <DialogActionResult>NoResult</DialogActionResult>
      <PerformsUpdate>False</PerformsUpdate>
      <AppliedSecurity />
      <RefreshData>False</RefreshData>
    </ActionDefinition>
    <ActionDefinition>
      <ResourceKey>f5a1d52b-2356-48ef-b21b-69b0665f0dad</ResourceKey>
      <RootActionName>CSharpSnippetAction</RootActionName>
      <Action>
        <CSharpCodeSnippet><![CDATA[if (AppContext["ActivityParameters"] != null)
{
    Sage.Entity.Interfaces.IHistory history = this.BindingSource.Current as Sage.Entity.Interfaces.IHistory;
    System.Collections.Generic.Dictionary<string, string> args = AppContext["ActivityParameters"] as System.Collections.Generic.Dictionary<string, string>;

    string notes = args["notes"];
    if (!string.IsNullOrEmpty(notes))
    {
        history.LongNotes = notes;
    }
    string twitterid = args["twitterid"];
    if (!string.IsNullOrEmpty(twitterid))
    {
        System.Collections.Generic.IList<Sage.Entity.Interfaces.IContact> contacts = Sage.Platform.EntityFactory.GetRepository<Sage.Entity.Interfaces.IContact>().FindByProperty("TwitterId", twitterid);
        if (contacts.Count > 0)
        {
            history.ContactId = contacts[0].Id.ToString();
            history.AccountId = contacts[0].Account.Id.ToString();
        }
    }
}]]></CSharpCodeSnippet>
      </Action>
      <IsDialogCloseAction>False</IsDialogCloseAction>
      <RunOnEveryRePaint>False</RunOnEveryRePaint>
      <DialogActionResult>NoResult</DialogActionResult>
      <PerformsUpdate>False</PerformsUpdate>
      <AppliedSecurity />
      <RefreshData>False</RefreshData>
    </ActionDefinition>
  </LoadActions>
  <QuickFormElements>
    <QuickFormElement>
      <Properties>
        <Property name="EntityMappingType" type="System.String">None</Property>
      </Properties>
      <ControlDefinition>
        <Properties>
          <Property name="Control" type="Sage.SalesLogix.QuickForms.QFControls.QFDateTimePicker, Sage.SalesLogix.QuickForms.QFControls"><QFDateTimePicker xmlns:xsi="http://www.w3.org/2001/XMLSchema-instance" xmlns:xsd="http://www.w3.org/2001/XMLSchema"><Column>0</Column><Row>0</Row><IsReadOnly>false</IsReadOnly><HotKey>0</HotKey><TabIndex>0</TabIndex><ControlId>CompletedDate</ControlId><DataBindings><QuickFormPropertyDataBindingDefinition><DataSourceID>MainEntity</DataSourceID><DataItemName>CompletedDate</DataItemName><ControlItemName>DateTimeValue</ControlItemName><FormatString /><NullValueString /></QuickFormPropertyDataBindingDefinition></DataBindings><ControlLabelPlacement>left</ControlLabelPlacement><CaptionAlignment>left</CaptionAlignment><StyleScheme /><OnChangeAction><ResourceKey>CompletedDate</ResourceKey><RootActionName>NoActionAction</RootActionName><Action /><IsDialogCloseAction>False</IsDialogCloseAction><RunOnEveryRePaint>False</RunOnEveryRePaint><DialogActionResult>NoResult</DialogActionResult><PerformsUpdate>False</PerformsUpdate><AppliedSecurity /><RefreshData>False</RefreshData></OnChangeAction><DateTimeValue xsi:nil="true" /><SelectedDateTime>0001-01-01T00:00:00</SelectedDateTime><DateOnly>false</DateOnly><DisplayTime>true</DisplayTime><BoundFieldType>DateTime</BoundFieldType><AutoPostBack>false</AutoPostBack><Timeless>false</Timeless></QFDateTimePicker></Property>
        </Properties>
      </ControlDefinition>
    </QuickFormElement>
    <QuickFormElement>
      <Properties>
        <Property name="EntityMappingType" type="System.String">Property</Property>
        <Property name="EntityTypeName" type="System.String">IHistory</Property>
        <Property name="EntityNamespace" type="System.String"></Property>
        <Property name="EntityAssemblyName" type="System.String"></Property>
        <Property name="DefaultNamespace" type="System.String">Sage.Entity.Interfaces</Property>
        <Property name="AssemblyName" type="System.String">Sage.Entity.Interfaces</Property>
        <Property name="EntityReferenceName" type="System.String"></Property>
        <Property name="ValueMember" type="System.String">Duration</Property>
      </Properties>
      <ControlDefinition>
        <Properties>
          <Property name="Control" type="Sage.SalesLogix.QuickForms.QFControls.QFSLXDurationPicker, Sage.SalesLogix.QuickForms.QFControls"><QFSLXDurationPicker xmlns:xsi="http://www.w3.org/2001/XMLSchema-instance" xmlns:xsd="http://www.w3.org/2001/XMLSchema"><Column>0</Column><Row>1</Row><IsReadOnly>false</IsReadOnly><HotKey>0</HotKey><TabIndex>0</TabIndex><ControlId>Duration</ControlId><DataBindings><QuickFormPropertyDataBindingDefinition><DataSourceID>MainEntity</DataSourceID><DataItemName>Duration</DataItemName><ControlItemName>Value</ControlItemName><FormatString /><NullValueString /></QuickFormPropertyDataBindingDefinition></DataBindings><ControlLabelPlacement>left</ControlLabelPlacement><CaptionAlignment>left</CaptionAlignment><StyleScheme /><Value>0</Value><MaxLength>0</MaxLength><Width /></QFSLXDurationPicker></Property>
        </Properties>
      </ControlDefinition>
    </QuickFormElement>
    <QuickFormElement>
      <Properties>
        <Property name="EntityMappingType" type="System.String">None</Property>
      </Properties>
      <ControlDefinition>
        <Properties>
          <Property name="Control" type="Sage.Platform.QuickForms.QFControls.QFHorizontalSeparator, Sage.Platform.QuickForms.QFControls"><QFHorizontalSeparator xmlns:xsi="http://www.w3.org/2001/XMLSchema-instance" xmlns:xsd="http://www.w3.org/2001/XMLSchema"><ColumnSpan>3</ColumnSpan><Column>0</Column><Row>2</Row><IsReadOnly>false</IsReadOnly><HotKey>48</HotKey><TabIndex>0</TabIndex><ControlId>QFHorizontalSeparator2</ControlId><DataBindings /><ControlLabelPlacement>none</ControlLabelPlacement><CaptionAlignment>left</CaptionAlignment><StyleScheme /><DisplayAsTitleBar>false</DisplayAsTitleBar></QFHorizontalSeparator></Property>
        </Properties>
      </ControlDefinition>
    </QuickFormElement>
    <QuickFormElement>
      <Properties>
        <Property name="EntityMappingType" type="System.String">None</Property>
      </Properties>
      <ControlDefinition>
        <Properties>
          <Property name="Control" type="Sage.Platform.QuickForms.QFControls.QFRadioGroup, Sage.Platform.QuickForms.QFControls"><QFRadioGroup xmlns:xsi="http://www.w3.org/2001/XMLSchema-instance" xmlns:xsd="http://www.w3.org/2001/XMLSchema"><Column>0</Column><Row>3</Row><IsReadOnly>false</IsReadOnly><HotKey>0</HotKey><TabIndex>0</TabIndex><ControlId>ContactOrLead</ControlId><DataBindings /><ControlLabelPlacement>left</ControlLabelPlacement><CaptionAlignment>left</CaptionAlignment><StyleScheme /><SelectedIndex>0</SelectedIndex><Items><Item><Key>ContactOrLead_item0.Text</Key><Value>Contact</Value></Item><Item><Key>ContactOrLead_item1.Text</Key><Value>Lead</Value></Item><Item><Key>ContactOrLead_item0.Value</Key><Value>Contact</Value></Item><Item><Key>ContactOrLead_item1.Value</Key><Value>Lead</Value></Item><Item><Key>ContactOrLead_item2.Value</Key><Value>Lead</Value></Item></Items><OnChangeAction><ResourceKey>ContactOrLead</ResourceKey><RootActionName>CSharpSnippetAction</RootActionName><Action><CSharpCodeSnippet><![CDATA[	Sage.SalesLogix.Activity.History history = this.BindingSource.Current as Sage.SalesLogix.Activity.History;
	Duration.Enabled = !history.Timeless;
    StartDate.DisplayTime = !history.Timeless;
    StartDate.Timeless = history.Timeless; 
	bool bLead = (ContactOrLead.SelectedValue == "Lead");
    Lead.Visible = bLead;
    Lead_lbl.Visible = bLead;
    Company.Visible = bLead;
    Company_lbl.Visible = bLead;
    Contact.Visible = !bLead;
    Contact_lbl.Visible = !bLead;
    Account.Visible = !bLead;
    Account_lbl.Visible = !bLead;
    Opportunity_lbl.Visible = !bLead;
    Opportunity.Visible = !bLead;
    Ticket.Visible = !bLead;
    Ticket_lbl.Visible = !bLead;
]]></CSharpCodeSnippet></Action><IsDialogCloseAction>False</IsDialogCloseAction><RunOnEveryRePaint>False</RunOnEveryRePaint><DialogActionResult>NoResult</DialogActionResult><PerformsUpdate>False</PerformsUpdate><AppliedSecurity /><RefreshData>False</RefreshData></OnChangeAction><DataSource /><TextField /><ValueField /><RepeatDirection>Horizontal</RepeatDirection></QFRadioGroup></Property>
        </Properties>
      </ControlDefinition>
    </QuickFormElement>
    <QuickFormElement>
      <Properties>
        <Property name="EntityMappingType" type="System.String">None</Property>
      </Properties>
      <ControlDefinition>
        <Properties>
          <Property name="Control" type="Sage.SalesLogix.QuickForms.QFControls.QFSLXLookup, Sage.SalesLogix.QuickForms.QFControls"><QFSLXLookup xmlns:xsi="http://www.w3.org/2001/XMLSchema-instance" xmlns:xsd="http://www.w3.org/2001/XMLSchema"><Column>0</Column><Row>4</Row><IsReadOnly>false</IsReadOnly><HotKey>0</HotKey><TabIndex>0</TabIndex><ControlId>Contact</ControlId><DataBindings><QuickFormPropertyDataBindingDefinition><DataSourceID>MainEntity</DataSourceID><DataItemName>(AccountId &lt;&gt; null)</DataItemName><ControlItemName>InitializeLookup</ControlItemName><FormatString /><NullValueString /></QuickFormPropertyDataBindingDefinition><QuickFormPropertyDataBindingDefinition><DataSourceID>MainEntity</DataSourceID><DataItemName>ContactId</DataItemName><ControlItemName>LookupResultValue</ControlItemName><FormatString /><NullValueString /></QuickFormPropertyDataBindingDefinition><QuickFormPropertyDataBindingDefinition><DataSourceID>MainEntity</DataSourceID><DataItemName>AccountId</DataItemName><ControlItemName>SeedValue</ControlItemName><FormatString /><NullValueString /></QuickFormPropertyDataBindingDefinition></DataBindings><ControlLabelPlacement>left</ControlLabelPlacement><CaptionAlignment>left</CaptionAlignment><StyleScheme /><OnChangeAction><ResourceKey>Contact</ResourceKey><RootActionName>CSharpSnippetAction</RootActionName><Action><CSharpCodeSnippet><![CDATA[Sage.SalesLogix.Activity.History history = this.BindingSource.Current as Sage.SalesLogix.Activity.History;
Duration.Enabled = !history.Timeless;
StartDate.DisplayTime = !history.Timeless;
StartDate.Timeless = history.Timeless; 	    
string contactID = Contact.LookupResultValue.ToString();
Sage.Entity.Interfaces.IContact contact = Sage.Platform.EntityFactory.GetById<Sage.Entity.Interfaces.IContact>(contactID);
if (contact != null)
{
	history.AccountId = contact.Account.Id.ToString();
	history.LeadId = "";
	Company.Text = "";
}]]></CSharpCodeSnippet></Action><IsDialogCloseAction>False</IsDialogCloseAction><RunOnEveryRePaint>False</RunOnEveryRePaint><DialogActionResult>NoResult</DialogActionResult><PerformsUpdate>False</PerformsUpdate><AppliedSecurity /><RefreshData>False</RefreshData></OnChangeAction><LookupImage /><LookupDialogWidth xsi:nil="true" /><LookupDialogHeight xsi:nil="true" /><LookupBindingMode>String</LookupBindingMode><LookupResultValue xsi:type="xsd:string" /><SeedProperty>Account.Id</SeedProperty><SeedValue /><Required>false</Required><DropDownDisplayProperty /><AllowClearingResult>true</AllowClearingResult><OverrideSeedOnSearch>true</OverrideSeedOnSearch><LookupEntityName>Contact</LookupEntityName><LookupEntityTypeName>Sage.Entity.Interfaces.IContact, Sage.Entity.Interfaces, Version=0.0.0.0, Culture=neutral, PublicKeyToken=null</LookupEntityTypeName><AutoPostBack>true</AutoPostBack><EnableHyperLinking>false</EnableHyperLinking><InitializeLookup>false</InitializeLookup><LookupProperties><LookupProperty><PropertyName>NameLF</PropertyName><PropertyType>System.String</PropertyType><PropertyHeader>Name</PropertyHeader><PropertyFormat>None</PropertyFormat><PropertyFormatString /><UseAsResult>true</UseAsResult><ExcludeFromFilters>false</ExcludeFromFilters><HideCondition /></LookupProperty><LookupProperty><PropertyName>Account.AccountName</PropertyName><PropertyType /><PropertyHeader>Account</PropertyHeader><PropertyFormat>None</PropertyFormat><PropertyFormatString /><UseAsResult>true</UseAsResult><ExcludeFromFilters>false</ExcludeFromFilters><HideCondition /></LookupProperty><LookupProperty><PropertyName>Address.City</PropertyName><PropertyType>System.String</PropertyType><PropertyHeader>City</PropertyHeader><PropertyFormat>None</PropertyFormat><PropertyFormatString /><UseAsResult>true</UseAsResult><ExcludeFromFilters>false</ExcludeFromFilters><HideCondition /></LookupProperty><LookupProperty><PropertyName>Address.State</PropertyName><PropertyType>System.String</PropertyType><PropertyHeader>State</PropertyHeader><PropertyFormat>None</PropertyFormat><PropertyFormatString /><UseAsResult>true</UseAsResult><ExcludeFromFilters>false</ExcludeFromFilters><HideCondition /></LookupProperty><LookupProperty><PropertyName>WorkPhone</PropertyName><PropertyType>Phone</PropertyType><PropertyHeader>Work Phone</PropertyHeader><PropertyFormat>None</PropertyFormat><PropertyFormatString /><UseAsResult>true</UseAsResult><ExcludeFromFilters>false</ExcludeFromFilters><HideCondition /></LookupProperty><LookupProperty><PropertyName>Email</PropertyName><PropertyType>System.String</PropertyType><PropertyHeader>E-mail</PropertyHeader><PropertyFormat>None</PropertyFormat><PropertyFormatString /><UseAsResult>true</UseAsResult><ExcludeFromFilters>false</ExcludeFromFilters><HideCondition /></LookupProperty></LookupProperties><LookupPreFilters /></QFSLXLookup></Property>
        </Properties>
      </ControlDefinition>
    </QuickFormElement>
    <QuickFormElement>
      <Properties>
        <Property name="EntityMappingType" type="System.String">Property</Property>
        <Property name="EntityTypeName" type="System.String">IHistory</Property>
        <Property name="EntityNamespace" type="System.String"></Property>
        <Property name="EntityAssemblyName" type="System.String"></Property>
        <Property name="DefaultNamespace" type="System.String">Sage.Entity.Interfaces</Property>
        <Property name="AssemblyName" type="System.String">Sage.Entity.Interfaces</Property>
        <Property name="EntityReferenceName" type="System.String"></Property>
        <Property name="ValueMember" type="System.String">AccountId</Property>
      </Properties>
      <ControlDefinition>
        <Properties>
          <Property name="Control" type="Sage.SalesLogix.QuickForms.QFControls.QFSLXLookup, Sage.SalesLogix.QuickForms.QFControls"><QFSLXLookup xmlns:xsi="http://www.w3.org/2001/XMLSchema-instance" xmlns:xsd="http://www.w3.org/2001/XMLSchema"><Column>0</Column><Row>5</Row><IsReadOnly>false</IsReadOnly><HotKey>0</HotKey><TabIndex>0</TabIndex><ControlId>Account</ControlId><DataBindings><QuickFormPropertyDataBindingDefinition><DataSourceID>MainEntity</DataSourceID><DataItemName>AccountId</DataItemName><ControlItemName>LookupResultValue</ControlItemName><FormatString /><NullValueString /></QuickFormPropertyDataBindingDefinition></DataBindings><ControlLabelPlacement>left</ControlLabelPlacement><CaptionAlignment>left</CaptionAlignment><StyleScheme /><OnChangeAction><ResourceKey>Account</ResourceKey><RootActionName>CSharpSnippetAction</RootActionName><Action><CSharpCodeSnippet><![CDATA[Sage.SalesLogix.Activity.History history = this.BindingSource.Current as Sage.SalesLogix.Activity.History;
Duration.Enabled = !history.Timeless;
StartDate.DisplayTime = !history.Timeless;
StartDate.Timeless = history.Timeless; 	
string accountID = Account.LookupResultValue.ToString();
Sage.Entity.Interfaces.IAccount account = Sage.Platform.EntityFactory.GetById<Sage.Entity.Interfaces.IAccount>(accountID);
if (account != null)
{
	history.ContactId = "";
    foreach (Sage.SalesLogix.Entities.Contact c in account.Contacts)
    {
        if (System.Convert.ToBoolean(c.IsPrimary))
        {
            history.ContactId = c.Id.ToString();
            break;
        }
    }
	history.LeadId = "";
	Company.Text = "";
}]]></CSharpCodeSnippet></Action><IsDialogCloseAction>False</IsDialogCloseAction><RunOnEveryRePaint>False</RunOnEveryRePaint><DialogActionResult>NoResult</DialogActionResult><PerformsUpdate>False</PerformsUpdate><AppliedSecurity /><RefreshData>False</RefreshData></OnChangeAction><LookupImage /><LookupDialogWidth xsi:nil="true" /><LookupDialogHeight xsi:nil="true" /><LookupBindingMode>String</LookupBindingMode><LookupResultValue xsi:type="xsd:string" /><SeedProperty /><SeedValue /><Required>false</Required><DropDownDisplayProperty /><AllowClearingResult>true</AllowClearingResult><OverrideSeedOnSearch>false</OverrideSeedOnSearch><LookupEntityName>Account</LookupEntityName><LookupEntityTypeName>Sage.Entity.Interfaces.IAccount, Sage.Entity.Interfaces, Version=0.0.0.0, Culture=neutral, PublicKeyToken=null</LookupEntityTypeName><AutoPostBack>true</AutoPostBack><EnableHyperLinking>false</EnableHyperLinking><InitializeLookup>false</InitializeLookup><LookupProperties><LookupProperty><PropertyName>AccountName</PropertyName><PropertyType /><PropertyHeader>Account</PropertyHeader><PropertyFormat>None</PropertyFormat><PropertyFormatString /><UseAsResult>true</UseAsResult><ExcludeFromFilters>false</ExcludeFromFilters><HideCondition /></LookupProperty><LookupProperty><PropertyName>Address.City</PropertyName><PropertyType /><PropertyHeader>City</PropertyHeader><PropertyFormat>None</PropertyFormat><PropertyFormatString /><UseAsResult>true</UseAsResult><ExcludeFromFilters>false</ExcludeFromFilters><HideCondition /></LookupProperty><LookupProperty><PropertyName>Address.State</PropertyName><PropertyType /><PropertyHeader>State</PropertyHeader><PropertyFormat>None</PropertyFormat><PropertyFormatString /><UseAsResult>true</UseAsResult><ExcludeFromFilters>false</ExcludeFromFilters><HideCondition /></LookupProperty><LookupProperty><PropertyName>MainPhone</PropertyName><PropertyType>System.String</PropertyType><PropertyHeader>Main Phone</PropertyHeader><PropertyFormat>None</PropertyFormat><PropertyFormatString /><UseAsResult>true</UseAsResult><ExcludeFromFilters>false</ExcludeFromFilters><HideCondition /></LookupProperty><LookupProperty><PropertyName>Type</PropertyName><PropertyType /><PropertyHeader /><PropertyFormat>None</PropertyFormat><PropertyFormatString /><UseAsResult>true</UseAsResult><ExcludeFromFilters>false</ExcludeFromFilters><HideCondition /></LookupProperty><LookupProperty><PropertyName>SubType</PropertyName><PropertyType>System.String</PropertyType><PropertyHeader>Sub-Type</PropertyHeader><PropertyFormat>None</PropertyFormat><PropertyFormatString /><UseAsResult>true</UseAsResult><ExcludeFromFilters>false</ExcludeFromFilters><HideCondition /></LookupProperty><LookupProperty><PropertyName>Status</PropertyName><PropertyType>System.String</PropertyType><PropertyHeader>Status</PropertyHeader><PropertyFormat>None</PropertyFormat><PropertyFormatString /><UseAsResult>true</UseAsResult><ExcludeFromFilters>false</ExcludeFromFilters><HideCondition /></LookupProperty><LookupProperty><PropertyName>AccountManager.UserInfo.UserName</PropertyName><PropertyType>System.String</PropertyType><PropertyHeader>Acct Manager</PropertyHeader><PropertyFormat>None</PropertyFormat><PropertyFormatString /><UseAsResult>true</UseAsResult><ExcludeFromFilters>false</ExcludeFromFilters><HideCondition /></LookupProperty><LookupProperty><PropertyName>Owner.OwnerDescription</PropertyName><PropertyType>System.String</PropertyType><PropertyHeader>Owner</PropertyHeader><PropertyFormat>None</PropertyFormat><PropertyFormatString /><UseAsResult>true</UseAsResult><ExcludeFromFilters>false</ExcludeFromFilters><HideCondition /></LookupProperty></LookupProperties><LookupPreFilters /></QFSLXLookup></Property>
        </Properties>
      </ControlDefinition>
    </QuickFormElement>
    <QuickFormElement>
      <Properties>
        <Property name="EntityMappingType" type="System.String">None</Property>
      </Properties>
      <ControlDefinition>
        <Properties>
          <Property name="Control" type="Sage.SalesLogix.QuickForms.QFControls.QFSLXLookup, Sage.SalesLogix.QuickForms.QFControls"><QFSLXLookup xmlns:xsi="http://www.w3.org/2001/XMLSchema-instance" xmlns:xsd="http://www.w3.org/2001/XMLSchema"><Column>0</Column><Row>6</Row><IsReadOnly>false</IsReadOnly><Visible>false</Visible><HotKey>0</HotKey><TabIndex>0</TabIndex><ControlId>Lead</ControlId><DataBindings><QuickFormPropertyDataBindingDefinition><DataSourceID>MainEntity</DataSourceID><DataItemName>LeadId</DataItemName><ControlItemName>LookupResultValue</ControlItemName><FormatString /><NullValueString /></QuickFormPropertyDataBindingDefinition></DataBindings><ControlLabelPlacement>left</ControlLabelPlacement><CaptionAlignment>left</CaptionAlignment><StyleScheme /><OnChangeAction><ResourceKey>Lead</ResourceKey><RootActionName>CSharpSnippetAction</RootActionName><Action><CSharpCodeSnippet><![CDATA[	Sage.SalesLogix.Activity.History history = this.BindingSource.Current as Sage.SalesLogix.Activity.History;
	Duration.Enabled = !history.Timeless;
    StartDate.DisplayTime = !history.Timeless;
    StartDate.Timeless = history.Timeless; 	
	string leadId = Lead.LookupResultValue.ToString();
	Sage.Entity.Interfaces.ILead lead = Sage.Platform.EntityFactory.GetById<Sage.Entity.Interfaces.ILead>(leadId);
	
	if (lead != null)
    {
	    Company.Text = lead.Company;
		history.ContactId = "";
		history.AccountId = "";
		history.OpportunityId = "";
		history.TicketId = "";
    } else {
	    Company.Text = "";
    }
]]></CSharpCodeSnippet></Action><IsDialogCloseAction>False</IsDialogCloseAction><RunOnEveryRePaint>False</RunOnEveryRePaint><DialogActionResult>NoResult</DialogActionResult><PerformsUpdate>False</PerformsUpdate><AppliedSecurity /><RefreshData>False</RefreshData></OnChangeAction><LookupImage /><LookupDialogWidth xsi:nil="true" /><LookupDialogHeight xsi:nil="true" /><LookupBindingMode>String</LookupBindingMode><LookupResultValue xsi:type="xsd:string" /><SeedProperty /><SeedValue /><Required>false</Required><DropDownDisplayProperty /><AllowClearingResult>true</AllowClearingResult><OverrideSeedOnSearch>false</OverrideSeedOnSearch><LookupEntityName>Lead</LookupEntityName><LookupEntityTypeName>Sage.Entity.Interfaces.ILead, Sage.Entity.Interfaces, Version=0.0.0.0, Culture=neutral, PublicKeyToken=null</LookupEntityTypeName><AutoPostBack>false</AutoPostBack><EnableHyperLinking>false</EnableHyperLinking><InitializeLookup>false</InitializeLookup><LookupProperties><LookupProperty><PropertyName>LastName</PropertyName><PropertyType /><PropertyHeader>Last Name</PropertyHeader><PropertyFormat>None</PropertyFormat><PropertyFormatString /><UseAsResult>true</UseAsResult><ExcludeFromFilters>false</ExcludeFromFilters><HideCondition /></LookupProperty><LookupProperty><PropertyName>FirstName</PropertyName><PropertyType /><PropertyHeader>First Name</PropertyHeader><PropertyFormat>None</PropertyFormat><PropertyFormatString /><UseAsResult>true</UseAsResult><ExcludeFromFilters>false</ExcludeFromFilters><HideCondition /></LookupProperty><LookupProperty><PropertyName>WorkPhone</PropertyName><PropertyType /><PropertyHeader>Work Phone</PropertyHeader><PropertyFormat>Phone</PropertyFormat><PropertyFormatString /><UseAsResult>true</UseAsResult><ExcludeFromFilters>false</ExcludeFromFilters><HideCondition /></LookupProperty></LookupProperties><LookupPreFilters /></QFSLXLookup></Property>
        </Properties>
      </ControlDefinition>
    </QuickFormElement>
    <QuickFormElement>
      <Properties>
        <Property name="EntityMappingType" type="System.String">None</Property>
      </Properties>
      <ControlDefinition>
        <Properties>
          <Property name="Control" type="Sage.Platform.QuickForms.Controls.QFTextBox, Sage.Platform.QuickForms"><QFTextBox xmlns:xsi="http://www.w3.org/2001/XMLSchema-instance" xmlns:xsd="http://www.w3.org/2001/XMLSchema"><Column>0</Column><Row>7</Row><IsReadOnly>true</IsReadOnly><Enabled>false</Enabled><Visible>false</Visible><HotKey>0</HotKey><TabIndex>0</TabIndex><ControlId>Company</ControlId><DataBindings /><ControlLabelPlacement>left</ControlLabelPlacement><CaptionAlignment>left</CaptionAlignment><StyleScheme /><OnChangeAction><ResourceKey>Company</ResourceKey><RootActionName>NoActionAction</RootActionName><Action /><IsDialogCloseAction>False</IsDialogCloseAction><RunOnEveryRePaint>False</RunOnEveryRePaint><DialogActionResult>NoResult</DialogActionResult><PerformsUpdate>False</PerformsUpdate><AppliedSecurity /><RefreshData>False</RefreshData></OnChangeAction></QFTextBox></Property>
        </Properties>
      </ControlDefinition>
    </QuickFormElement>
    <QuickFormElement>
      <Properties>
        <Property name="EntityMappingType" type="System.String">None</Property>
      </Properties>
      <ControlDefinition>
        <Properties>
          <Property name="Control" type="Sage.Platform.QuickForms.QFControls.QFHorizontalSeparator, Sage.Platform.QuickForms.QFControls"><QFHorizontalSeparator xmlns:xsi="http://www.w3.org/2001/XMLSchema-instance" xmlns:xsd="http://www.w3.org/2001/XMLSchema"><ColumnSpan>3</ColumnSpan><Column>0</Column><Row>8</Row><IsReadOnly>false</IsReadOnly><HotKey>48</HotKey><TabIndex>0</TabIndex><ControlId>QFHorizontalSeparator3</ControlId><DataBindings /><ControlLabelPlacement>none</ControlLabelPlacement><CaptionAlignment>left</CaptionAlignment><StyleScheme /><DisplayAsTitleBar>false</DisplayAsTitleBar></QFHorizontalSeparator></Property>
        </Properties>
      </ControlDefinition>
    </QuickFormElement>
    <QuickFormElement>
      <Properties>
        <Property name="EntityMappingType" type="System.String">Property</Property>
        <Property name="EntityTypeName" type="System.String">IHistory</Property>
        <Property name="EntityNamespace" type="System.String"></Property>
        <Property name="EntityAssemblyName" type="System.String"></Property>
        <Property name="DefaultNamespace" type="System.String">Sage.Entity.Interfaces</Property>
        <Property name="AssemblyName" type="System.String">Sage.Entity.Interfaces</Property>
        <Property name="EntityReferenceName" type="System.String"></Property>
        <Property name="ValueMember" type="System.String">Description</Property>
      </Properties>
      <ControlDefinition>
        <Properties>
          <Property name="Control" type="Sage.SalesLogix.QuickForms.QFControls.QFSLXPickList, Sage.SalesLogix.QuickForms.QFControls"><QFSLXPickList xmlns:xsi="http://www.w3.org/2001/XMLSchema-instance" xmlns:xsd="http://www.w3.org/2001/XMLSchema"><Column>0</Column><Row>9</Row><IsReadOnly>false</IsReadOnly><HotKey>0</HotKey><TabIndex>0</TabIndex><ControlId>Description</ControlId><DataBindings><QuickFormPropertyDataBindingDefinition><DataSourceID>MainEntity</DataSourceID><DataItemName>Description</DataItemName><ControlItemName>PickListValue</ControlItemName><FormatString /><NullValueString /></QuickFormPropertyDataBindingDefinition></DataBindings><ControlLabelPlacement>left</ControlLabelPlacement><CaptionAlignment>left</CaptionAlignment><StyleScheme /><OnChangeAction><ResourceKey>Description</ResourceKey><RootActionName>NoActionAction</RootActionName><Action /><IsDialogCloseAction>False</IsDialogCloseAction><RunOnEveryRePaint>False</RunOnEveryRePaint><DialogActionResult>NoResult</DialogActionResult><PerformsUpdate>False</PerformsUpdate><AppliedSecurity /><RefreshData>False</RefreshData></OnChangeAction><Required>false</Required><AutoPostBack>false</AutoPostBack><PickListName>Note Regarding</PickListName><StorageMode>Text</StorageMode><NameFormatString /><AllowMultiples>false</AllowMultiples><AlphaSort>true</AlphaSort><MustExistInList>false</MustExistInList><NoneEditable>false</NoneEditable><PickListId>kSYST0000027</PickListId><ValueStoredAsText>true</ValueStoredAsText></QFSLXPickList></Property>
        </Properties>
      </ControlDefinition>
    </QuickFormElement>
    <QuickFormElement>
      <Properties>
        <Property name="EntityMappingType" type="System.String">None</Property>
      </Properties>
      <ControlDefinition>
        <Properties>
          <Property name="Control" type="Sage.Platform.QuickForms.QFControls.QFHorizontalSeparator, Sage.Platform.QuickForms.QFControls"><QFHorizontalSeparator xmlns:xsi="http://www.w3.org/2001/XMLSchema-instance" xmlns:xsd="http://www.w3.org/2001/XMLSchema"><ColumnSpan>3</ColumnSpan><Column>0</Column><Row>11</Row><IsReadOnly>false</IsReadOnly><HotKey>48</HotKey><TabIndex>0</TabIndex><ControlId>QFHorizontalSeparator</ControlId><DataBindings /><ControlLabelPlacement>none</ControlLabelPlacement><CaptionAlignment>left</CaptionAlignment><StyleScheme /><DisplayAsTitleBar>false</DisplayAsTitleBar></QFHorizontalSeparator></Property>
        </Properties>
      </ControlDefinition>
    </QuickFormElement>
    <QuickFormElement>
      <Properties>
        <Property name="EntityMappingType" type="System.String">Property</Property>
        <Property name="EntityTypeName" type="System.String">IHistory</Property>
        <Property name="EntityNamespace" type="System.String"></Property>
        <Property name="EntityAssemblyName" type="System.String"></Property>
        <Property name="DefaultNamespace" type="System.String">Sage.Entity.Interfaces</Property>
        <Property name="AssemblyName" type="System.String">Sage.Entity.Interfaces</Property>
        <Property name="EntityReferenceName" type="System.String"></Property>
        <Property name="ValueMember" type="System.String">Notes</Property>
      </Properties>
      <ControlDefinition>
        <Properties>
          <Property name="Control" type="Sage.Platform.QuickForms.Controls.QFTextBox, Sage.Platform.QuickForms"><QFTextBox xmlns:xsi="http://www.w3.org/2001/XMLSchema-instance" xmlns:xsd="http://www.w3.org/2001/XMLSchema"><ColumnSpan>2</ColumnSpan><RowSpan>8</RowSpan><Column>0</Column><Row>12</Row><IsReadOnly>false</IsReadOnly><HotKey>0</HotKey><TabIndex>0</TabIndex><ControlId>Notes</ControlId><DataBindings><QuickFormPropertyDataBindingDefinition><DataSourceID>MainEntity</DataSourceID><DataItemName>LongNotes</DataItemName><ControlItemName>Text</ControlItemName><FormatString /><NullValueString /></QuickFormPropertyDataBindingDefinition></DataBindings><ControlLabelPlacement>left</ControlLabelPlacement><CaptionAlignment>center</CaptionAlignment><StyleScheme /><Lines>8</Lines><OnChangeAction><ResourceKey>Notes</ResourceKey><RootActionName>NoActionAction</RootActionName><Action /><IsDialogCloseAction>False</IsDialogCloseAction><RunOnEveryRePaint>False</RunOnEveryRePaint><DialogActionResult>NoResult</DialogActionResult><PerformsUpdate>False</PerformsUpdate><AppliedSecurity /><RefreshData>False</RefreshData></OnChangeAction></QFTextBox></Property>
        </Properties>
      </ControlDefinition>
    </QuickFormElement>
    <QuickFormElement>
      <Properties>
        <Property name="EntityMappingType" type="System.String">Property</Property>
        <Property name="EntityTypeName" type="System.String"></Property>
        <Property name="EntityNamespace" type="System.String"></Property>
        <Property name="EntityAssemblyName" type="System.String"></Property>
        <Property name="DefaultNamespace" type="System.String"></Property>
        <Property name="AssemblyName" type="System.String"></Property>
        <Property name="EntityReferenceName" type="System.String"></Property>
        <Property name="DesignerDisplayMember" type="System.String"></Property>
      </Properties>
      <ControlDefinition>
        <Properties>
          <Property name="Control" type="Sage.SalesLogix.QuickForms.QFControls.QFDateTimePicker, Sage.SalesLogix.QuickForms.QFControls"><QFDateTimePicker xmlns:xsi="http://www.w3.org/2001/XMLSchema-instance" xmlns:xsd="http://www.w3.org/2001/XMLSchema"><Column>1</Column><Row>0</Row><IsReadOnly>false</IsReadOnly><HotKey>0</HotKey><TabIndex>0</TabIndex><ControlId>StartDate</ControlId><DataBindings><QuickFormPropertyDataBindingDefinition><DataSourceID>MainEntity</DataSourceID><DataItemName>StartDate</DataItemName><ControlItemName>DateTimeValue</ControlItemName><FormatString /><NullValueString /></QuickFormPropertyDataBindingDefinition></DataBindings><ControlLabelPlacement>left</ControlLabelPlacement><CaptionAlignment>left</CaptionAlignment><StyleScheme /><OnChangeAction><ResourceKey>StartDate</ResourceKey><RootActionName>NoActionAction</RootActionName><Action /><IsDialogCloseAction>False</IsDialogCloseAction><RunOnEveryRePaint>False</RunOnEveryRePaint><DialogActionResult>NoResult</DialogActionResult><PerformsUpdate>False</PerformsUpdate><AppliedSecurity /><RefreshData>False</RefreshData></OnChangeAction><DateTimeValue xsi:nil="true" /><SelectedDateTime>0001-01-01T00:00:00</SelectedDateTime><DateOnly>false</DateOnly><DisplayTime>true</DisplayTime><BoundFieldType>DateTime</BoundFieldType><AutoPostBack>false</AutoPostBack><Timeless>false</Timeless></QFDateTimePicker></Property>
        </Properties>
      </ControlDefinition>
    </QuickFormElement>
    <QuickFormElement>
      <Properties>
        <Property name="EntityMappingType" type="System.String">Property</Property>
        <Property name="EntityTypeName" type="System.String"></Property>
        <Property name="EntityNamespace" type="System.String"></Property>
        <Property name="EntityAssemblyName" type="System.String"></Property>
        <Property name="DefaultNamespace" type="System.String"></Property>
        <Property name="AssemblyName" type="System.String"></Property>
        <Property name="EntityReferenceName" type="System.String"></Property>
        <Property name="DesignerDisplayMember" type="System.String"></Property>
      </Properties>
      <ControlDefinition>
        <Properties>
          <Property name="Control" type="Sage.Platform.QuickForms.QFControls.QFCheckBox, Sage.Platform.QuickForms.QFControls"><QFCheckBox xmlns:xsi="http://www.w3.org/2001/XMLSchema-instance" xmlns:xsd="http://www.w3.org/2001/XMLSchema"><Column>1</Column><Row>1</Row><IsReadOnly>false</IsReadOnly><HotKey>0</HotKey><TabIndex>0</TabIndex><ControlId>Timeless</ControlId><DataBindings><QuickFormPropertyDataBindingDefinition><DataSourceID>MainEntity</DataSourceID><DataItemName>Timeless</DataItemName><ControlItemName>Checked</ControlItemName><FormatString /><NullValueString /></QuickFormPropertyDataBindingDefinition></DataBindings><ControlLabelPlacement>left</ControlLabelPlacement><CaptionAlignment>left</CaptionAlignment><StyleScheme /><Checked>false</Checked><OnChangeAction><ResourceKey>Timeless</ResourceKey><RootActionName>CSharpSnippetAction</RootActionName><Action><CSharpCodeSnippet><![CDATA[Sage.SalesLogix.Activity.History history = this.BindingSource.Current as Sage.SalesLogix.Activity.History;

Duration.Enabled = !history.Timeless;
StartDate.DisplayTime = !history.Timeless;
StartDate.Timeless = history.Timeless;]]></CSharpCodeSnippet></Action><IsDialogCloseAction>False</IsDialogCloseAction><RunOnEveryRePaint>False</RunOnEveryRePaint><DialogActionResult>NoResult</DialogActionResult><PerformsUpdate>False</PerformsUpdate><AppliedSecurity /><RefreshData>False</RefreshData></OnChangeAction></QFCheckBox></Property>
        </Properties>
      </ControlDefinition>
    </QuickFormElement>
    <QuickFormElement>
      <Properties>
        <Property name="EntityMappingType" type="System.String">Property</Property>
        <Property name="EntityTypeName" type="System.String">IHistory</Property>
        <Property name="EntityNamespace" type="System.String"></Property>
        <Property name="EntityAssemblyName" type="System.String"></Property>
        <Property name="DefaultNamespace" type="System.String">Sage.Entity.Interfaces</Property>
        <Property name="AssemblyName" type="System.String">Sage.Entity.Interfaces</Property>
        <Property name="EntityReferenceName" type="System.String"></Property>
        <Property name="ValueMember" type="System.String">OpportunityId</Property>
      </Properties>
      <ControlDefinition>
        <Properties>
          <Property name="Control" type="Sage.SalesLogix.QuickForms.QFControls.QFSLXLookup, Sage.SalesLogix.QuickForms.QFControls"><QFSLXLookup xmlns:xsi="http://www.w3.org/2001/XMLSchema-instance" xmlns:xsd="http://www.w3.org/2001/XMLSchema"><Column>1</Column><Row>4</Row><IsReadOnly>false</IsReadOnly><HotKey>0</HotKey><TabIndex>0</TabIndex><ControlId>Opportunity</ControlId><DataBindings><QuickFormPropertyDataBindingDefinition><DataSourceID>MainEntity</DataSourceID><DataItemName>(AccountId &lt;&gt; null)</DataItemName><ControlItemName>InitializeLookup</ControlItemName><FormatString /><NullValueString /></QuickFormPropertyDataBindingDefinition><QuickFormPropertyDataBindingDefinition><DataSourceID>MainEntity</DataSourceID><DataItemName>OpportunityId</DataItemName><ControlItemName>LookupResultValue</ControlItemName><FormatString /><NullValueString /></QuickFormPropertyDataBindingDefinition><QuickFormPropertyDataBindingDefinition><DataSourceID>MainEntity</DataSourceID><DataItemName>AccountId</DataItemName><ControlItemName>SeedValue</ControlItemName><FormatString /><NullValueString /></QuickFormPropertyDataBindingDefinition></DataBindings><ControlLabelPlacement>left</ControlLabelPlacement><CaptionAlignment>left</CaptionAlignment><StyleScheme /><OnChangeAction><ResourceKey>Opportunity</ResourceKey><RootActionName>CSharpSnippetAction</RootActionName><Action><CSharpCodeSnippet><![CDATA[Sage.SalesLogix.Activity.History history = this.BindingSource.Current as Sage.SalesLogix.Activity.History;
Duration.Enabled = !history.Timeless;
StartDate.DisplayTime = !history.Timeless;
StartDate.Timeless = history.Timeless; 		
string opportunityId = Opportunity.LookupResultValue.ToString();
Sage.Entity.Interfaces.IOpportunity opportunity = Sage.Platform.EntityFactory.GetById<Sage.Entity.Interfaces.IOpportunity>(opportunityId);
if (opportunity != null)
{
    if (history.AccountId != opportunity.Account.Id.ToString())
    {
        history.AccountId = opportunity.Account.Id.ToString();
        foreach (Sage.SalesLogix.Entities.Contact c in opportunity.Account.Contacts)
        {
            if (System.Convert.ToBoolean(c.IsPrimary))
            {
                history.ContactId = c.Id.ToString();
                break;
            }
        }
    }
	history.LeadId = "";
	Company.Text = "";
}]]></CSharpCodeSnippet></Action><IsDialogCloseAction>False</IsDialogCloseAction><RunOnEveryRePaint>False</RunOnEveryRePaint><DialogActionResult>NoResult</DialogActionResult><PerformsUpdate>False</PerformsUpdate><AppliedSecurity /><RefreshData>False</RefreshData></OnChangeAction><LookupImage /><LookupDialogWidth xsi:nil="true" /><LookupDialogHeight xsi:nil="true" /><LookupBindingMode>String</LookupBindingMode><LookupResultValue xsi:type="xsd:string" /><SeedProperty>Account.Id</SeedProperty><SeedValue /><Required>false</Required><DropDownDisplayProperty /><AllowClearingResult>true</AllowClearingResult><OverrideSeedOnSearch>true</OverrideSeedOnSearch><LookupEntityName>Opportunity</LookupEntityName><LookupEntityTypeName>Sage.Entity.Interfaces.IOpportunity, Sage.Entity.Interfaces, Version=0.0.0.0, Culture=neutral, PublicKeyToken=null</LookupEntityTypeName><AutoPostBack>true</AutoPostBack><EnableHyperLinking>false</EnableHyperLinking><InitializeLookup>false</InitializeLookup><LookupProperties><LookupProperty><PropertyName>AccountManager.UserInfo.UserName</PropertyName><PropertyType /><PropertyHeader>Acct Manager</PropertyHeader><PropertyFormat>None</PropertyFormat><PropertyFormatString /><UseAsResult>true</UseAsResult><ExcludeFromFilters>false</ExcludeFromFilters><HideCondition /></LookupProperty><LookupProperty><PropertyName>Description</PropertyName><PropertyType /><PropertyHeader>Description</PropertyHeader><PropertyFormat>None</PropertyFormat><PropertyFormatString /><UseAsResult>true</UseAsResult><ExcludeFromFilters>false</ExcludeFromFilters><HideCondition /></LookupProperty><LookupProperty><PropertyName>Account.AccountName</PropertyName><PropertyType /><PropertyHeader>Account</PropertyHeader><PropertyFormat>None</PropertyFormat><PropertyFormatString /><UseAsResult>true</UseAsResult><ExcludeFromFilters>false</ExcludeFromFilters><HideCondition /></LookupProperty><LookupProperty><PropertyName>Stage</PropertyName><PropertyType>System.String</PropertyType><PropertyHeader>Stage</PropertyHeader><PropertyFormat>None</PropertyFormat><PropertyFormatString /><UseAsResult>true</UseAsResult><ExcludeFromFilters>false</ExcludeFromFilters><HideCondition /></LookupProperty><LookupProperty><PropertyName>Status</PropertyName><PropertyType /><PropertyHeader>Status</PropertyHeader><PropertyFormat>None</PropertyFormat><PropertyFormatString /><UseAsResult>true</UseAsResult><ExcludeFromFilters>false</ExcludeFromFilters><HideCondition /></LookupProperty><LookupProperty><PropertyName>Owner.OwnerDescription</PropertyName><PropertyType>System.String</PropertyType><PropertyHeader>Owner</PropertyHeader><PropertyFormat>None</PropertyFormat><PropertyFormatString /><UseAsResult>true</UseAsResult><ExcludeFromFilters>false</ExcludeFromFilters><HideCondition /></LookupProperty></LookupProperties><LookupPreFilters /></QFSLXLookup></Property>
        </Properties>
      </ControlDefinition>
    </QuickFormElement>
    <QuickFormElement>
      <Properties>
        <Property name="EntityMappingType" type="System.String">Property</Property>
        <Property name="EntityTypeName" type="System.String">IHistory</Property>
        <Property name="EntityNamespace" type="System.String"></Property>
        <Property name="EntityAssemblyName" type="System.String"></Property>
        <Property name="DefaultNamespace" type="System.String">Sage.Entity.Interfaces</Property>
        <Property name="AssemblyName" type="System.String">Sage.Entity.Interfaces</Property>
        <Property name="EntityReferenceName" type="System.String"></Property>
        <Property name="ValueMember" type="System.String">TicketId</Property>
      </Properties>
      <ControlDefinition>
        <Properties>
          <Property name="Control" type="Sage.SalesLogix.QuickForms.QFControls.QFSLXLookup, Sage.SalesLogix.QuickForms.QFControls"><QFSLXLookup xmlns:xsi="http://www.w3.org/2001/XMLSchema-instance" xmlns:xsd="http://www.w3.org/2001/XMLSchema"><Column>1</Column><Row>5</Row><IsReadOnly>false</IsReadOnly><HotKey>0</HotKey><TabIndex>0</TabIndex><ControlId>Ticket</ControlId><DataBindings><QuickFormPropertyDataBindingDefinition><DataSourceID>MainEntity</DataSourceID><DataItemName>(AccountId &lt;&gt; null)</DataItemName><ControlItemName>InitializeLookup</ControlItemName><FormatString /><NullValueString /></QuickFormPropertyDataBindingDefinition><QuickFormPropertyDataBindingDefinition><DataSourceID>MainEntity</DataSourceID><DataItemName>TicketId</DataItemName><ControlItemName>LookupResultValue</ControlItemName><FormatString /><NullValueString /></QuickFormPropertyDataBindingDefinition><QuickFormPropertyDataBindingDefinition><DataSourceID>MainEntity</DataSourceID><DataItemName>AccountId</DataItemName><ControlItemName>SeedValue</ControlItemName><FormatString /><NullValueString /></QuickFormPropertyDataBindingDefinition></DataBindings><ControlLabelPlacement>left</ControlLabelPlacement><CaptionAlignment>left</CaptionAlignment><StyleScheme /><OnChangeAction><ResourceKey>Ticket</ResourceKey><RootActionName>CSharpSnippetAction</RootActionName><Action><CSharpCodeSnippet><![CDATA[Sage.SalesLogix.Activity.History history = this.BindingSource.Current as Sage.SalesLogix.Activity.History;
Duration.Enabled = !history.Timeless;
StartDate.DisplayTime = !history.Timeless;
StartDate.Timeless = history.Timeless; 	
string ticketId = Ticket.LookupResultValue.ToString();
Sage.Entity.Interfaces.ITicket ticket = Sage.Platform.EntityFactory.GetById<Sage.Entity.Interfaces.ITicket>(ticketId);
if (ticket != null)
{
    if (history.AccountId != ticket.Account.Id.ToString())
    {
        history.AccountId = ticket.Account.Id.ToString();
        foreach (Sage.SalesLogix.Entities.Contact c in ticket.Account.Contacts)
        {
            if (System.Convert.ToBoolean(c.IsPrimary))
            {
                history.ContactId = c.Id.ToString();
                break;
            }
        }
    }
	history.LeadId = "";
	Company.Text = "";
}]]></CSharpCodeSnippet></Action><IsDialogCloseAction>False</IsDialogCloseAction><RunOnEveryRePaint>False</RunOnEveryRePaint><DialogActionResult>NoResult</DialogActionResult><PerformsUpdate>False</PerformsUpdate><AppliedSecurity /><RefreshData>False</RefreshData></OnChangeAction><LookupImage /><LookupDialogWidth xsi:nil="true" /><LookupDialogHeight xsi:nil="true" /><LookupBindingMode>String</LookupBindingMode><LookupResultValue xsi:type="xsd:string" /><SeedProperty>Account.Id</SeedProperty><SeedValue /><Required>false</Required><DropDownDisplayProperty /><AllowClearingResult>true</AllowClearingResult><OverrideSeedOnSearch>true</OverrideSeedOnSearch><LookupEntityName>Ticket</LookupEntityName><LookupEntityTypeName>Sage.Entity.Interfaces.ITicket, Sage.Entity.Interfaces, Version=0.0.0.0, Culture=neutral, PublicKeyToken=null</LookupEntityTypeName><AutoPostBack>true</AutoPostBack><EnableHyperLinking>false</EnableHyperLinking><InitializeLookup>false</InitializeLookup><LookupProperties><LookupProperty><PropertyName>TicketNumber</PropertyName><PropertyType>System.String</PropertyType><PropertyHeader>Ticket ID</PropertyHeader><PropertyFormat>None</PropertyFormat><PropertyFormatString /><UseAsResult>true</UseAsResult><ExcludeFromFilters>false</ExcludeFromFilters><HideCondition /></LookupProperty><LookupProperty><PropertyName>Account.AccountName</PropertyName><PropertyType /><PropertyHeader>Account</PropertyHeader><PropertyFormat>None</PropertyFormat><PropertyFormatString /><UseAsResult>true</UseAsResult><ExcludeFromFilters>false</ExcludeFromFilters><HideCondition /></LookupProperty><LookupProperty><PropertyName>Contact.NameLF</PropertyName><PropertyType>System.String</PropertyType><PropertyHeader>Contact</PropertyHeader><PropertyFormat>None</PropertyFormat><PropertyFormatString /><UseAsResult>true</UseAsResult><ExcludeFromFilters>false</ExcludeFromFilters><HideCondition /></LookupProperty><LookupProperty><PropertyName>Contact.WorkPhone</PropertyName><PropertyType>System.String</PropertyType><PropertyHeader>Work Phone</PropertyHeader><PropertyFormat>None</PropertyFormat><PropertyFormatString /><UseAsResult>true</UseAsResult><ExcludeFromFilters>false</ExcludeFromFilters><HideCondition /></LookupProperty><LookupProperty><PropertyName>StatusCode</PropertyName><PropertyType>SalesLogix.PickList</PropertyType><PropertyHeader>Status</PropertyHeader><PropertyFormat>PickList</PropertyFormat><PropertyFormatString /><UseAsResult>true</UseAsResult><ExcludeFromFilters>false</ExcludeFromFilters><HideCondition /></LookupProperty><LookupProperty><PropertyName>Urgency.Description</PropertyName><PropertyType>System.String</PropertyType><PropertyHeader>Urgency</PropertyHeader><PropertyFormat>None</PropertyFormat><PropertyFormatString /><UseAsResult>true</UseAsResult><ExcludeFromFilters>false</ExcludeFromFilters><HideCondition /></LookupProperty><LookupProperty><PropertyName>Area</PropertyName><PropertyType /><PropertyHeader /><PropertyFormat>None</PropertyFormat><PropertyFormatString /><UseAsResult>true</UseAsResult><ExcludeFromFilters>false</ExcludeFromFilters><HideCondition /></LookupProperty></LookupProperties><LookupPreFilters /></QFSLXLookup></Property>
        </Properties>
      </ControlDefinition>
    </QuickFormElement>
    <QuickFormElement>
      <Properties>
        <Property name="EntityMappingType" type="System.String">Property</Property>
        <Property name="EntityTypeName" type="System.String">IHistory</Property>
        <Property name="EntityNamespace" type="System.String"></Property>
        <Property name="EntityAssemblyName" type="System.String"></Property>
        <Property name="DefaultNamespace" type="System.String">Sage.Entity.Interfaces</Property>
        <Property name="AssemblyName" type="System.String">Sage.Entity.Interfaces</Property>
        <Property name="EntityReferenceName" type="System.String"></Property>
        <Property name="ValueMember" type="System.String">Category</Property>
      </Properties>
      <ControlDefinition>
        <Properties>
          <Property name="Control" type="Sage.SalesLogix.QuickForms.QFControls.QFSLXPickList, Sage.SalesLogix.QuickForms.QFControls"><QFSLXPickList xmlns:xsi="http://www.w3.org/2001/XMLSchema-instance" xmlns:xsd="http://www.w3.org/2001/XMLSchema"><Column>1</Column><Row>9</Row><IsReadOnly>false</IsReadOnly><HotKey>0</HotKey><TabIndex>0</TabIndex><ControlId>Category</ControlId><DataBindings><QuickFormPropertyDataBindingDefinition><DataSourceID>MainEntity</DataSourceID><DataItemName>Category</DataItemName><ControlItemName>PickListValue</ControlItemName><FormatString /><NullValueString /></QuickFormPropertyDataBindingDefinition></DataBindings><ControlLabelPlacement>left</ControlLabelPlacement><CaptionAlignment>left</CaptionAlignment><StyleScheme /><OnChangeAction><ResourceKey>Category</ResourceKey><RootActionName>NoActionAction</RootActionName><Action /><IsDialogCloseAction>False</IsDialogCloseAction><RunOnEveryRePaint>False</RunOnEveryRePaint><DialogActionResult>NoResult</DialogActionResult><PerformsUpdate>False</PerformsUpdate><AppliedSecurity /><RefreshData>False</RefreshData></OnChangeAction><Required>false</Required><AutoPostBack>false</AutoPostBack><PickListName>Note Category Codes</PickListName><StorageMode>Text</StorageMode><NameFormatString /><AllowMultiples>false</AllowMultiples><AlphaSort>true</AlphaSort><MustExistInList>false</MustExistInList><NoneEditable>false</NoneEditable><PickListId>kSYST0000015</PickListId><ValueStoredAsText>true</ValueStoredAsText></QFSLXPickList></Property>
        </Properties>
      </ControlDefinition>
    </QuickFormElement>
    <QuickFormElement>
      <Properties>
        <Property name="EntityMappingType" type="System.String">None</Property>
      </Properties>
      <ControlDefinition>
        <Properties>
          <Property name="Control" type="Sage.Platform.QuickForms.QFControls.QFListBox, Sage.Platform.QuickForms.QFControls"><QFListBox xmlns:xsi="http://www.w3.org/2001/XMLSchema-instance" xmlns:xsd="http://www.w3.org/2001/XMLSchema"><Column>1</Column><Row>10</Row><IsReadOnly>false</IsReadOnly><HotKey>0</HotKey><TabIndex>0</TabIndex><ControlId>UserId</ControlId><DataBindings><QuickFormPropertyDataBindingDefinition><DataSourceID>MainEntity</DataSourceID><DataItemName>UserId</DataItemName><ControlItemName>Text</ControlItemName><FormatString /><NullValueString /></QuickFormPropertyDataBindingDefinition></DataBindings><ControlLabelPlacement>left</ControlLabelPlacement><CaptionAlignment>left</CaptionAlignment><StyleScheme /><SelectedIndex>-1</SelectedIndex><Items><Item><Key>UserId_item0.Value</Key><Value /></Item></Items><OnChangeAction><ResourceKey>UserId</ResourceKey><RootActionName>NoActionAction</RootActionName><Action /><IsDialogCloseAction>False</IsDialogCloseAction><RunOnEveryRePaint>False</RunOnEveryRePaint><DialogActionResult>NoResult</DialogActionResult><PerformsUpdate>False</PerformsUpdate><AppliedSecurity /><RefreshData>False</RefreshData></OnChangeAction><DataSource /><TextField /><ValueField /><MultiSelect>false</MultiSelect></QFListBox></Property>
        </Properties>
      </ControlDefinition>
    </QuickFormElement>
  </QuickFormElements>
  <QuickFormToolElements>
    <QuickFormElement>
      <Properties>
        <Property name="EntityMappingType" type="System.String">None</Property>
      </Properties>
      <ControlDefinition>
        <Properties>
          <Property name="Control" type="Sage.Platform.QuickForms.Controls.QFElementSpacer, Sage.Platform.QuickForms"><QFElementSpacer xmlns:xsi="http://www.w3.org/2001/XMLSchema-instance" xmlns:xsd="http://www.w3.org/2001/XMLSchema"><Column>0</Column><Row>0</Row><IsReadOnly>false</IsReadOnly><HotKey>0</HotKey><TabIndex>0</TabIndex><ControlId /><DataBindings /><ControlLabelPlacement>left</ControlLabelPlacement><CaptionAlignment>left</CaptionAlignment><StyleScheme /></QFElementSpacer></Property>
        </Properties>
      </ControlDefinition>
    </QuickFormElement>
    <QuickFormElement>
      <Properties>
        <Property name="EntityMappingType" type="System.String">None</Property>
      </Properties>
      <ControlDefinition>
        <Properties>
          <Property name="Control" type="Sage.Platform.QuickForms.Controls.QFElementSpacer, Sage.Platform.QuickForms"><QFElementSpacer xmlns:xsi="http://www.w3.org/2001/XMLSchema-instance" xmlns:xsd="http://www.w3.org/2001/XMLSchema"><Column>0</Column><Row>0</Row><IsReadOnly>false</IsReadOnly><HotKey>0</HotKey><TabIndex>0</TabIndex><ControlId /><DataBindings /><ControlLabelPlacement>left</ControlLabelPlacement><CaptionAlignment>left</CaptionAlignment><StyleScheme /></QFElementSpacer></Property>
        </Properties>
      </ControlDefinition>
    </QuickFormElement>
    <QuickFormElement>
      <Properties>
        <Property name="EntityMappingType" type="System.String">None</Property>
      </Properties>
      <ControlDefinition>
        <Properties>
          <Property name="Control" type="Sage.Platform.QuickForms.Controls.QFButton, Sage.Platform.QuickForms"><QFButton xmlns:xsi="http://www.w3.org/2001/XMLSchema-instance" xmlns:xsd="http://www.w3.org/2001/XMLSchema"><Column>0</Column><Row>0</Row><IsReadOnly>false</IsReadOnly><Visible>false</Visible><HotKey>0</HotKey><TabIndex>0</TabIndex><ControlId>Save</ControlId><DataBindings /><ControlLabelPlacement>none</ControlLabelPlacement><CaptionAlignment>left</CaptionAlignment><StyleScheme /><ButtonType>Icon</ButtonType><Image>[Localization!Global_Images:Save_16x16]</Image><OnClientClick /><OnClickAction><ResourceKey>Save</ResourceKey><RootActionName>BusinessRuleAction</RootActionName><Action><BusinessRule>Save</BusinessRule><Object>History</Object><Parameters /><PassResultsToNextAction>False</PassResultsToNextAction><OnCompleteActionName>CSharpSnippetAction</OnCompleteActionName><OnComplete><CSharpCodeSnippet><![CDATA[Sage.SalesLogix.Activity.History history = this.BindingSource.Current as Sage.SalesLogix.Activity.History;
if (history != null)
{
    /* Update any attachment records that were created in Insert mode. */
    Sage.Platform.WebPortal.EntityPage page = (Sage.Platform.WebPortal.EntityPage)Page;
    if (page.ModeId.ToUpper().Equals("INSERT"))
    {
        // Sage.Platform.Application.UI.Web.PageWorkItem;
        Sage.Platform.Application.WorkItem workItem = PageWorkItem;
        if (workItem != null)
        {
            object oStrTempAssociationID = workItem.State["TempAssociationID"];
            if (oStrTempAssociationID != null)
            {
                string strTempAssociationID = oStrTempAssociationID.ToString();
                Type typ = EntityContext.EntityType;
                System.Collections.Generic.IList<Sage.Entity.Interfaces.IAttachment> attachments = Sage.SalesLogix.Attachment.Rules.GetAttachmentsFor(typ, strTempAssociationID);
                if (attachments != null)
                {
                    foreach (Sage.Entity.Interfaces.IAttachment attach in attachments)
                    {
                        attach.HistoryId = history.Id;
                        attach.Save();
                        /* Move the attachment from the \Attachment\_temporary path to the \Attachment path. */
                        Sage.SalesLogix.Attachment.Rules.MoveTempAttachment(attach);
                    }
                }
                workItem.State.Remove("TempAssociationID");
            }
        }
    }
	if (ContactOrLead.SelectedValue == "Contact")
	{
		history.LeadId = "";
	}
	else
	{
		history.ContactId = "";
		history.AccountId = "";
		history.OpportunityId = "";
		history.TicketId = "";
	}
    if (Lead.LookupResultValue.ToString().Length == 12)
    {
        history.AccountName = Sage.Platform.EntityFactory.GetById<Sage.Entity.Interfaces.ILead>(history.LeadId).Company;
        history.ContactName = Sage.Platform.EntityFactory.GetById<Sage.Entity.Interfaces.ILead>(history.LeadId).LeadFullName;
    }
    history.Save();
}
// Redirect to appropriate main view
string entityPage = "account.aspx";
string entityid = "";
bool blnContinue = true;
        
if (Contact.LookupResultValue != null)
{
    if (Contact.LookupResultValue.ToString().Length == 12)
    {
        entityPage = "contact.aspx";
        entityid = Contact.LookupResultValue.ToString();
        blnContinue = false;
    }
}
if ((Account.LookupResultValue != null) && blnContinue)
{
    if (Account.LookupResultValue.ToString().Length == 12)
    {
        entityPage = "account.aspx";
        entityid = Account.LookupResultValue.ToString();
        blnContinue = false;
    }
}
if ((Opportunity.LookupResultValue != null) && blnContinue)
{
    if (Opportunity.LookupResultValue.ToString().Length == 12)
    {
        entityPage = "opportunity.aspx";
        entityid = Opportunity.LookupResultValue.ToString();
        blnContinue = false;
    }
}

if ((Lead.LookupResultValue != null) && blnContinue)
{
    if (Lead.LookupResultValue.ToString().Length == 12)
    {
        entityPage = "lead.aspx";
        entityid = Lead.LookupResultValue.ToString();
        blnContinue = false;
    }
}

if (entityid.Length == 12)
    Response.Redirect(string.Format("{0}?entityid={1}", entityPage, entityid));
else
    Response.Redirect("~/calendar.aspx");]]></CSharpCodeSnippet></OnComplete></Action><IsDialogCloseAction>False</IsDialogCloseAction><RunOnEveryRePaint>False</RunOnEveryRePaint><DialogActionResult>NoResult</DialogActionResult><PerformsUpdate>True</PerformsUpdate><AppliedSecurity /><RefreshData>False</RefreshData></OnClickAction></QFButton></Property>
        </Properties>
      </ControlDefinition>
    </QuickFormElement>
  </QuickFormToolElements>
</QuickFormDefinition>