<?xml version="1.0"?>
<PortalPage xmlns:xsi="http://www.w3.org/2001/XMLSchema-instance" xmlns:xsd="http://www.w3.org/2001/XMLSchema" id="f8923dd2-079e-427b-af12-bf6f5e444322">
  <PageAlias>Contact</PageAlias>
  <SmallImage>[Localization!Global_Images:Contacts_16x16]</SmallImage>
  <LargeImage>[Localization!Global_Images:Contacts_24x24]</LargeImage>
  <TemplateUrl>Masters\base.master</TemplateUrl>
  <InheritTemplate>false</InheritTemplate>
  <InheritsFrom>Sage.Platform.WebPortal.EntityPage, Sage.Platform.WebPortal</InheritsFrom>
  <Properties>
    <Property Name="EntityTypeName" TypeConverter="">Sage.Entity.Interfaces.IContact, Sage.Entity.Interfaces</Property>
  </Properties>
  <TemplateProperties>
    <Property Name="DefaultVisibleTabCount" TypeConverter="">8</Property>
  </TemplateProperties>
  <IsDefaultPage>false</IsDefaultPage>
  <ExcludedGlobalModules />
  <AppliedSecurity>Entities/Contact/View</AppliedSecurity>
</PortalPage>