<?xml version="1.0"?>
<method xmlns:xsi="http://www.w3.org/2001/XMLSchema-instance" xmlns:xsd="http://www.w3.org/2001/XMLSchema" id="8badccb5-2911-406d-bfe2-a46ac96091e7" lastModifiedUtc="2013-07-11T17:19:42.5549015Z" name="OnCreate" methodType="CrudEvent" actionType="None" returnMode="None">
  <extendedMetaData />
  <ExtendedPropertiesCollection>
    <extendee type="Sage.Platform.Orm.Entities.OrmEntityMethod" />
  </ExtendedPropertiesCollection>
  <parameter />
  <preExecuteTargets />
  <methodTargets>
    <methodTarget id="658be23a-869c-4311-bd05-f30c0ea9ecdc" lastModifiedUtc="0001-01-01T00:00:00" targetType="Sage.SalesLogix.Opportunity.Rules, Sage.SalesLogix.BusinessRules" targetMethod="OnCreate" active="true">
      <ExtendedPropertiesCollection>
        <extendee type="Sage.Platform.Orm.Entities.OrmMethodTarget" />
      </ExtendedPropertiesCollection>
    </methodTarget>
  </methodTargets>
  <postExecuteTargets>
    <methodTarget xsi:type="OrmMethodTargetSnippet" id="a972bbc0-de9f-4758-aae9-40a7dec91368" lastModifiedUtc="2013-07-11T21:04:45.6672445Z" targetType="Sage.BusinessRules.CodeSnippets.OpportunityBusinessRules, Sage.SnippetLibrary.CSharp" targetMethod="SLXSocial_OnCreateStep" active="true" description="Set defaults for the opportunity passed from the Social Queue context menu action" codeSnippetId="c03d95e5-91f3-419d-b477-2ea3ef2b09e2">
      <ExtendedPropertiesCollection>
        <extendee type="Sage.Platform.Orm.Entities.OrmMethodTargetSnippet" />
      </ExtendedPropertiesCollection>
    </methodTarget>
  </postExecuteTargets>
  <postFlushTargets />
</method>