<?xml version="1.0"?>
<PortalPage xmlns:xsi="http://www.w3.org/2001/XMLSchema-instance" xmlns:xsd="http://www.w3.org/2001/XMLSchema" id="a698b46d-302f-46ee-b60a-363d29dedce7">
  <PageAlias>InsertDefect</PageAlias>
  <SmallImage>[Localization!Global_Images:defect_new_16x16]</SmallImage>
  <LargeImage>[Localization!Global_Images:defect_new_24x24]</LargeImage>
  <TemplateUrl>Masters\base.master</TemplateUrl>
  <InheritTemplate>false</InheritTemplate>
  <InheritsFrom>Sage.Platform.WebPortal.EntityPage, Sage.Platform.WebPortal</InheritsFrom>
  <Properties>
    <Property Name="EntityTypeName" TypeConverter="">Sage.Entity.Interfaces.IDefect, Sage.Entity.Interfaces</Property>
  </Properties>
  <TemplateProperties>
    <Property Name="IncludeTaskPane" TypeConverter="">False</Property>
  </TemplateProperties>
  <IsDefaultPage>false</IsDefaultPage>
  <ExcludedGlobalModules />
  <AppliedSecurity />
</PortalPage>