<?xml version="1.0"?>
<SlxDataColumn xmlns:xsi="http://www.w3.org/2001/XMLSchema-instance" xmlns:xsd="http://www.w3.org/2001/XMLSchema">
  <TableName>ENTITYSOCIALPROFILE</TableName>
  <Caption>LastUpdatedOn</Caption>
  <ColumnName>LASTUPDATEDON</ColumnName>
  <DataType>135</DataType>
  <MaxLength>0</MaxLength>
  <Precision>255</Precision>
  <Scale>255</Scale>
  <Unique>false</Unique>
  <AllowDBNull>true</AllowDBNull>
  <Fixed>true</Fixed>
  <Long>false</Long>
  <DomainName />
  <DomainCatalog />
  <DomainSchema />
  <Collation />
  <SecurityInfo>
    <FieldOffset>0</FieldOffset>
    <FieldIndex>4870</FieldIndex>
    <SeqCode>50</SeqCode>
    <KeyFlag>0</KeyFlag>
    <Sync>89</Sync>
    <UserDef>84</UserDef>
    <DisplayName>LastUpdatedOn</DisplayName>
    <IsHidden>70</IsHidden>
    <DateTimeType>85</DateTimeType>
    <Description />
    <Autoincrement>70</Autoincrement>
  </SecurityInfo>
</SlxDataColumn>