<?xml version="1.0"?>
<SlxDataColumn xmlns:xsi="http://www.w3.org/2001/XMLSchema-instance" xmlns:xsd="http://www.w3.org/2001/XMLSchema">
  <TableName>ENTITYSOCIALPROFILE</TableName>
  <Caption>NetworkName</Caption>
  <ColumnName>NETWORKNAME</ColumnName>
  <DataType>129</DataType>
  <MaxLength>32</MaxLength>
  <Precision>255</Precision>
  <Scale>255</Scale>
  <Unique>false</Unique>
  <AllowDBNull>true</AllowDBNull>
  <Fixed>false</Fixed>
  <Long>false</Long>
  <DomainName />
  <DomainCatalog />
  <DomainSchema />
  <Collation />
  <SecurityInfo>
    <FieldOffset>0</FieldOffset>
    <FieldIndex>4856</FieldIndex>
    <SeqCode>50</SeqCode>
    <KeyFlag>0</KeyFlag>
    <Sync>89</Sync>
    <UserDef>84</UserDef>
    <DisplayName>NetworkName</DisplayName>
    <IsHidden>70</IsHidden>
    <DateTimeType>32</DateTimeType>
    <Description>Social network name, e.g. "Twitter".</Description>
    <Autoincrement>70</Autoincrement>
  </SecurityInfo>
</SlxDataColumn>