<?xml version="1.0"?>
<BundleManifest id="72b6c266-1235-42c7-b5c6-0b83228e7625">
  <bundleProperties>
    <name>SalesLogix Twitter Integration</name>
    <description><![CDATA[Twitter Integtration for SalesLogix 7.5.4]]></description>
    <address><![CDATA[]]></address>
    <company>Sage Software</company>
    <copyright><![CDATA[]]></copyright>
    <majorVersion>0</majorVersion>
    <minorVersion>0</minorVersion>
    <revision>0</revision>
    <build>1</build>
    <autoIncrement>false</autoIncrement>
    <installDate>0001-01-01T00:00:00</installDate>
    <installPassword />
  </bundleProperties>
  <bundleItemHierarchy>
    <bundleItem modelId="af988c91-97c8-4527-b072-e021c9e2cb1a" itemTypeName="Sage.Platform.BundleModel.BundleManifestItem, Sage.Platform.BundleModel">
      <BundleManifestItem xmlns:xsi="http://www.w3.org/2001/XMLSchema-instance" xmlns:xsd="http://www.w3.org/2001/XMLSchema">
        <ItemId>72b6c266-1235-42c7-b5c6-0b83228e7625</ItemId>
        <Url>\</Url>
        <BundleItemType>Container</BundleItemType>
        <Caption>SalesLogix Twitter Integration</Caption>
      </BundleManifestItem>
      <children>
        <bundleItem modelId="a7bdd2d9-93b0-499d-9fd4-c3f7a5f94e28" itemTypeName="Sage.Platform.Orm.Entities.BundleSupport.EntityModelContext, Sage.Platform">
          <EntityModelContext xmlns:xsi="http://www.w3.org/2001/XMLSchema-instance" xmlns:xsd="http://www.w3.org/2001/XMLSchema">
            <ItemId>entitymodel</ItemId>
            <Url>\::Entity Model</Url>
            <BundleItemType>Container</BundleItemType>
            <Caption>Entity Model</Caption>
          </EntityModelContext>
          <children>
            <bundleItem modelId="a7bdd2d9-93b0-499d-9fd4-c3f7a5f94e28" itemTypeName="Sage.Platform.Orm.Entities.BundleSupport.PackagesContext, Sage.Platform">
              <PackagesContext xmlns:xsi="http://www.w3.org/2001/XMLSchema-instance" xmlns:xsd="http://www.w3.org/2001/XMLSchema">
                <ItemId>entitymodel\packages</ItemId>
                <Url>\::Entity Model::Packages</Url>
                <BundleItemType>Container</BundleItemType>
                <Caption>Packages</Caption>
              </PackagesContext>
              <children>
                <bundleItem modelId="a7bdd2d9-93b0-499d-9fd4-c3f7a5f94e28" itemTypeName="Sage.Platform.Orm.Entities.BundleSupport.PackageBundleItem, Sage.Platform">
                  <PackageBundleItem xmlns:xsi="http://www.w3.org/2001/XMLSchema-instance" xmlns:xsd="http://www.w3.org/2001/XMLSchema">
                    <ItemId>7ddc7cbe-e71d-483a-8599-6c5c483ee050</ItemId>
                    <Url>\Entity Model\SalesLogix Application Entities\SalesLogix Application Entities.T.package.xml</Url>
                    <BundleItemType>Context</BundleItemType>
                    <Caption>SalesLogix Application Entities</Caption>
                  </PackageBundleItem>
                  <children>
                    <bundleItem modelId="a7bdd2d9-93b0-499d-9fd4-c3f7a5f94e28" itemTypeName="Sage.Platform.Orm.Entities.BundleSupport.EntityBundleItem, Sage.Platform">
                      <EntityBundleItem xmlns:xsi="http://www.w3.org/2001/XMLSchema-instance" xmlns:xsd="http://www.w3.org/2001/XMLSchema">
                        <ItemId>750a7f26-3604-467b-94fe-249370231df4</ItemId>
                        <Url>\Entity Model\SalesLogix Application Entities\Contact\Contact.CONTACT.entity.xml</Url>
                        <BundleItemType>Context</BundleItemType>
                        <Caption>Contact</Caption>
                      </EntityBundleItem>
                      <children>
                        <bundleItem modelId="a7bdd2d9-93b0-499d-9fd4-c3f7a5f94e28" itemTypeName="Sage.Platform.Orm.Entities.BundleSupport.EntitySubFolderContext, Sage.Platform">
                          <EntitySubFolderContext xmlns:xsi="http://www.w3.org/2001/XMLSchema-instance" xmlns:xsd="http://www.w3.org/2001/XMLSchema">
                            <ItemId>750a7f26-3604-467b-94fe-249370231df4properties</ItemId>
                            <Url>\Entity Model\SalesLogix Application Entities\Contact\Contact.CONTACT.entity.xml::Properties</Url>
                            <BundleItemType>Container</BundleItemType>
                            <Caption>Properties</Caption>
                            <ParentUrl>\Entity Model\SalesLogix Application Entities\Contact\Contact.CONTACT.entity.xml</ParentUrl>
                            <CaptionKey>properties</CaptionKey>
                          </EntitySubFolderContext>
                          <children>
                            <bundleItem modelId="a7bdd2d9-93b0-499d-9fd4-c3f7a5f94e28" itemTypeName="Sage.Platform.Orm.Entities.BundleSupport.PropertyBundleItem, Sage.Platform">
                              <PropertyBundleItem xmlns:xsi="http://www.w3.org/2001/XMLSchema-instance" xmlns:xsd="http://www.w3.org/2001/XMLSchema">
                                <ItemId>b597f2cd-7813-4bc9-8e4e-3ee39f2ba87f</ItemId>
                                <Url>\Entity Model\SalesLogix Application Entities\Contact\Contact.CONTACT.entity.xml::Properties::TwitterId</Url>
                                <BundleItemType>Other</BundleItemType>
                                <Caption>TwitterId</Caption>
                                <SerializationOptions>RecurseChildren</SerializationOptions>
                                <InstallOptions>RecurseChildren</InstallOptions>
                              </PropertyBundleItem>
                            </bundleItem>
                          </children>
                        </bundleItem>
                      </children>
                    </bundleItem>
                    <bundleItem modelId="a7bdd2d9-93b0-499d-9fd4-c3f7a5f94e28" itemTypeName="Sage.Platform.Orm.Entities.BundleSupport.EntityBundleItem, Sage.Platform">
                      <EntityBundleItem xmlns:xsi="http://www.w3.org/2001/XMLSchema-instance" xmlns:xsd="http://www.w3.org/2001/XMLSchema">
                        <ItemId>aa22326e-6c3b-4a21-9518-0fb886e370d1</ItemId>
                        <Url>\Entity Model\SalesLogix Application Entities\Defect\Defect.DEFECT.entity.xml</Url>
                        <BundleItemType>Context</BundleItemType>
                        <Caption>Defect</Caption>
                      </EntityBundleItem>
                      <children>
                        <bundleItem modelId="a7bdd2d9-93b0-499d-9fd4-c3f7a5f94e28" itemTypeName="Sage.Platform.Orm.Entities.BundleSupport.EntitySubFolderContext, Sage.Platform">
                          <EntitySubFolderContext xmlns:xsi="http://www.w3.org/2001/XMLSchema-instance" xmlns:xsd="http://www.w3.org/2001/XMLSchema">
                            <ItemId>aa22326e-6c3b-4a21-9518-0fb886e370d1properties</ItemId>
                            <Url>\Entity Model\SalesLogix Application Entities\Defect\Defect.DEFECT.entity.xml::Properties</Url>
                            <BundleItemType>Container</BundleItemType>
                            <Caption>Properties</Caption>
                            <ParentUrl>\Entity Model\SalesLogix Application Entities\Defect\Defect.DEFECT.entity.xml</ParentUrl>
                            <CaptionKey>properties</CaptionKey>
                          </EntitySubFolderContext>
                          <children>
                            <bundleItem modelId="a7bdd2d9-93b0-499d-9fd4-c3f7a5f94e28" itemTypeName="Sage.Platform.Orm.Entities.BundleSupport.PropertyBundleItem, Sage.Platform">
                              <PropertyBundleItem xmlns:xsi="http://www.w3.org/2001/XMLSchema-instance" xmlns:xsd="http://www.w3.org/2001/XMLSchema">
                                <ItemId>b934effd-3c9c-4957-ba64-68d8cdba6154</ItemId>
                                <Url>\Entity Model\SalesLogix Application Entities\Defect\Defect.DEFECT.entity.xml::Properties::LinkUrl</Url>
                                <BundleItemType>Other</BundleItemType>
                                <Caption>LinkUrl</Caption>
                                <SerializationOptions>RecurseChildren</SerializationOptions>
                                <InstallOptions>RecurseChildren</InstallOptions>
                              </PropertyBundleItem>
                            </bundleItem>
                          </children>
                        </bundleItem>
                        <bundleItem modelId="a7bdd2d9-93b0-499d-9fd4-c3f7a5f94e28" itemTypeName="Sage.Platform.Orm.Entities.BundleSupport.EntitySubFolderContext, Sage.Platform">
                          <EntitySubFolderContext xmlns:xsi="http://www.w3.org/2001/XMLSchema-instance" xmlns:xsd="http://www.w3.org/2001/XMLSchema">
                            <ItemId>aa22326e-6c3b-4a21-9518-0fb886e370d1quickforms</ItemId>
                            <Url>\Entity Model\SalesLogix Application Entities\Defect\Defect.DEFECT.entity.xml::Forms</Url>
                            <BundleItemType>Container</BundleItemType>
                            <Caption>Forms</Caption>
                            <ParentUrl>\Entity Model\SalesLogix Application Entities\Defect\Defect.DEFECT.entity.xml</ParentUrl>
                            <CaptionKey>quickforms</CaptionKey>
                          </EntitySubFolderContext>
                          <children>
                            <bundleItem modelId="b2741b79-02a2-4f4c-81cd-c204f82cf41c" itemTypeName="Sage.Platform.QuickForms.BundleSupport.QuickFormBundleItem, Sage.Platform.QuickForms">
                              <QuickFormBundleItem xmlns:xsi="http://www.w3.org/2001/XMLSchema-instance" xmlns:xsd="http://www.w3.org/2001/XMLSchema">
                                <ItemId>f70bdef0-baac-485c-9463-8810748276ea</ItemId>
                                <Url>\Entity Model\SalesLogix Application Entities\Defect\QuickForms\InsertDefect.main.quickform.xml</Url>
                                <BundleItemType>ModelItem</BundleItemType>
                                <Caption>InsertDefect</Caption>
                              </QuickFormBundleItem>
                            </bundleItem>
                          </children>
                        </bundleItem>
                      </children>
                    </bundleItem>
                    <bundleItem modelId="a7bdd2d9-93b0-499d-9fd4-c3f7a5f94e28" itemTypeName="Sage.Platform.Orm.Entities.BundleSupport.EntityBundleItem, Sage.Platform">
                      <EntityBundleItem xmlns:xsi="http://www.w3.org/2001/XMLSchema-instance" xmlns:xsd="http://www.w3.org/2001/XMLSchema">
                        <ItemId>17a47b77-45ae-4eae-866f-fb518a2f045d</ItemId>
                        <Url>\Entity Model\SalesLogix Application Entities\TicketProblemType\TicketProblemType.TICKETPROBLEMTYPE.entity.xml</Url>
                        <BundleItemType>Context</BundleItemType>
                        <Caption>TicketProblemType</Caption>
                      </EntityBundleItem>
                      <children>
                        <bundleItem modelId="a7bdd2d9-93b0-499d-9fd4-c3f7a5f94e28" itemTypeName="Sage.Platform.Orm.Entities.BundleSupport.EntitySubFolderContext, Sage.Platform">
                          <EntitySubFolderContext xmlns:xsi="http://www.w3.org/2001/XMLSchema-instance" xmlns:xsd="http://www.w3.org/2001/XMLSchema">
                            <ItemId>17a47b77-45ae-4eae-866f-fb518a2f045dquickforms</ItemId>
                            <Url>\Entity Model\SalesLogix Application Entities\TicketProblemType\TicketProblemType.TICKETPROBLEMTYPE.entity.xml::Forms</Url>
                            <BundleItemType>Container</BundleItemType>
                            <Caption>Forms</Caption>
                            <ParentUrl>\Entity Model\SalesLogix Application Entities\TicketProblemType\TicketProblemType.TICKETPROBLEMTYPE.entity.xml</ParentUrl>
                            <CaptionKey>quickforms</CaptionKey>
                          </EntitySubFolderContext>
                          <children>
                            <bundleItem modelId="b2741b79-02a2-4f4c-81cd-c204f82cf41c" itemTypeName="Sage.Platform.QuickForms.BundleSupport.QuickFormBundleItem, Sage.Platform.QuickForms">
                              <QuickFormBundleItem xmlns:xsi="http://www.w3.org/2001/XMLSchema-instance" xmlns:xsd="http://www.w3.org/2001/XMLSchema">
                                <ItemId>d78bd651-dbd6-46f5-8370-701c5edc7275</ItemId>
                                <Url>\Entity Model\SalesLogix Application Entities\TicketProblemType\QuickForms\StandardProblemDetail.main.quickform.xml</Url>
                                <BundleItemType>ModelItem</BundleItemType>
                                <Caption>StandardProblemDetail</Caption>
                              </QuickFormBundleItem>
                            </bundleItem>
                          </children>
                        </bundleItem>
                      </children>
                    </bundleItem>
                    <bundleItem modelId="a7bdd2d9-93b0-499d-9fd4-c3f7a5f94e28" itemTypeName="Sage.Platform.Orm.Entities.BundleSupport.EntityBundleItem, Sage.Platform">
                      <EntityBundleItem xmlns:xsi="http://www.w3.org/2001/XMLSchema-instance" xmlns:xsd="http://www.w3.org/2001/XMLSchema">
                        <ItemId>e7a70408-03cb-4667-890b-39de33fb739b</ItemId>
                        <Url>\Entity Model\SalesLogix Application Entities\Ticket\Ticket.TICKET.entity.xml</Url>
                        <BundleItemType>Context</BundleItemType>
                        <Caption>Ticket</Caption>
                      </EntityBundleItem>
                      <children>
                        <bundleItem modelId="a7bdd2d9-93b0-499d-9fd4-c3f7a5f94e28" itemTypeName="Sage.Platform.Orm.Entities.BundleSupport.EntitySubFolderContext, Sage.Platform">
                          <EntitySubFolderContext xmlns:xsi="http://www.w3.org/2001/XMLSchema-instance" xmlns:xsd="http://www.w3.org/2001/XMLSchema">
                            <ItemId>e7a70408-03cb-4667-890b-39de33fb739bquickforms</ItemId>
                            <Url>\Entity Model\SalesLogix Application Entities\Ticket\Ticket.TICKET.entity.xml::Forms</Url>
                            <BundleItemType>Container</BundleItemType>
                            <Caption>Forms</Caption>
                            <ParentUrl>\Entity Model\SalesLogix Application Entities\Ticket\Ticket.TICKET.entity.xml</ParentUrl>
                            <CaptionKey>quickforms</CaptionKey>
                          </EntitySubFolderContext>
                          <children>
                            <bundleItem modelId="b2741b79-02a2-4f4c-81cd-c204f82cf41c" itemTypeName="Sage.Platform.QuickForms.BundleSupport.QuickFormBundleItem, Sage.Platform.QuickForms">
                              <QuickFormBundleItem xmlns:xsi="http://www.w3.org/2001/XMLSchema-instance" xmlns:xsd="http://www.w3.org/2001/XMLSchema">
                                <ItemId>e643817c-d38b-472b-99af-6fc62a63370c</ItemId>
                                <Url>\Entity Model\SalesLogix Application Entities\Ticket\QuickForms\InsertTicket.main.quickform.xml</Url>
                                <BundleItemType>ModelItem</BundleItemType>
                                <Caption>InsertTicket</Caption>
                              </QuickFormBundleItem>
                            </bundleItem>
                          </children>
                        </bundleItem>
                      </children>
                    </bundleItem>
                    <bundleItem modelId="a7bdd2d9-93b0-499d-9fd4-c3f7a5f94e28" itemTypeName="Sage.Platform.Orm.Entities.BundleSupport.EntityBundleItem, Sage.Platform">
                      <EntityBundleItem xmlns:xsi="http://www.w3.org/2001/XMLSchema-instance" xmlns:xsd="http://www.w3.org/2001/XMLSchema">
                        <ItemId>27f9e8e9-34d8-4eaf-8fd7-c70d133e6f90</ItemId>
                        <Url>\Entity Model\SalesLogix Application Entities\Lead\Lead.LEAD.entity.xml</Url>
                        <BundleItemType>Context</BundleItemType>
                        <Caption>Lead</Caption>
                      </EntityBundleItem>
                      <children>
                        <bundleItem modelId="a7bdd2d9-93b0-499d-9fd4-c3f7a5f94e28" itemTypeName="Sage.Platform.Orm.Entities.BundleSupport.EntitySubFolderContext, Sage.Platform">
                          <EntitySubFolderContext xmlns:xsi="http://www.w3.org/2001/XMLSchema-instance" xmlns:xsd="http://www.w3.org/2001/XMLSchema">
                            <ItemId>27f9e8e9-34d8-4eaf-8fd7-c70d133e6f90quickforms</ItemId>
                            <Url>\Entity Model\SalesLogix Application Entities\Lead\Lead.LEAD.entity.xml::Forms</Url>
                            <BundleItemType>Container</BundleItemType>
                            <Caption>Forms</Caption>
                            <ParentUrl>\Entity Model\SalesLogix Application Entities\Lead\Lead.LEAD.entity.xml</ParentUrl>
                            <CaptionKey>quickforms</CaptionKey>
                          </EntitySubFolderContext>
                          <children>
                            <bundleItem modelId="b2741b79-02a2-4f4c-81cd-c204f82cf41c" itemTypeName="Sage.Platform.QuickForms.BundleSupport.QuickFormBundleItem, Sage.Platform.QuickForms">
                              <QuickFormBundleItem xmlns:xsi="http://www.w3.org/2001/XMLSchema-instance" xmlns:xsd="http://www.w3.org/2001/XMLSchema">
                                <ItemId>2b31e85d-6b22-4a99-894d-24e123304356</ItemId>
                                <Url>\Entity Model\SalesLogix Application Entities\Lead\QuickForms\InsertLead.main.quickform.xml</Url>
                                <BundleItemType>ModelItem</BundleItemType>
                                <Caption>InsertLead</Caption>
                              </QuickFormBundleItem>
                            </bundleItem>
                          </children>
                        </bundleItem>
                      </children>
                    </bundleItem>
                  </children>
                </bundleItem>
                <bundleItem modelId="a7bdd2d9-93b0-499d-9fd4-c3f7a5f94e28" itemTypeName="Sage.Platform.Orm.Entities.BundleSupport.PackageBundleItem, Sage.Platform">
                  <PackageBundleItem xmlns:xsi="http://www.w3.org/2001/XMLSchema-instance" xmlns:xsd="http://www.w3.org/2001/XMLSchema">
                    <ItemId>1dd88659-ce68-4ef6-ac7c-80d3c33606e8</ItemId>
                    <Url>\Entity Model\SalesLogix Activity Support\SalesLogix Activity Support.T.package.xml</Url>
                    <BundleItemType>Context</BundleItemType>
                    <Caption>SalesLogix Activity Support</Caption>
                  </PackageBundleItem>
                  <children>
                    <bundleItem modelId="a7bdd2d9-93b0-499d-9fd4-c3f7a5f94e28" itemTypeName="Sage.Platform.Orm.Entities.BundleSupport.EntityBundleItem, Sage.Platform">
                      <EntityBundleItem xmlns:xsi="http://www.w3.org/2001/XMLSchema-instance" xmlns:xsd="http://www.w3.org/2001/XMLSchema">
                        <ItemId>9bcc821a-6853-4cf2-8f2f-09ddd2645197</ItemId>
                        <Url>\Entity Model\SalesLogix Activity Support\History\History.HISTORY.entity.xml</Url>
                        <BundleItemType>Context</BundleItemType>
                        <Caption>History</Caption>
                      </EntityBundleItem>
                      <children>
                        <bundleItem modelId="a7bdd2d9-93b0-499d-9fd4-c3f7a5f94e28" itemTypeName="Sage.Platform.Orm.Entities.BundleSupport.EntitySubFolderContext, Sage.Platform">
                          <EntitySubFolderContext xmlns:xsi="http://www.w3.org/2001/XMLSchema-instance" xmlns:xsd="http://www.w3.org/2001/XMLSchema">
                            <ItemId>9bcc821a-6853-4cf2-8f2f-09ddd2645197quickforms</ItemId>
                            <Url>\Entity Model\SalesLogix Activity Support\History\History.HISTORY.entity.xml::Forms</Url>
                            <BundleItemType>Container</BundleItemType>
                            <Caption>Forms</Caption>
                            <ParentUrl>\Entity Model\SalesLogix Activity Support\History\History.HISTORY.entity.xml</ParentUrl>
                            <CaptionKey>quickforms</CaptionKey>
                          </EntitySubFolderContext>
                          <children>
                            <bundleItem modelId="b2741b79-02a2-4f4c-81cd-c204f82cf41c" itemTypeName="Sage.Platform.QuickForms.BundleSupport.QuickFormBundleItem, Sage.Platform.QuickForms">
                              <QuickFormBundleItem xmlns:xsi="http://www.w3.org/2001/XMLSchema-instance" xmlns:xsd="http://www.w3.org/2001/XMLSchema">
                                <ItemId>c21d58d0-4d40-481e-8562-6511527f2a8d</ItemId>
                                <Url>\Entity Model\SalesLogix Activity Support\History\QuickForms\AddContactOrLeadNote.main.quickform.xml</Url>
                                <BundleItemType>ModelItem</BundleItemType>
                                <Caption>AddContactOrLeadNote</Caption>
                              </QuickFormBundleItem>
                            </bundleItem>
                          </children>
                        </bundleItem>
                      </children>
                    </bundleItem>
                  </children>
                </bundleItem>
              </children>
            </bundleItem>
          </children>
        </bundleItem>
        <bundleItem modelId="73d4e7d0-a7fa-40ae-8b45-1ad7ed954154" itemTypeName="Sage.Platform.WebPortal.Design.BundleSupport.ManagerBundleItem, Sage.Platform.WebPortal.Design">
          <ManagerBundleItem xmlns:xsi="http://www.w3.org/2001/XMLSchema-instance" xmlns:xsd="http://www.w3.org/2001/XMLSchema">
            <ItemId>\Portal</ItemId>
            <Url>\Portal</Url>
            <BundleItemType>Container</BundleItemType>
            <Caption>Portals</Caption>
          </ManagerBundleItem>
          <children>
            <bundleItem modelId="73d4e7d0-a7fa-40ae-8b45-1ad7ed954154" itemTypeName="Sage.Platform.WebPortal.Design.BundleSupport.ModelItemBundleItem, Sage.Platform.WebPortal.Design">
              <ModelItemBundleItem xmlns:xsi="http://www.w3.org/2001/XMLSchema-instance" xmlns:xsd="http://www.w3.org/2001/XMLSchema">
                <ItemId>861ac5fe-b571-4015-a55d-bf63e400e1e7</ItemId>
                <Url>\Portal\SlxClient\SlxClient.portal.xml</Url>
                <BundleItemType>ModelItem</BundleItemType>
                <Caption>Sage SalesLogix</Caption>
              </ModelItemBundleItem>
              <children>
                <bundleItem modelId="73d4e7d0-a7fa-40ae-8b45-1ad7ed954154" itemTypeName="Sage.Platform.WebPortal.Design.BundleSupport.LinkedFolderBundleItem, Sage.Platform.WebPortal.Design">
                  <LinkedFolderBundleItem xmlns:xsi="http://www.w3.org/2001/XMLSchema-instance" xmlns:xsd="http://www.w3.org/2001/XMLSchema">
                    <ItemId>\Portal\SlxClient\SlxClient.portal.xml\SupportFiles</ItemId>
                    <Url>\Portal\SlxClient\SlxClient.portal.xml\SupportFiles</Url>
                    <BundleItemType>Context</BundleItemType>
                    <Caption>SupportFiles</Caption>
                    <InstallOptions>SkipItemAndChildren</InstallOptions>
                  </LinkedFolderBundleItem>
                  <children>
                    <bundleItem modelId="73d4e7d0-a7fa-40ae-8b45-1ad7ed954154" itemTypeName="Sage.Platform.WebPortal.Design.BundleSupport.LinkedFolderBundleItem, Sage.Platform.WebPortal.Design">
                      <LinkedFolderBundleItem xmlns:xsi="http://www.w3.org/2001/XMLSchema-instance" xmlns:xsd="http://www.w3.org/2001/XMLSchema">
                        <ItemId>\Portal\SlxClient\SlxClient.portal.xml\SupportFiles\App_Code</ItemId>
                        <Url>\Portal\SlxClient\SlxClient.portal.xml\SupportFiles\App_Code</Url>
                        <BundleItemType>Context</BundleItemType>
                        <Caption>App_Code</Caption>
                        <InstallOptions>SkipItemAndChildren</InstallOptions>
                      </LinkedFolderBundleItem>
                      <children>
                        <bundleItem modelId="73d4e7d0-a7fa-40ae-8b45-1ad7ed954154" itemTypeName="Sage.Platform.WebPortal.Design.BundleSupport.LinkedFileBundleItem, Sage.Platform.WebPortal.Design">
                          <LinkedFileBundleItem xmlns:xsi="http://www.w3.org/2001/XMLSchema-instance" xmlns:xsd="http://www.w3.org/2001/XMLSchema">
                            <ItemId>\Portal\SlxClient\SupportFiles\App_Code\LinkHandler.cs</ItemId>
                            <Url>\Portal\SlxClient\SupportFiles\App_Code\LinkHandler.cs</Url>
                            <BundleItemType>Other</BundleItemType>
                            <Caption>LinkHandler.cs</Caption>
                            <InstallOptions>SkipItemAndChildren</InstallOptions>
                            <IsLinkedFile>false</IsLinkedFile>
                            <SourcePath>C:\Development\VFS\Social-New\Model\Portal\SlxClient\SupportFiles\App_Code\LinkHandler.cs</SourcePath>
                            <ParentModelItemUrl>\Portal\SlxClient\SlxClient.portal.xml</ParentModelItemUrl>
                            <ProjectPath>SupportFiles\App_Code\LinkHandler.cs</ProjectPath>
                          </LinkedFileBundleItem>
                        </bundleItem>
                      </children>
                    </bundleItem>
                    <bundleItem modelId="73d4e7d0-a7fa-40ae-8b45-1ad7ed954154" itemTypeName="Sage.Platform.WebPortal.Design.BundleSupport.LinkedFolderBundleItem, Sage.Platform.WebPortal.Design">
                      <LinkedFolderBundleItem xmlns:xsi="http://www.w3.org/2001/XMLSchema-instance" xmlns:xsd="http://www.w3.org/2001/XMLSchema">
                        <ItemId>\Portal\SlxClient\SlxClient.portal.xml\SupportFiles\Bin</ItemId>
                        <Url>\Portal\SlxClient\SlxClient.portal.xml\SupportFiles\Bin</Url>
                        <BundleItemType>Context</BundleItemType>
                        <Caption>Bin</Caption>
                        <InstallOptions>SkipItemAndChildren</InstallOptions>
                      </LinkedFolderBundleItem>
                      <children>
                        <bundleItem modelId="73d4e7d0-a7fa-40ae-8b45-1ad7ed954154" itemTypeName="Sage.Platform.WebPortal.Design.BundleSupport.LinkedFileBundleItem, Sage.Platform.WebPortal.Design">
                          <LinkedFileBundleItem xmlns:xsi="http://www.w3.org/2001/XMLSchema-instance" xmlns:xsd="http://www.w3.org/2001/XMLSchema">
                            <ItemId>\Portal\SlxClient\SupportFiles\Bin\TwitterVB.dll</ItemId>
                            <Url>\Portal\SlxClient\SupportFiles\Bin\TwitterVB.dll</Url>
                            <BundleItemType>Other</BundleItemType>
                            <Caption>TwitterVB.dll</Caption>
                            <InstallOptions>SkipItemAndChildren</InstallOptions>
                            <IsLinkedFile>false</IsLinkedFile>
                            <SourcePath>C:\Development\VFS\Social-New\Model\Portal\SlxClient\SupportFiles\Bin\TwitterVB.dll</SourcePath>
                            <ParentModelItemUrl>\Portal\SlxClient\SlxClient.portal.xml</ParentModelItemUrl>
                            <ProjectPath>SupportFiles\Bin\TwitterVB.dll</ProjectPath>
                          </LinkedFileBundleItem>
                        </bundleItem>
                      </children>
                    </bundleItem>
                    <bundleItem modelId="73d4e7d0-a7fa-40ae-8b45-1ad7ed954154" itemTypeName="Sage.Platform.WebPortal.Design.BundleSupport.LinkedFolderBundleItem, Sage.Platform.WebPortal.Design">
                      <LinkedFolderBundleItem xmlns:xsi="http://www.w3.org/2001/XMLSchema-instance" xmlns:xsd="http://www.w3.org/2001/XMLSchema">
                        <ItemId>\Portal\SlxClient\SlxClient.portal.xml\SupportFiles\images</ItemId>
                        <Url>\Portal\SlxClient\SlxClient.portal.xml\SupportFiles\images</Url>
                        <BundleItemType>Context</BundleItemType>
                        <Caption>images</Caption>
                        <InstallOptions>SkipItemAndChildren</InstallOptions>
                      </LinkedFolderBundleItem>
                      <children>
                        <bundleItem modelId="73d4e7d0-a7fa-40ae-8b45-1ad7ed954154" itemTypeName="Sage.Platform.WebPortal.Design.BundleSupport.LinkedFolderBundleItem, Sage.Platform.WebPortal.Design">
                          <LinkedFolderBundleItem xmlns:xsi="http://www.w3.org/2001/XMLSchema-instance" xmlns:xsd="http://www.w3.org/2001/XMLSchema">
                            <ItemId>\Portal\SlxClient\SlxClient.portal.xml\SupportFiles\images\icons</ItemId>
                            <Url>\Portal\SlxClient\SlxClient.portal.xml\SupportFiles\images\icons</Url>
                            <BundleItemType>Context</BundleItemType>
                            <Caption>icons</Caption>
                            <InstallOptions>SkipItemAndChildren</InstallOptions>
                          </LinkedFolderBundleItem>
                          <children>
                            <bundleItem modelId="73d4e7d0-a7fa-40ae-8b45-1ad7ed954154" itemTypeName="Sage.Platform.WebPortal.Design.BundleSupport.LinkedFileBundleItem, Sage.Platform.WebPortal.Design">
                              <LinkedFileBundleItem xmlns:xsi="http://www.w3.org/2001/XMLSchema-instance" xmlns:xsd="http://www.w3.org/2001/XMLSchema">
                                <ItemId>\Portal\SlxClient\SupportFiles\images\icons\FaceBook-24x24.png</ItemId>
                                <Url>\Portal\SlxClient\SupportFiles\images\icons\FaceBook-24x24.png</Url>
                                <BundleItemType>Other</BundleItemType>
                                <Caption>FaceBook-24x24.png</Caption>
                                <InstallOptions>SkipItemAndChildren</InstallOptions>
                                <IsLinkedFile>false</IsLinkedFile>
                                <SourcePath>C:\Development\VFS\Social-New\Model\Portal\SlxClient\SupportFiles\images\icons\FaceBook-24x24.png</SourcePath>
                                <ParentModelItemUrl>\Portal\SlxClient\SlxClient.portal.xml</ParentModelItemUrl>
                                <ProjectPath>SupportFiles\images\icons\FaceBook-24x24.png</ProjectPath>
                              </LinkedFileBundleItem>
                            </bundleItem>
                            <bundleItem modelId="73d4e7d0-a7fa-40ae-8b45-1ad7ed954154" itemTypeName="Sage.Platform.WebPortal.Design.BundleSupport.LinkedFileBundleItem, Sage.Platform.WebPortal.Design">
                              <LinkedFileBundleItem xmlns:xsi="http://www.w3.org/2001/XMLSchema-instance" xmlns:xsd="http://www.w3.org/2001/XMLSchema">
                                <ItemId>\Portal\SlxClient\SupportFiles\images\icons\Linked-In-24x24.png</ItemId>
                                <Url>\Portal\SlxClient\SupportFiles\images\icons\Linked-In-24x24.png</Url>
                                <BundleItemType>Other</BundleItemType>
                                <Caption>Linked-In-24x24.png</Caption>
                                <InstallOptions>SkipItemAndChildren</InstallOptions>
                                <IsLinkedFile>false</IsLinkedFile>
                                <SourcePath>C:\Development\VFS\Social-New\Model\Portal\SlxClient\SupportFiles\images\icons\Linked-In-24x24.png</SourcePath>
                                <ParentModelItemUrl>\Portal\SlxClient\SlxClient.portal.xml</ParentModelItemUrl>
                                <ProjectPath>SupportFiles\images\icons\Linked-In-24x24.png</ProjectPath>
                              </LinkedFileBundleItem>
                            </bundleItem>
                            <bundleItem modelId="73d4e7d0-a7fa-40ae-8b45-1ad7ed954154" itemTypeName="Sage.Platform.WebPortal.Design.BundleSupport.LinkedFileBundleItem, Sage.Platform.WebPortal.Design">
                              <LinkedFileBundleItem xmlns:xsi="http://www.w3.org/2001/XMLSchema-instance" xmlns:xsd="http://www.w3.org/2001/XMLSchema">
                                <ItemId>\Portal\SlxClient\SupportFiles\images\icons\Linked-In-32x32.png</ItemId>
                                <Url>\Portal\SlxClient\SupportFiles\images\icons\Linked-In-32x32.png</Url>
                                <BundleItemType>Other</BundleItemType>
                                <Caption>Linked-In-32x32.png</Caption>
                                <InstallOptions>SkipItemAndChildren</InstallOptions>
                                <IsLinkedFile>false</IsLinkedFile>
                                <SourcePath>C:\Development\VFS\Social-New\Model\Portal\SlxClient\SupportFiles\images\icons\Linked-In-32x32.png</SourcePath>
                                <ParentModelItemUrl>\Portal\SlxClient\SlxClient.portal.xml</ParentModelItemUrl>
                                <ProjectPath>SupportFiles\images\icons\Linked-In-32x32.png</ProjectPath>
                              </LinkedFileBundleItem>
                            </bundleItem>
                            <bundleItem modelId="73d4e7d0-a7fa-40ae-8b45-1ad7ed954154" itemTypeName="Sage.Platform.WebPortal.Design.BundleSupport.LinkedFileBundleItem, Sage.Platform.WebPortal.Design">
                              <LinkedFileBundleItem xmlns:xsi="http://www.w3.org/2001/XMLSchema-instance" xmlns:xsd="http://www.w3.org/2001/XMLSchema">
                                <ItemId>\Portal\SlxClient\SupportFiles\images\icons\Twitter-16x16.png</ItemId>
                                <Url>\Portal\SlxClient\SupportFiles\images\icons\Twitter-16x16.png</Url>
                                <BundleItemType>Other</BundleItemType>
                                <Caption>Twitter-16x16.png</Caption>
                                <InstallOptions>SkipItemAndChildren</InstallOptions>
                                <IsLinkedFile>false</IsLinkedFile>
                                <SourcePath>C:\Development\VFS\Social-New\Model\Portal\SlxClient\SupportFiles\images\icons\Twitter-16x16.png</SourcePath>
                                <ParentModelItemUrl>\Portal\SlxClient\SlxClient.portal.xml</ParentModelItemUrl>
                                <ProjectPath>SupportFiles\images\icons\Twitter-16x16.png</ProjectPath>
                              </LinkedFileBundleItem>
                            </bundleItem>
                            <bundleItem modelId="73d4e7d0-a7fa-40ae-8b45-1ad7ed954154" itemTypeName="Sage.Platform.WebPortal.Design.BundleSupport.LinkedFileBundleItem, Sage.Platform.WebPortal.Design">
                              <LinkedFileBundleItem xmlns:xsi="http://www.w3.org/2001/XMLSchema-instance" xmlns:xsd="http://www.w3.org/2001/XMLSchema">
                                <ItemId>\Portal\SlxClient\SupportFiles\images\icons\Twitter-24x24.png</ItemId>
                                <Url>\Portal\SlxClient\SupportFiles\images\icons\Twitter-24x24.png</Url>
                                <BundleItemType>Other</BundleItemType>
                                <Caption>Twitter-24x24.png</Caption>
                                <InstallOptions>SkipItemAndChildren</InstallOptions>
                                <IsLinkedFile>false</IsLinkedFile>
                                <SourcePath>C:\Development\VFS\Social-New\Model\Portal\SlxClient\SupportFiles\images\icons\Twitter-24x24.png</SourcePath>
                                <ParentModelItemUrl>\Portal\SlxClient\SlxClient.portal.xml</ParentModelItemUrl>
                                <ProjectPath>SupportFiles\images\icons\Twitter-24x24.png</ProjectPath>
                              </LinkedFileBundleItem>
                            </bundleItem>
                            <bundleItem modelId="73d4e7d0-a7fa-40ae-8b45-1ad7ed954154" itemTypeName="Sage.Platform.WebPortal.Design.BundleSupport.LinkedFileBundleItem, Sage.Platform.WebPortal.Design">
                              <LinkedFileBundleItem xmlns:xsi="http://www.w3.org/2001/XMLSchema-instance" xmlns:xsd="http://www.w3.org/2001/XMLSchema">
                                <ItemId>\Portal\SlxClient\SupportFiles\images\icons\Twitter-32x32.png</ItemId>
                                <Url>\Portal\SlxClient\SupportFiles\images\icons\Twitter-32x32.png</Url>
                                <BundleItemType>Other</BundleItemType>
                                <Caption>Twitter-32x32.png</Caption>
                                <InstallOptions>SkipItemAndChildren</InstallOptions>
                                <IsLinkedFile>false</IsLinkedFile>
                                <SourcePath>C:\Development\VFS\Social-New\Model\Portal\SlxClient\SupportFiles\images\icons\Twitter-32x32.png</SourcePath>
                                <ParentModelItemUrl>\Portal\SlxClient\SlxClient.portal.xml</ParentModelItemUrl>
                                <ProjectPath>SupportFiles\images\icons\Twitter-32x32.png</ProjectPath>
                              </LinkedFileBundleItem>
                            </bundleItem>
                          </children>
                        </bundleItem>
                      </children>
                    </bundleItem>
                    <bundleItem modelId="73d4e7d0-a7fa-40ae-8b45-1ad7ed954154" itemTypeName="Sage.Platform.WebPortal.Design.BundleSupport.LinkedFolderBundleItem, Sage.Platform.WebPortal.Design">
                      <LinkedFolderBundleItem xmlns:xsi="http://www.w3.org/2001/XMLSchema-instance" xmlns:xsd="http://www.w3.org/2001/XMLSchema">
                        <ItemId>\Portal\SlxClient\SlxClient.portal.xml\SupportFiles\jscript</ItemId>
                        <Url>\Portal\SlxClient\SlxClient.portal.xml\SupportFiles\jscript</Url>
                        <BundleItemType>Context</BundleItemType>
                        <Caption>jscript</Caption>
                        <InstallOptions>SkipItemAndChildren</InstallOptions>
                      </LinkedFolderBundleItem>
                      <children>
                        <bundleItem modelId="73d4e7d0-a7fa-40ae-8b45-1ad7ed954154" itemTypeName="Sage.Platform.WebPortal.Design.BundleSupport.LinkedFolderBundleItem, Sage.Platform.WebPortal.Design">
                          <LinkedFolderBundleItem xmlns:xsi="http://www.w3.org/2001/XMLSchema-instance" xmlns:xsd="http://www.w3.org/2001/XMLSchema">
                            <ItemId>\Portal\SlxClient\SlxClient.portal.xml\SupportFiles\jscript\sage-common</ItemId>
                            <Url>\Portal\SlxClient\SlxClient.portal.xml\SupportFiles\jscript\sage-common</Url>
                            <BundleItemType>Context</BundleItemType>
                            <Caption>sage-common</Caption>
                            <InstallOptions>SkipItemAndChildren</InstallOptions>
                          </LinkedFolderBundleItem>
                          <children>
                            <bundleItem modelId="73d4e7d0-a7fa-40ae-8b45-1ad7ed954154" itemTypeName="Sage.Platform.WebPortal.Design.BundleSupport.LinkedFileBundleItem, Sage.Platform.WebPortal.Design">
                              <LinkedFileBundleItem xmlns:xsi="http://www.w3.org/2001/XMLSchema-instance" xmlns:xsd="http://www.w3.org/2001/XMLSchema">
                                <ItemId>\Portal\SlxClient\SupportFiles\jscript\sage-common\ClientLinkHandler.js</ItemId>
                                <Url>\Portal\SlxClient\SupportFiles\jscript\sage-common\ClientLinkHandler.js</Url>
                                <BundleItemType>Other</BundleItemType>
                                <Caption>ClientLinkHandler.js</Caption>
                                <InstallOptions>SkipItemAndChildren</InstallOptions>
                                <IsLinkedFile>false</IsLinkedFile>
                                <SourcePath>C:\Development\VFS\Social-New\Model\Portal\SlxClient\SupportFiles\jscript\sage-common\ClientLinkHandler.js</SourcePath>
                                <ParentModelItemUrl>\Portal\SlxClient\SlxClient.portal.xml</ParentModelItemUrl>
                                <ProjectPath>SupportFiles\jscript\sage-common\ClientLinkHandler.js</ProjectPath>
                              </LinkedFileBundleItem>
                            </bundleItem>
                          </children>
                        </bundleItem>
                        <bundleItem modelId="73d4e7d0-a7fa-40ae-8b45-1ad7ed954154" itemTypeName="Sage.Platform.WebPortal.Design.BundleSupport.LinkedFileBundleItem, Sage.Platform.WebPortal.Design">
                          <LinkedFileBundleItem xmlns:xsi="http://www.w3.org/2001/XMLSchema-instance" xmlns:xsd="http://www.w3.org/2001/XMLSchema">
                            <ItemId>\Portal\SlxClient\SupportFiles\jscript\sage-socialpanel.js</ItemId>
                            <Url>\Portal\SlxClient\SupportFiles\jscript\sage-socialpanel.js</Url>
                            <BundleItemType>Other</BundleItemType>
                            <Caption>sage-socialpanel.js</Caption>
                            <InstallOptions>SkipItemAndChildren</InstallOptions>
                            <IsLinkedFile>false</IsLinkedFile>
                            <SourcePath>C:\Development\VFS\Social-New\Model\Portal\SlxClient\SupportFiles\jscript\sage-socialpanel.js</SourcePath>
                            <ParentModelItemUrl>\Portal\SlxClient\SlxClient.portal.xml</ParentModelItemUrl>
                            <ProjectPath>SupportFiles\jscript\sage-socialpanel.js</ProjectPath>
                          </LinkedFileBundleItem>
                        </bundleItem>
                      </children>
                    </bundleItem>
                    <bundleItem modelId="73d4e7d0-a7fa-40ae-8b45-1ad7ed954154" itemTypeName="Sage.Platform.WebPortal.Design.BundleSupport.LinkedFolderBundleItem, Sage.Platform.WebPortal.Design">
                      <LinkedFolderBundleItem xmlns:xsi="http://www.w3.org/2001/XMLSchema-instance" xmlns:xsd="http://www.w3.org/2001/XMLSchema">
                        <ItemId>\Portal\SlxClient\SlxClient.portal.xml\SupportFiles\SmartParts</ItemId>
                        <Url>\Portal\SlxClient\SlxClient.portal.xml\SupportFiles\SmartParts</Url>
                        <BundleItemType>Context</BundleItemType>
                        <Caption>SmartParts</Caption>
                        <InstallOptions>SkipItemAndChildren</InstallOptions>
                      </LinkedFolderBundleItem>
                      <children>
                        <bundleItem modelId="73d4e7d0-a7fa-40ae-8b45-1ad7ed954154" itemTypeName="Sage.Platform.WebPortal.Design.BundleSupport.LinkedFolderBundleItem, Sage.Platform.WebPortal.Design">
                          <LinkedFolderBundleItem xmlns:xsi="http://www.w3.org/2001/XMLSchema-instance" xmlns:xsd="http://www.w3.org/2001/XMLSchema">
                            <ItemId>\Portal\SlxClient\SlxClient.portal.xml\SupportFiles\SmartParts\Activity</ItemId>
                            <Url>\Portal\SlxClient\SlxClient.portal.xml\SupportFiles\SmartParts\Activity</Url>
                            <BundleItemType>Context</BundleItemType>
                            <Caption>Activity</Caption>
                            <InstallOptions>SkipItemAndChildren</InstallOptions>
                          </LinkedFolderBundleItem>
                          <children>
                            <bundleItem modelId="73d4e7d0-a7fa-40ae-8b45-1ad7ed954154" itemTypeName="Sage.Platform.WebPortal.Design.BundleSupport.LinkedFileBundleItem, Sage.Platform.WebPortal.Design">
                              <LinkedFileBundleItem xmlns:xsi="http://www.w3.org/2001/XMLSchema-instance" xmlns:xsd="http://www.w3.org/2001/XMLSchema">
                                <ItemId>\Portal\SlxClient\SupportFiles\SmartParts\Activity\ActivityDetails.ascx.cs</ItemId>
                                <Url>\Portal\SlxClient\SupportFiles\SmartParts\Activity\ActivityDetails.ascx.cs</Url>
                                <BundleItemType>Other</BundleItemType>
                                <Caption>ActivityDetails.ascx.cs</Caption>
                                <InstallOptions>SkipItemAndChildren</InstallOptions>
                                <IsLinkedFile>false</IsLinkedFile>
                                <SourcePath>C:\Development\VFS\Social-New\Model\Portal\SlxClient\SupportFiles\SmartParts\Activity\ActivityDetails.ascx.cs</SourcePath>
                                <ParentModelItemUrl>\Portal\SlxClient\SlxClient.portal.xml</ParentModelItemUrl>
                                <ProjectPath>SupportFiles\SmartParts\Activity\ActivityDetails.ascx.cs</ProjectPath>
                              </LinkedFileBundleItem>
                            </bundleItem>
                          </children>
                        </bundleItem>
                        <bundleItem modelId="73d4e7d0-a7fa-40ae-8b45-1ad7ed954154" itemTypeName="Sage.Platform.WebPortal.Design.BundleSupport.LinkedFolderBundleItem, Sage.Platform.WebPortal.Design">
                          <LinkedFolderBundleItem xmlns:xsi="http://www.w3.org/2001/XMLSchema-instance" xmlns:xsd="http://www.w3.org/2001/XMLSchema">
                            <ItemId>\Portal\SlxClient\SlxClient.portal.xml\SupportFiles\SmartParts\App_LocalResources</ItemId>
                            <Url>\Portal\SlxClient\SlxClient.portal.xml\SupportFiles\SmartParts\App_LocalResources</Url>
                            <BundleItemType>Context</BundleItemType>
                            <Caption>App_LocalResources</Caption>
                            <InstallOptions>SkipItemAndChildren</InstallOptions>
                          </LinkedFolderBundleItem>
                          <children>
                            <bundleItem modelId="73d4e7d0-a7fa-40ae-8b45-1ad7ed954154" itemTypeName="Sage.Platform.WebPortal.Design.BundleSupport.LinkedFileBundleItem, Sage.Platform.WebPortal.Design">
                              <LinkedFileBundleItem xmlns:xsi="http://www.w3.org/2001/XMLSchema-instance" xmlns:xsd="http://www.w3.org/2001/XMLSchema">
                                <ItemId>\Portal\SlxClient\SupportFiles\SmartParts\App_LocalResources\frmTwitter.ascx.resx</ItemId>
                                <Url>\Portal\SlxClient\SupportFiles\SmartParts\App_LocalResources\frmTwitter.ascx.resx</Url>
                                <BundleItemType>Other</BundleItemType>
                                <Caption>frmTwitter.ascx.resx</Caption>
                                <InstallOptions>SkipItemAndChildren</InstallOptions>
                                <IsLinkedFile>false</IsLinkedFile>
                                <SourcePath>C:\Development\VFS\Social-New\Model\Portal\SlxClient\SupportFiles\SmartParts\App_LocalResources\frmTwitter.ascx.resx</SourcePath>
                                <ParentModelItemUrl>\Portal\SlxClient\SlxClient.portal.xml</ParentModelItemUrl>
                                <ProjectPath>SupportFiles\SmartParts\App_LocalResources\frmTwitter.ascx.resx</ProjectPath>
                              </LinkedFileBundleItem>
                            </bundleItem>
                          </children>
                        </bundleItem>
                        <bundleItem modelId="73d4e7d0-a7fa-40ae-8b45-1ad7ed954154" itemTypeName="Sage.Platform.WebPortal.Design.BundleSupport.LinkedFolderBundleItem, Sage.Platform.WebPortal.Design">
                          <LinkedFolderBundleItem xmlns:xsi="http://www.w3.org/2001/XMLSchema-instance" xmlns:xsd="http://www.w3.org/2001/XMLSchema">
                            <ItemId>\Portal\SlxClient\SlxClient.portal.xml\SupportFiles\SmartParts\ClientLinkHandler</ItemId>
                            <Url>\Portal\SlxClient\SlxClient.portal.xml\SupportFiles\SmartParts\ClientLinkHandler</Url>
                            <BundleItemType>Context</BundleItemType>
                            <Caption>ClientLinkHandler</Caption>
                            <InstallOptions>SkipItemAndChildren</InstallOptions>
                          </LinkedFolderBundleItem>
                          <children>
                            <bundleItem modelId="73d4e7d0-a7fa-40ae-8b45-1ad7ed954154" itemTypeName="Sage.Platform.WebPortal.Design.BundleSupport.LinkedFileBundleItem, Sage.Platform.WebPortal.Design">
                              <LinkedFileBundleItem xmlns:xsi="http://www.w3.org/2001/XMLSchema-instance" xmlns:xsd="http://www.w3.org/2001/XMLSchema">
                                <ItemId>\Portal\SlxClient\SupportFiles\SmartParts\ClientLinkHandler\ClientLinkHandler.ascx.cs</ItemId>
                                <Url>\Portal\SlxClient\SupportFiles\SmartParts\ClientLinkHandler\ClientLinkHandler.ascx.cs</Url>
                                <BundleItemType>Other</BundleItemType>
                                <Caption>ClientLinkHandler.ascx.cs</Caption>
                                <InstallOptions>SkipItemAndChildren</InstallOptions>
                                <IsLinkedFile>false</IsLinkedFile>
                                <SourcePath>C:\Development\VFS\Social-New\Model\Portal\SlxClient\SupportFiles\SmartParts\ClientLinkHandler\ClientLinkHandler.ascx.cs</SourcePath>
                                <ParentModelItemUrl>\Portal\SlxClient\SlxClient.portal.xml</ParentModelItemUrl>
                                <ProjectPath>SupportFiles\SmartParts\ClientLinkHandler\ClientLinkHandler.ascx.cs</ProjectPath>
                              </LinkedFileBundleItem>
                            </bundleItem>
                          </children>
                        </bundleItem>
                        <bundleItem modelId="73d4e7d0-a7fa-40ae-8b45-1ad7ed954154" itemTypeName="Sage.Platform.WebPortal.Design.BundleSupport.LinkedFolderBundleItem, Sage.Platform.WebPortal.Design">
                          <LinkedFolderBundleItem xmlns:xsi="http://www.w3.org/2001/XMLSchema-instance" xmlns:xsd="http://www.w3.org/2001/XMLSchema">
                            <ItemId>\Portal\SlxClient\SlxClient.portal.xml\SupportFiles\SmartParts\CommonTasks</ItemId>
                            <Url>\Portal\SlxClient\SlxClient.portal.xml\SupportFiles\SmartParts\CommonTasks</Url>
                            <BundleItemType>Context</BundleItemType>
                            <Caption>CommonTasks</Caption>
                            <InstallOptions>SkipItemAndChildren</InstallOptions>
                          </LinkedFolderBundleItem>
                          <children>
                            <bundleItem modelId="73d4e7d0-a7fa-40ae-8b45-1ad7ed954154" itemTypeName="Sage.Platform.WebPortal.Design.BundleSupport.LinkedFileBundleItem, Sage.Platform.WebPortal.Design">
                              <LinkedFileBundleItem xmlns:xsi="http://www.w3.org/2001/XMLSchema-instance" xmlns:xsd="http://www.w3.org/2001/XMLSchema">
                                <ItemId>\Portal\SlxClient\SupportFiles\SmartParts\CommonTasks\Twitter.ascx</ItemId>
                                <Url>\Portal\SlxClient\SupportFiles\SmartParts\CommonTasks\Twitter.ascx</Url>
                                <BundleItemType>Other</BundleItemType>
                                <Caption>Twitter.ascx</Caption>
                                <InstallOptions>SkipItemAndChildren</InstallOptions>
                                <IsLinkedFile>false</IsLinkedFile>
                                <SourcePath>C:\Development\VFS\Social-New\Model\Portal\SlxClient\SupportFiles\SmartParts\CommonTasks\Twitter.ascx</SourcePath>
                                <ParentModelItemUrl>\Portal\SlxClient\SlxClient.portal.xml</ParentModelItemUrl>
                                <ProjectPath>SupportFiles\SmartParts\CommonTasks\Twitter.ascx</ProjectPath>
                              </LinkedFileBundleItem>
                            </bundleItem>
                            <bundleItem modelId="73d4e7d0-a7fa-40ae-8b45-1ad7ed954154" itemTypeName="Sage.Platform.WebPortal.Design.BundleSupport.LinkedFileBundleItem, Sage.Platform.WebPortal.Design">
                              <LinkedFileBundleItem xmlns:xsi="http://www.w3.org/2001/XMLSchema-instance" xmlns:xsd="http://www.w3.org/2001/XMLSchema">
                                <ItemId>\Portal\SlxClient\SupportFiles\SmartParts\CommonTasks\Twitter.ascx.cs</ItemId>
                                <Url>\Portal\SlxClient\SupportFiles\SmartParts\CommonTasks\Twitter.ascx.cs</Url>
                                <BundleItemType>Other</BundleItemType>
                                <Caption>Twitter.ascx.cs</Caption>
                                <InstallOptions>SkipItemAndChildren</InstallOptions>
                                <IsLinkedFile>false</IsLinkedFile>
                                <SourcePath>C:\Development\VFS\Social-New\Model\Portal\SlxClient\SupportFiles\SmartParts\CommonTasks\Twitter.ascx.cs</SourcePath>
                                <ParentModelItemUrl>\Portal\SlxClient\SlxClient.portal.xml</ParentModelItemUrl>
                                <ProjectPath>SupportFiles\SmartParts\CommonTasks\Twitter.ascx.cs</ProjectPath>
                              </LinkedFileBundleItem>
                            </bundleItem>
                          </children>
                        </bundleItem>
                        <bundleItem modelId="73d4e7d0-a7fa-40ae-8b45-1ad7ed954154" itemTypeName="Sage.Platform.WebPortal.Design.BundleSupport.LinkedFolderBundleItem, Sage.Platform.WebPortal.Design">
                          <LinkedFolderBundleItem xmlns:xsi="http://www.w3.org/2001/XMLSchema-instance" xmlns:xsd="http://www.w3.org/2001/XMLSchema">
                            <ItemId>\Portal\SlxClient\SlxClient.portal.xml\SupportFiles\SmartParts\Contact</ItemId>
                            <Url>\Portal\SlxClient\SlxClient.portal.xml\SupportFiles\SmartParts\Contact</Url>
                            <BundleItemType>Context</BundleItemType>
                            <Caption>Contact</Caption>
                            <InstallOptions>SkipItemAndChildren</InstallOptions>
                          </LinkedFolderBundleItem>
                          <children>
                            <bundleItem modelId="73d4e7d0-a7fa-40ae-8b45-1ad7ed954154" itemTypeName="Sage.Platform.WebPortal.Design.BundleSupport.LinkedFolderBundleItem, Sage.Platform.WebPortal.Design">
                              <LinkedFolderBundleItem xmlns:xsi="http://www.w3.org/2001/XMLSchema-instance" xmlns:xsd="http://www.w3.org/2001/XMLSchema">
                                <ItemId>\Portal\SlxClient\SlxClient.portal.xml\SupportFiles\SmartParts\Contact\App_LocalResources</ItemId>
                                <Url>\Portal\SlxClient\SlxClient.portal.xml\SupportFiles\SmartParts\Contact\App_LocalResources</Url>
                                <BundleItemType>Context</BundleItemType>
                                <Caption>App_LocalResources</Caption>
                                <InstallOptions>SkipItemAndChildren</InstallOptions>
                              </LinkedFolderBundleItem>
                              <children>
                                <bundleItem modelId="73d4e7d0-a7fa-40ae-8b45-1ad7ed954154" itemTypeName="Sage.Platform.WebPortal.Design.BundleSupport.LinkedFileBundleItem, Sage.Platform.WebPortal.Design">
                                  <LinkedFileBundleItem xmlns:xsi="http://www.w3.org/2001/XMLSchema-instance" xmlns:xsd="http://www.w3.org/2001/XMLSchema">
                                    <ItemId>\Portal\SlxClient\SupportFiles\SmartParts\Contact\App_LocalResources\frmTwitter.ascx.resx</ItemId>
                                    <Url>\Portal\SlxClient\SupportFiles\SmartParts\Contact\App_LocalResources\frmTwitter.ascx.resx</Url>
                                    <BundleItemType>Other</BundleItemType>
                                    <Caption>frmTwitter.ascx.resx</Caption>
                                    <InstallOptions>SkipItemAndChildren</InstallOptions>
                                    <IsLinkedFile>false</IsLinkedFile>
                                    <SourcePath>C:\Development\VFS\Social-New\Model\Portal\SlxClient\SupportFiles\SmartParts\Contact\App_LocalResources\frmTwitter.ascx.resx</SourcePath>
                                    <ParentModelItemUrl>\Portal\SlxClient\SlxClient.portal.xml</ParentModelItemUrl>
                                    <ProjectPath>SupportFiles\SmartParts\Contact\App_LocalResources\frmTwitter.ascx.resx</ProjectPath>
                                  </LinkedFileBundleItem>
                                </bundleItem>
                              </children>
                            </bundleItem>
                            <bundleItem modelId="73d4e7d0-a7fa-40ae-8b45-1ad7ed954154" itemTypeName="Sage.Platform.WebPortal.Design.BundleSupport.LinkedFileBundleItem, Sage.Platform.WebPortal.Design">
                              <LinkedFileBundleItem xmlns:xsi="http://www.w3.org/2001/XMLSchema-instance" xmlns:xsd="http://www.w3.org/2001/XMLSchema">
                                <ItemId>\Portal\SlxClient\SupportFiles\SmartParts\Contact\frmTwitter.ascx</ItemId>
                                <Url>\Portal\SlxClient\SupportFiles\SmartParts\Contact\frmTwitter.ascx</Url>
                                <BundleItemType>Other</BundleItemType>
                                <Caption>frmTwitter.ascx</Caption>
                                <InstallOptions>SkipItemAndChildren</InstallOptions>
                                <IsLinkedFile>false</IsLinkedFile>
                                <SourcePath>C:\Development\VFS\Social-New\Model\Portal\SlxClient\SupportFiles\SmartParts\Contact\frmTwitter.ascx</SourcePath>
                                <ParentModelItemUrl>\Portal\SlxClient\SlxClient.portal.xml</ParentModelItemUrl>
                                <ProjectPath>SupportFiles\SmartParts\Contact\frmTwitter.ascx</ProjectPath>
                              </LinkedFileBundleItem>
                            </bundleItem>
                            <bundleItem modelId="73d4e7d0-a7fa-40ae-8b45-1ad7ed954154" itemTypeName="Sage.Platform.WebPortal.Design.BundleSupport.LinkedFileBundleItem, Sage.Platform.WebPortal.Design">
                              <LinkedFileBundleItem xmlns:xsi="http://www.w3.org/2001/XMLSchema-instance" xmlns:xsd="http://www.w3.org/2001/XMLSchema">
                                <ItemId>\Portal\SlxClient\SupportFiles\SmartParts\Contact\frmTwitter.ascx.cs</ItemId>
                                <Url>\Portal\SlxClient\SupportFiles\SmartParts\Contact\frmTwitter.ascx.cs</Url>
                                <BundleItemType>Other</BundleItemType>
                                <Caption>frmTwitter.ascx.cs</Caption>
                                <InstallOptions>SkipItemAndChildren</InstallOptions>
                                <IsLinkedFile>false</IsLinkedFile>
                                <SourcePath>C:\Development\VFS\Social-New\Model\Portal\SlxClient\SupportFiles\SmartParts\Contact\frmTwitter.ascx.cs</SourcePath>
                                <ParentModelItemUrl>\Portal\SlxClient\SlxClient.portal.xml</ParentModelItemUrl>
                                <ProjectPath>SupportFiles\SmartParts\Contact\frmTwitter.ascx.cs</ProjectPath>
                              </LinkedFileBundleItem>
                            </bundleItem>
                          </children>
                        </bundleItem>
                        <bundleItem modelId="73d4e7d0-a7fa-40ae-8b45-1ad7ed954154" itemTypeName="Sage.Platform.WebPortal.Design.BundleSupport.LinkedFileBundleItem, Sage.Platform.WebPortal.Design">
                          <LinkedFileBundleItem xmlns:xsi="http://www.w3.org/2001/XMLSchema-instance" xmlns:xsd="http://www.w3.org/2001/XMLSchema">
                            <ItemId>\Portal\SlxClient\SupportFiles\SmartParts\frmTwitter.ascx</ItemId>
                            <Url>\Portal\SlxClient\SupportFiles\SmartParts\frmTwitter.ascx</Url>
                            <BundleItemType>Other</BundleItemType>
                            <Caption>frmTwitter.ascx</Caption>
                            <InstallOptions>SkipItemAndChildren</InstallOptions>
                            <IsLinkedFile>false</IsLinkedFile>
                            <SourcePath>C:\Development\VFS\Social-New\Model\Portal\SlxClient\SupportFiles\SmartParts\frmTwitter.ascx</SourcePath>
                            <ParentModelItemUrl>\Portal\SlxClient\SlxClient.portal.xml</ParentModelItemUrl>
                            <ProjectPath>SupportFiles\SmartParts\frmTwitter.ascx</ProjectPath>
                          </LinkedFileBundleItem>
                        </bundleItem>
                        <bundleItem modelId="73d4e7d0-a7fa-40ae-8b45-1ad7ed954154" itemTypeName="Sage.Platform.WebPortal.Design.BundleSupport.LinkedFileBundleItem, Sage.Platform.WebPortal.Design">
                          <LinkedFileBundleItem xmlns:xsi="http://www.w3.org/2001/XMLSchema-instance" xmlns:xsd="http://www.w3.org/2001/XMLSchema">
                            <ItemId>\Portal\SlxClient\SupportFiles\SmartParts\frmTwitter.ascx.cs</ItemId>
                            <Url>\Portal\SlxClient\SupportFiles\SmartParts\frmTwitter.ascx.cs</Url>
                            <BundleItemType>Other</BundleItemType>
                            <Caption>frmTwitter.ascx.cs</Caption>
                            <InstallOptions>SkipItemAndChildren</InstallOptions>
                            <IsLinkedFile>false</IsLinkedFile>
                            <SourcePath>C:\Development\VFS\Social-New\Model\Portal\SlxClient\SupportFiles\SmartParts\frmTwitter.ascx.cs</SourcePath>
                            <ParentModelItemUrl>\Portal\SlxClient\SlxClient.portal.xml</ParentModelItemUrl>
                            <ProjectPath>SupportFiles\SmartParts\frmTwitter.ascx.cs</ProjectPath>
                          </LinkedFileBundleItem>
                        </bundleItem>
                        <bundleItem modelId="73d4e7d0-a7fa-40ae-8b45-1ad7ed954154" itemTypeName="Sage.Platform.WebPortal.Design.BundleSupport.LinkedFolderBundleItem, Sage.Platform.WebPortal.Design">
                          <LinkedFolderBundleItem xmlns:xsi="http://www.w3.org/2001/XMLSchema-instance" xmlns:xsd="http://www.w3.org/2001/XMLSchema">
                            <ItemId>\Portal\SlxClient\SlxClient.portal.xml\SupportFiles\SmartParts\Options</ItemId>
                            <Url>\Portal\SlxClient\SlxClient.portal.xml\SupportFiles\SmartParts\Options</Url>
                            <BundleItemType>Context</BundleItemType>
                            <Caption>Options</Caption>
                            <InstallOptions>SkipItemAndChildren</InstallOptions>
                          </LinkedFolderBundleItem>
                          <children>
                            <bundleItem modelId="73d4e7d0-a7fa-40ae-8b45-1ad7ed954154" itemTypeName="Sage.Platform.WebPortal.Design.BundleSupport.LinkedFileBundleItem, Sage.Platform.WebPortal.Design">
                              <LinkedFileBundleItem xmlns:xsi="http://www.w3.org/2001/XMLSchema-instance" xmlns:xsd="http://www.w3.org/2001/XMLSchema">
                                <ItemId>\Portal\SlxClient\SupportFiles\SmartParts\Options\frmTwitterOptions.ascx</ItemId>
                                <Url>\Portal\SlxClient\SupportFiles\SmartParts\Options\frmTwitterOptions.ascx</Url>
                                <BundleItemType>Other</BundleItemType>
                                <Caption>frmTwitterOptions.ascx</Caption>
                                <InstallOptions>SkipItemAndChildren</InstallOptions>
                                <IsLinkedFile>false</IsLinkedFile>
                                <SourcePath>C:\Development\VFS\Social-New\Model\Portal\SlxClient\SupportFiles\SmartParts\Options\frmTwitterOptions.ascx</SourcePath>
                                <ParentModelItemUrl>\Portal\SlxClient\SlxClient.portal.xml</ParentModelItemUrl>
                                <ProjectPath>SupportFiles\SmartParts\Options\frmTwitterOptions.ascx</ProjectPath>
                              </LinkedFileBundleItem>
                            </bundleItem>
                            <bundleItem modelId="73d4e7d0-a7fa-40ae-8b45-1ad7ed954154" itemTypeName="Sage.Platform.WebPortal.Design.BundleSupport.LinkedFileBundleItem, Sage.Platform.WebPortal.Design">
                              <LinkedFileBundleItem xmlns:xsi="http://www.w3.org/2001/XMLSchema-instance" xmlns:xsd="http://www.w3.org/2001/XMLSchema">
                                <ItemId>\Portal\SlxClient\SupportFiles\SmartParts\Options\frmTwitterOptions.ascx.cs</ItemId>
                                <Url>\Portal\SlxClient\SupportFiles\SmartParts\Options\frmTwitterOptions.ascx.cs</Url>
                                <BundleItemType>Other</BundleItemType>
                                <Caption>frmTwitterOptions.ascx.cs</Caption>
                                <InstallOptions>SkipItemAndChildren</InstallOptions>
                                <IsLinkedFile>false</IsLinkedFile>
                                <SourcePath>C:\Development\VFS\Social-New\Model\Portal\SlxClient\SupportFiles\SmartParts\Options\frmTwitterOptions.ascx.cs</SourcePath>
                                <ParentModelItemUrl>\Portal\SlxClient\SlxClient.portal.xml</ParentModelItemUrl>
                                <ProjectPath>SupportFiles\SmartParts\Options\frmTwitterOptions.ascx.cs</ProjectPath>
                              </LinkedFileBundleItem>
                            </bundleItem>
                            <bundleItem modelId="73d4e7d0-a7fa-40ae-8b45-1ad7ed954154" itemTypeName="Sage.Platform.WebPortal.Design.BundleSupport.LinkedFileBundleItem, Sage.Platform.WebPortal.Design">
                              <LinkedFileBundleItem xmlns:xsi="http://www.w3.org/2001/XMLSchema-instance" xmlns:xsd="http://www.w3.org/2001/XMLSchema">
                                <ItemId>\Portal\SlxClient\SupportFiles\SmartParts\Options\SocialMedia.ascx</ItemId>
                                <Url>\Portal\SlxClient\SupportFiles\SmartParts\Options\SocialMedia.ascx</Url>
                                <BundleItemType>Other</BundleItemType>
                                <Caption>SocialMedia.ascx</Caption>
                                <InstallOptions>SkipItemAndChildren</InstallOptions>
                                <IsLinkedFile>false</IsLinkedFile>
                                <SourcePath>C:\Development\VFS\Social-New\Model\Portal\SlxClient\SupportFiles\SmartParts\Options\SocialMedia.ascx</SourcePath>
                                <ParentModelItemUrl>\Portal\SlxClient\SlxClient.portal.xml</ParentModelItemUrl>
                                <ProjectPath>SupportFiles\SmartParts\Options\SocialMedia.ascx</ProjectPath>
                              </LinkedFileBundleItem>
                            </bundleItem>
                            <bundleItem modelId="73d4e7d0-a7fa-40ae-8b45-1ad7ed954154" itemTypeName="Sage.Platform.WebPortal.Design.BundleSupport.LinkedFileBundleItem, Sage.Platform.WebPortal.Design">
                              <LinkedFileBundleItem xmlns:xsi="http://www.w3.org/2001/XMLSchema-instance" xmlns:xsd="http://www.w3.org/2001/XMLSchema">
                                <ItemId>\Portal\SlxClient\SupportFiles\SmartParts\Options\SocialMedia.ascx.cs</ItemId>
                                <Url>\Portal\SlxClient\SupportFiles\SmartParts\Options\SocialMedia.ascx.cs</Url>
                                <BundleItemType>Other</BundleItemType>
                                <Caption>SocialMedia.ascx.cs</Caption>
                                <InstallOptions>SkipItemAndChildren</InstallOptions>
                                <IsLinkedFile>false</IsLinkedFile>
                                <SourcePath>C:\Development\VFS\Social-New\Model\Portal\SlxClient\SupportFiles\SmartParts\Options\SocialMedia.ascx.cs</SourcePath>
                                <ParentModelItemUrl>\Portal\SlxClient\SlxClient.portal.xml</ParentModelItemUrl>
                                <ProjectPath>SupportFiles\SmartParts\Options\SocialMedia.ascx.cs</ProjectPath>
                              </LinkedFileBundleItem>
                            </bundleItem>
                          </children>
                        </bundleItem>
                        <bundleItem modelId="73d4e7d0-a7fa-40ae-8b45-1ad7ed954154" itemTypeName="Sage.Platform.WebPortal.Design.BundleSupport.LinkedFolderBundleItem, Sage.Platform.WebPortal.Design">
                          <LinkedFolderBundleItem xmlns:xsi="http://www.w3.org/2001/XMLSchema-instance" xmlns:xsd="http://www.w3.org/2001/XMLSchema">
                            <ItemId>\Portal\SlxClient\SlxClient.portal.xml\SupportFiles\SmartParts\Social</ItemId>
                            <Url>\Portal\SlxClient\SlxClient.portal.xml\SupportFiles\SmartParts\Social</Url>
                            <BundleItemType>Context</BundleItemType>
                            <Caption>Social</Caption>
                            <InstallOptions>SkipItemAndChildren</InstallOptions>
                          </LinkedFolderBundleItem>
                          <children>
                            <bundleItem modelId="73d4e7d0-a7fa-40ae-8b45-1ad7ed954154" itemTypeName="Sage.Platform.WebPortal.Design.BundleSupport.LinkedFolderBundleItem, Sage.Platform.WebPortal.Design">
                              <LinkedFolderBundleItem xmlns:xsi="http://www.w3.org/2001/XMLSchema-instance" xmlns:xsd="http://www.w3.org/2001/XMLSchema">
                                <ItemId>\Portal\SlxClient\SlxClient.portal.xml\SupportFiles\SmartParts\Social\App_LocalResources</ItemId>
                                <Url>\Portal\SlxClient\SlxClient.portal.xml\SupportFiles\SmartParts\Social\App_LocalResources</Url>
                                <BundleItemType>Context</BundleItemType>
                                <Caption>App_LocalResources</Caption>
                                <InstallOptions>SkipItemAndChildren</InstallOptions>
                              </LinkedFolderBundleItem>
                              <children>
                                <bundleItem modelId="73d4e7d0-a7fa-40ae-8b45-1ad7ed954154" itemTypeName="Sage.Platform.WebPortal.Design.BundleSupport.LinkedFileBundleItem, Sage.Platform.WebPortal.Design">
                                  <LinkedFileBundleItem xmlns:xsi="http://www.w3.org/2001/XMLSchema-instance" xmlns:xsd="http://www.w3.org/2001/XMLSchema">
                                    <ItemId>\Portal\SlxClient\SupportFiles\SmartParts\Social\App_LocalResources\SocialList.ascx.resx</ItemId>
                                    <Url>\Portal\SlxClient\SupportFiles\SmartParts\Social\App_LocalResources\SocialList.ascx.resx</Url>
                                    <BundleItemType>Other</BundleItemType>
                                    <Caption>SocialList.ascx.resx</Caption>
                                    <InstallOptions>SkipItemAndChildren</InstallOptions>
                                    <IsLinkedFile>false</IsLinkedFile>
                                    <SourcePath>C:\Development\VFS\Social-New\Model\Portal\SlxClient\SupportFiles\SmartParts\Social\App_LocalResources\SocialList.ascx.resx</SourcePath>
                                    <ParentModelItemUrl>\Portal\SlxClient\SlxClient.portal.xml</ParentModelItemUrl>
                                    <ProjectPath>SupportFiles\SmartParts\Social\App_LocalResources\SocialList.ascx.resx</ProjectPath>
                                  </LinkedFileBundleItem>
                                </bundleItem>
                              </children>
                            </bundleItem>
                            <bundleItem modelId="73d4e7d0-a7fa-40ae-8b45-1ad7ed954154" itemTypeName="Sage.Platform.WebPortal.Design.BundleSupport.LinkedFileBundleItem, Sage.Platform.WebPortal.Design">
                              <LinkedFileBundleItem xmlns:xsi="http://www.w3.org/2001/XMLSchema-instance" xmlns:xsd="http://www.w3.org/2001/XMLSchema">
                                <ItemId>\Portal\SlxClient\SupportFiles\SmartParts\Social\SocialList.ascx</ItemId>
                                <Url>\Portal\SlxClient\SupportFiles\SmartParts\Social\SocialList.ascx</Url>
                                <BundleItemType>Other</BundleItemType>
                                <Caption>SocialList.ascx</Caption>
                                <InstallOptions>SkipItemAndChildren</InstallOptions>
                                <IsLinkedFile>false</IsLinkedFile>
                                <SourcePath>C:\Development\VFS\Social-New\Model\Portal\SlxClient\SupportFiles\SmartParts\Social\SocialList.ascx</SourcePath>
                                <ParentModelItemUrl>\Portal\SlxClient\SlxClient.portal.xml</ParentModelItemUrl>
                                <ProjectPath>SupportFiles\SmartParts\Social\SocialList.ascx</ProjectPath>
                              </LinkedFileBundleItem>
                            </bundleItem>
                            <bundleItem modelId="73d4e7d0-a7fa-40ae-8b45-1ad7ed954154" itemTypeName="Sage.Platform.WebPortal.Design.BundleSupport.LinkedFileBundleItem, Sage.Platform.WebPortal.Design">
                              <LinkedFileBundleItem xmlns:xsi="http://www.w3.org/2001/XMLSchema-instance" xmlns:xsd="http://www.w3.org/2001/XMLSchema">
                                <ItemId>\Portal\SlxClient\SupportFiles\SmartParts\Social\SocialList.ascx.cs</ItemId>
                                <Url>\Portal\SlxClient\SupportFiles\SmartParts\Social\SocialList.ascx.cs</Url>
                                <BundleItemType>Other</BundleItemType>
                                <Caption>SocialList.ascx.cs</Caption>
                                <InstallOptions>SkipItemAndChildren</InstallOptions>
                                <IsLinkedFile>false</IsLinkedFile>
                                <SourcePath>C:\Development\VFS\Social-New\Model\Portal\SlxClient\SupportFiles\SmartParts\Social\SocialList.ascx.cs</SourcePath>
                                <ParentModelItemUrl>\Portal\SlxClient\SlxClient.portal.xml</ParentModelItemUrl>
                                <ProjectPath>SupportFiles\SmartParts\Social\SocialList.ascx.cs</ProjectPath>
                              </LinkedFileBundleItem>
                            </bundleItem>
                          </children>
                        </bundleItem>
                        <bundleItem modelId="73d4e7d0-a7fa-40ae-8b45-1ad7ed954154" itemTypeName="Sage.Platform.WebPortal.Design.BundleSupport.LinkedFolderBundleItem, Sage.Platform.WebPortal.Design">
                          <LinkedFolderBundleItem xmlns:xsi="http://www.w3.org/2001/XMLSchema-instance" xmlns:xsd="http://www.w3.org/2001/XMLSchema">
                            <ItemId>\Portal\SlxClient\SlxClient.portal.xml\SupportFiles\SmartParts\TaskPane</ItemId>
                            <Url>\Portal\SlxClient\SlxClient.portal.xml\SupportFiles\SmartParts\TaskPane</Url>
                            <BundleItemType>Context</BundleItemType>
                            <Caption>TaskPane</Caption>
                            <InstallOptions>SkipItemAndChildren</InstallOptions>
                          </LinkedFolderBundleItem>
                          <children>
                            <bundleItem modelId="73d4e7d0-a7fa-40ae-8b45-1ad7ed954154" itemTypeName="Sage.Platform.WebPortal.Design.BundleSupport.LinkedFolderBundleItem, Sage.Platform.WebPortal.Design">
                              <LinkedFolderBundleItem xmlns:xsi="http://www.w3.org/2001/XMLSchema-instance" xmlns:xsd="http://www.w3.org/2001/XMLSchema">
                                <ItemId>\Portal\SlxClient\SlxClient.portal.xml\SupportFiles\SmartParts\TaskPane\CommonTasks</ItemId>
                                <Url>\Portal\SlxClient\SlxClient.portal.xml\SupportFiles\SmartParts\TaskPane\CommonTasks</Url>
                                <BundleItemType>Context</BundleItemType>
                                <Caption>CommonTasks</Caption>
                                <InstallOptions>SkipItemAndChildren</InstallOptions>
                              </LinkedFolderBundleItem>
                              <children>
                                <bundleItem modelId="73d4e7d0-a7fa-40ae-8b45-1ad7ed954154" itemTypeName="Sage.Platform.WebPortal.Design.BundleSupport.LinkedFileBundleItem, Sage.Platform.WebPortal.Design">
                                  <LinkedFileBundleItem xmlns:xsi="http://www.w3.org/2001/XMLSchema-instance" xmlns:xsd="http://www.w3.org/2001/XMLSchema">
                                    <ItemId>\Portal\SlxClient\SupportFiles\SmartParts\TaskPane\CommonTasks\Twitter.ascx</ItemId>
                                    <Url>\Portal\SlxClient\SupportFiles\SmartParts\TaskPane\CommonTasks\Twitter.ascx</Url>
                                    <BundleItemType>Other</BundleItemType>
                                    <Caption>Twitter.ascx</Caption>
                                    <InstallOptions>SkipItemAndChildren</InstallOptions>
                                    <IsLinkedFile>false</IsLinkedFile>
                                    <SourcePath>C:\Development\VFS\Social-New\Model\Portal\SlxClient\SupportFiles\SmartParts\TaskPane\CommonTasks\Twitter.ascx</SourcePath>
                                    <ParentModelItemUrl>\Portal\SlxClient\SlxClient.portal.xml</ParentModelItemUrl>
                                    <ProjectPath>SupportFiles\SmartParts\TaskPane\CommonTasks\Twitter.ascx</ProjectPath>
                                  </LinkedFileBundleItem>
                                </bundleItem>
                                <bundleItem modelId="73d4e7d0-a7fa-40ae-8b45-1ad7ed954154" itemTypeName="Sage.Platform.WebPortal.Design.BundleSupport.LinkedFileBundleItem, Sage.Platform.WebPortal.Design">
                                  <LinkedFileBundleItem xmlns:xsi="http://www.w3.org/2001/XMLSchema-instance" xmlns:xsd="http://www.w3.org/2001/XMLSchema">
                                    <ItemId>\Portal\SlxClient\SupportFiles\SmartParts\TaskPane\CommonTasks\Twitter.ascx.cs</ItemId>
                                    <Url>\Portal\SlxClient\SupportFiles\SmartParts\TaskPane\CommonTasks\Twitter.ascx.cs</Url>
                                    <BundleItemType>Other</BundleItemType>
                                    <Caption>Twitter.ascx.cs</Caption>
                                    <InstallOptions>SkipItemAndChildren</InstallOptions>
                                    <IsLinkedFile>false</IsLinkedFile>
                                    <SourcePath>C:\Development\VFS\Social-New\Model\Portal\SlxClient\SupportFiles\SmartParts\TaskPane\CommonTasks\Twitter.ascx.cs</SourcePath>
                                    <ParentModelItemUrl>\Portal\SlxClient\SlxClient.portal.xml</ParentModelItemUrl>
                                    <ProjectPath>SupportFiles\SmartParts\TaskPane\CommonTasks\Twitter.ascx.cs</ProjectPath>
                                  </LinkedFileBundleItem>
                                </bundleItem>
                              </children>
                            </bundleItem>
                          </children>
                        </bundleItem>
                      </children>
                    </bundleItem>
                  </children>
                </bundleItem>
                <bundleItem modelId="73d4e7d0-a7fa-40ae-8b45-1ad7ed954154" itemTypeName="Sage.Platform.WebPortal.Design.BundleSupport.ContainerBundleItem, Sage.Platform.WebPortal.Design">
                  <ContainerBundleItem xmlns:xsi="http://www.w3.org/2001/XMLSchema-instance" xmlns:xsd="http://www.w3.org/2001/XMLSchema">
                    <ItemId>\Portal\SlxClient\SlxClient.portal.xml\Tasklets</ItemId>
                    <Url>\Portal\SlxClient\SlxClient.portal.xml\Tasklets</Url>
                    <BundleItemType>Container</BundleItemType>
                    <Caption>Tasklets</Caption>
                  </ContainerBundleItem>
                  <children>
                    <bundleItem modelId="73d4e7d0-a7fa-40ae-8b45-1ad7ed954154" itemTypeName="Sage.Platform.WebPortal.Design.BundleSupport.ModelItemBundleItem, Sage.Platform.WebPortal.Design">
                      <ModelItemBundleItem xmlns:xsi="http://www.w3.org/2001/XMLSchema-instance" xmlns:xsd="http://www.w3.org/2001/XMLSchema">
                        <ItemId>156a14f1-a05e-456c-9316-13cf6baa9afc</ItemId>
                        <Url>\Portal\SlxClient\Tasklets\Twitter.tasklet.xml</Url>
                        <BundleItemType>ModelItem</BundleItemType>
                        <Caption>Twitter</Caption>
                        <InstallOrderOptions>
                          <BeforeAll>false</BeforeAll>
                          <InstallAfter>75fd6f70-380f-4d2d-96e7-7ede062be9df</InstallAfter>
                        </InstallOrderOptions>
                      </ModelItemBundleItem>
                    </bundleItem>
                  </children>
                </bundleItem>
                <bundleItem modelId="73d4e7d0-a7fa-40ae-8b45-1ad7ed954154" itemTypeName="Sage.Platform.WebPortal.Design.BundleSupport.ContainerBundleItem, Sage.Platform.WebPortal.Design">
                  <ContainerBundleItem xmlns:xsi="http://www.w3.org/2001/XMLSchema-instance" xmlns:xsd="http://www.w3.org/2001/XMLSchema">
                    <ItemId>\Portal\SlxClient\SlxClient.portal.xml\NavigationGroups</ItemId>
                    <Url>\Portal\SlxClient\SlxClient.portal.xml\NavigationGroups</Url>
                    <BundleItemType>Container</BundleItemType>
                    <Caption>Navigation</Caption>
                  </ContainerBundleItem>
                  <children>
                    <bundleItem modelId="73d4e7d0-a7fa-40ae-8b45-1ad7ed954154" itemTypeName="Sage.Platform.WebPortal.Design.BundleSupport.ModelItemBundleItem, Sage.Platform.WebPortal.Design">
                      <ModelItemBundleItem xmlns:xsi="http://www.w3.org/2001/XMLSchema-instance" xmlns:xsd="http://www.w3.org/2001/XMLSchema">
                        <ItemId>3a89fa9f-d016-4f90-89cf-7081b75101c0</ItemId>
                        <Url>\Portal\SlxClient\NavGroups\Social\Social.navgroup.xml</Url>
                        <BundleItemType>ModelItem</BundleItemType>
                        <Caption>Social</Caption>
                        <InstallOrderOptions>
                          <BeforeAll>false</BeforeAll>
                          <InstallAfter>1b945d1b-ba15-4244-b5e7-416fc549cf22</InstallAfter>
                        </InstallOrderOptions>
                      </ModelItemBundleItem>
                      <children>
                        <bundleItem modelId="73d4e7d0-a7fa-40ae-8b45-1ad7ed954154" itemTypeName="Sage.Platform.WebPortal.Design.BundleSupport.ModelItemBundleItem, Sage.Platform.WebPortal.Design">
                          <ModelItemBundleItem xmlns:xsi="http://www.w3.org/2001/XMLSchema-instance" xmlns:xsd="http://www.w3.org/2001/XMLSchema">
                            <ItemId>034745ae-9969-4b84-8cb7-f762464172d4</ItemId>
                            <Url>\Portal\SlxClient\NavGroups\Social\NavItems\SocialNetworking.navitem.xml</Url>
                            <BundleItemType>ModelItem</BundleItemType>
                            <Caption>Social Queue</Caption>
                            <InstallOrderOptions>
                              <BeforeAll>true</BeforeAll>
                              <InstallAfter>00000000-0000-0000-0000-000000000000</InstallAfter>
                            </InstallOrderOptions>
                          </ModelItemBundleItem>
                        </bundleItem>
                      </children>
                    </bundleItem>
                  </children>
                </bundleItem>
                <bundleItem modelId="73d4e7d0-a7fa-40ae-8b45-1ad7ed954154" itemTypeName="Sage.Platform.WebPortal.Design.BundleSupport.ContainerBundleItem, Sage.Platform.WebPortal.Design">
                  <ContainerBundleItem xmlns:xsi="http://www.w3.org/2001/XMLSchema-instance" xmlns:xsd="http://www.w3.org/2001/XMLSchema">
                    <ItemId>\Portal\SlxClient\SlxClient.portal.xml\Pages</ItemId>
                    <Url>\Portal\SlxClient\SlxClient.portal.xml\Pages</Url>
                    <BundleItemType>Container</BundleItemType>
                    <Caption>Pages</Caption>
                  </ContainerBundleItem>
                  <children>
                    <bundleItem modelId="73d4e7d0-a7fa-40ae-8b45-1ad7ed954154" itemTypeName="Sage.Platform.WebPortal.Design.BundleSupport.ModelItemBundleItem, Sage.Platform.WebPortal.Design">
                      <ModelItemBundleItem xmlns:xsi="http://www.w3.org/2001/XMLSchema-instance" xmlns:xsd="http://www.w3.org/2001/XMLSchema">
                        <ItemId>add721e9-224c-4921-8e16-b4c6953d48ef</ItemId>
                        <Url>\Portal\SlxClient\ChildPages\UserOptions\UserOptions.page.xml</Url>
                        <BundleItemType>ModelItem</BundleItemType>
                        <Caption>Options</Caption>
                        <InstallOrderOptions>
                          <BeforeAll>false</BeforeAll>
                          <InstallAfter>fbf286ee-13b3-4330-a59a-6734782314da</InstallAfter>
                        </InstallOrderOptions>
                      </ModelItemBundleItem>
                      <children>
                        <bundleItem modelId="73d4e7d0-a7fa-40ae-8b45-1ad7ed954154" itemTypeName="Sage.Platform.WebPortal.Design.BundleSupport.ContainerBundleItem, Sage.Platform.WebPortal.Design">
                          <ContainerBundleItem xmlns:xsi="http://www.w3.org/2001/XMLSchema-instance" xmlns:xsd="http://www.w3.org/2001/XMLSchema">
                            <ItemId>\Portal\SlxClient\ChildPages\UserOptions\UserOptions.page.xml\SmartParts</ItemId>
                            <Url>\Portal\SlxClient\ChildPages\UserOptions\UserOptions.page.xml\SmartParts</Url>
                            <BundleItemType>Container</BundleItemType>
                            <Caption>SmartParts</Caption>
                          </ContainerBundleItem>
                          <children>
                            <bundleItem modelId="73d4e7d0-a7fa-40ae-8b45-1ad7ed954154" itemTypeName="Sage.Platform.WebPortal.Design.BundleSupport.ModelItemBundleItem, Sage.Platform.WebPortal.Design">
                              <ModelItemBundleItem xmlns:xsi="http://www.w3.org/2001/XMLSchema-instance" xmlns:xsd="http://www.w3.org/2001/XMLSchema">
                                <ItemId>e65c7f8c-1ae6-46e6-b7d7-75772f2d6c9f</ItemId>
                                <Url>\Portal\SlxClient\ChildPages\UserOptions\SmartParts\frmTwitterOptions.smartpart.xml</Url>
                                <BundleItemType>ModelItem</BundleItemType>
                                <Caption>frmTwitterOptions (Custom)</Caption>
                                <InstallOrderOptions>
                                  <BeforeAll>false</BeforeAll>
                                  <InstallAfter>e1bcfa9b-b20d-477b-a629-dcfe88ffc445</InstallAfter>
                                </InstallOrderOptions>
                              </ModelItemBundleItem>
                            </bundleItem>
                            <bundleItem modelId="73d4e7d0-a7fa-40ae-8b45-1ad7ed954154" itemTypeName="Sage.Platform.WebPortal.Design.BundleSupport.ModelItemBundleItem, Sage.Platform.WebPortal.Design">
                              <ModelItemBundleItem xmlns:xsi="http://www.w3.org/2001/XMLSchema-instance" xmlns:xsd="http://www.w3.org/2001/XMLSchema">
                                <ItemId>219d9ceb-c0e6-4daa-9b67-ad68e6e7ab53</ItemId>
                                <Url>\Portal\SlxClient\ChildPages\UserOptions\SmartParts\SocialMedia.smartpart.xml</Url>
                                <BundleItemType>ModelItem</BundleItemType>
                                <Caption>SocialMedia (Custom)</Caption>
                                <InstallOrderOptions>
                                  <BeforeAll>false</BeforeAll>
                                  <InstallAfter>e65c7f8c-1ae6-46e6-b7d7-75772f2d6c9f</InstallAfter>
                                </InstallOrderOptions>
                              </ModelItemBundleItem>
                            </bundleItem>
                          </children>
                        </bundleItem>
                      </children>
                    </bundleItem>
                    <bundleItem modelId="73d4e7d0-a7fa-40ae-8b45-1ad7ed954154" itemTypeName="Sage.Platform.WebPortal.Design.BundleSupport.ModelItemBundleItem, Sage.Platform.WebPortal.Design">
                      <ModelItemBundleItem xmlns:xsi="http://www.w3.org/2001/XMLSchema-instance" xmlns:xsd="http://www.w3.org/2001/XMLSchema">
                        <ItemId>fc228137-bcc8-43c6-8c62-84b2332e7018</ItemId>
                        <Url>\Portal\SlxClient\ChildPages\SocialNet\SocialNet.page.xml</Url>
                        <BundleItemType>ModelItem</BundleItemType>
                        <Caption>Social Queue</Caption>
                        <InstallOrderOptions>
                          <BeforeAll>false</BeforeAll>
                          <InstallAfter>b76162ea-2f0a-499e-9f0c-27280eb2f314</InstallAfter>
                        </InstallOrderOptions>
                      </ModelItemBundleItem>
                      <children>
                        <bundleItem modelId="73d4e7d0-a7fa-40ae-8b45-1ad7ed954154" itemTypeName="Sage.Platform.WebPortal.Design.BundleSupport.ContainerBundleItem, Sage.Platform.WebPortal.Design">
                          <ContainerBundleItem xmlns:xsi="http://www.w3.org/2001/XMLSchema-instance" xmlns:xsd="http://www.w3.org/2001/XMLSchema">
                            <ItemId>\Portal\SlxClient\ChildPages\SocialNet\SocialNet.page.xml\SmartParts</ItemId>
                            <Url>\Portal\SlxClient\ChildPages\SocialNet\SocialNet.page.xml\SmartParts</Url>
                            <BundleItemType>Container</BundleItemType>
                            <Caption>SmartParts</Caption>
                          </ContainerBundleItem>
                          <children>
                            <bundleItem modelId="73d4e7d0-a7fa-40ae-8b45-1ad7ed954154" itemTypeName="Sage.Platform.WebPortal.Design.BundleSupport.ModelItemBundleItem, Sage.Platform.WebPortal.Design">
                              <ModelItemBundleItem xmlns:xsi="http://www.w3.org/2001/XMLSchema-instance" xmlns:xsd="http://www.w3.org/2001/XMLSchema">
                                <ItemId>b294314c-a66b-428e-9885-36cfc34e0483</ItemId>
                                <Url>\Portal\SlxClient\ChildPages\SocialNet\SmartParts\SocialList.smartpart.xml</Url>
                                <BundleItemType>ModelItem</BundleItemType>
                                <Caption>SocialList (Custom)</Caption>
                                <InstallOrderOptions>
                                  <BeforeAll>true</BeforeAll>
                                  <InstallAfter>00000000-0000-0000-0000-000000000000</InstallAfter>
                                </InstallOrderOptions>
                              </ModelItemBundleItem>
                            </bundleItem>
                          </children>
                        </bundleItem>
                      </children>
                    </bundleItem>
                    <bundleItem modelId="73d4e7d0-a7fa-40ae-8b45-1ad7ed954154" itemTypeName="Sage.Platform.WebPortal.Design.BundleSupport.ModelItemBundleItem, Sage.Platform.WebPortal.Design">
                      <ModelItemBundleItem xmlns:xsi="http://www.w3.org/2001/XMLSchema-instance" xmlns:xsd="http://www.w3.org/2001/XMLSchema">
                        <ItemId>f8923dd2-079e-427b-af12-bf6f5e444322</ItemId>
                        <Url>\Portal\SlxClient\ChildPages\Contact\Contact.page.xml</Url>
                        <BundleItemType>ModelItem</BundleItemType>
                        <Caption>Contact Detail</Caption>
                        <InstallOrderOptions>
                          <BeforeAll>false</BeforeAll>
                          <InstallAfter>03ce8c6d-5c18-4e37-b6b7-7ea1c1751257</InstallAfter>
                        </InstallOrderOptions>
                      </ModelItemBundleItem>
                      <children>
                        <bundleItem modelId="73d4e7d0-a7fa-40ae-8b45-1ad7ed954154" itemTypeName="Sage.Platform.WebPortal.Design.BundleSupport.ContainerBundleItem, Sage.Platform.WebPortal.Design">
                          <ContainerBundleItem xmlns:xsi="http://www.w3.org/2001/XMLSchema-instance" xmlns:xsd="http://www.w3.org/2001/XMLSchema">
                            <ItemId>\Portal\SlxClient\ChildPages\Contact\Contact.page.xml\SmartParts</ItemId>
                            <Url>\Portal\SlxClient\ChildPages\Contact\Contact.page.xml\SmartParts</Url>
                            <BundleItemType>Container</BundleItemType>
                            <Caption>SmartParts</Caption>
                          </ContainerBundleItem>
                          <children>
                            <bundleItem modelId="73d4e7d0-a7fa-40ae-8b45-1ad7ed954154" itemTypeName="Sage.Platform.WebPortal.Design.BundleSupport.ModelItemBundleItem, Sage.Platform.WebPortal.Design">
                              <ModelItemBundleItem xmlns:xsi="http://www.w3.org/2001/XMLSchema-instance" xmlns:xsd="http://www.w3.org/2001/XMLSchema">
                                <ItemId>ede4236d-ed05-4493-8612-6da3cff8a23a</ItemId>
                                <Url>\Portal\SlxClient\ChildPages\Contact\SmartParts\frmTwitter.smartpart.xml</Url>
                                <BundleItemType>ModelItem</BundleItemType>
                                <Caption>frmTwitter (Custom)</Caption>
                                <InstallOrderOptions>
                                  <BeforeAll>false</BeforeAll>
                                  <InstallAfter>46bdab48-184d-4b89-bd79-cdba73449a42</InstallAfter>
                                </InstallOrderOptions>
                              </ModelItemBundleItem>
                            </bundleItem>
                          </children>
                        </bundleItem>
                      </children>
                    </bundleItem>
                  </children>
                </bundleItem>
              </children>
            </bundleItem>
          </children>
        </bundleItem>
      </children>
    </bundleItem>
  </bundleItemHierarchy>
  <bundleActionHierarchy>
    <bundleItem modelId="af988c91-97c8-4527-b072-e021c9e2cb1a" itemTypeName="Sage.Platform.BundleModel.RootBundleAction, Sage.Platform.BundleModel">
      <RootBundleAction xmlns:xsi="http://www.w3.org/2001/XMLSchema-instance" xmlns:xsd="http://www.w3.org/2001/XMLSchema">
        <ItemId>\Actions</ItemId>
        <Url>\Actions</Url>
        <BundleItemType>Container</BundleItemType>
        <Caption>Bundle Actions</Caption>
      </RootBundleAction>
    </bundleItem>
  </bundleActionHierarchy>
  <itemsToDelete />
  <globalResources />
</BundleManifest>