<?xml version="1.0"?>
<method xmlns:xsi="http://www.w3.org/2001/XMLSchema-instance" xmlns:xsd="http://www.w3.org/2001/XMLSchema" id="0e8c7ea1-fe3c-459b-aa27-d6aa693f6118" lastModifiedUtc="2013-04-14T15:50:46.4817304Z" name="OnCreate" methodType="CrudEvent" actionType="None" returnMode="None">
  <extendedMetaData />
  <ExtendedPropertiesCollection>
    <extendee type="Sage.Platform.Orm.Entities.OrmEntityMethod" />
  </ExtendedPropertiesCollection>
  <parameter />
  <preExecuteTargets />
  <methodTargets>
    <methodTarget id="f6a311af-5e3f-4d50-8f35-be3d18bb938f" lastModifiedUtc="0001-01-01T00:00:00" targetType="Sage.SalesLogix.Ticket.Rules, Sage.SalesLogix.BusinessRules" targetMethod="OnCreate" active="true">
      <ExtendedPropertiesCollection>
        <extendee type="Sage.Platform.Orm.Entities.OrmMethodTarget" />
      </ExtendedPropertiesCollection>
    </methodTarget>
  </methodTargets>
  <postExecuteTargets>
    <methodTarget xsi:type="OrmMethodTargetSnippet" id="4e8848ed-f346-492d-aeff-6ec541618293" lastModifiedUtc="2013-04-16T16:07:15.7549479Z" targetType="Sage.BusinessRules.CodeSnippets.TicketBusinessRules, Sage.SnippetLibrary.CSharp" targetMethod="SLXSocial_OnCreate" active="true" description="Set defaults passed from the social queue context menu" codeSnippetId="00ba5c70-15c0-46d8-b425-fb0937c34801">
      <ExtendedPropertiesCollection>
        <extendee type="Sage.Platform.Orm.Entities.OrmMethodTargetSnippet" />
      </ExtendedPropertiesCollection>
    </methodTarget>
  </postExecuteTargets>
  <postFlushTargets />
</method>