<?xml version="1.0"?>
<method xmlns:xsi="http://www.w3.org/2001/XMLSchema-instance" xmlns:xsd="http://www.w3.org/2001/XMLSchema" id="732e64a8-2808-4789-9ed2-3328844bf88c" lastModifiedUtc="2013-04-14T18:38:11.1262583Z" name="OnCreate" methodType="CrudEvent" actionType="None" returnMode="None">
  <extendedMetaData />
  <ExtendedPropertiesCollection>
    <extendee type="Sage.Platform.Orm.Entities.OrmEntityMethod" />
  </ExtendedPropertiesCollection>
  <parameter />
  <preExecuteTargets />
  <methodTargets>
    <methodTarget id="b2b4eb9f-0a8d-4471-90d8-9c0fe00f8331" lastModifiedUtc="2008-01-04T21:04:53.2265037Z" targetType="Sage.SalesLogix.Defect.Rules, Sage.SalesLogix.BusinessRules" targetMethod="OnCreate" active="true">
      <ExtendedPropertiesCollection>
        <extendee type="Sage.Platform.Orm.Entities.OrmMethodTarget" />
      </ExtendedPropertiesCollection>
    </methodTarget>
  </methodTargets>
  <postExecuteTargets>
    <methodTarget xsi:type="OrmMethodTargetSnippet" id="f53faaa7-2c38-4c6d-84a8-e22943ef331a" lastModifiedUtc="2013-04-14T18:50:52.8823794Z" targetType="Sage.BusinessRules.CodeSnippets.DefectBusinessRules, Sage.SnippetLibrary.CSharp" targetMethod="SLXSocial_OnCreate" active="true" description="Set defaults for the lead passed from the Social Queue context menu action" codeSnippetId="77145384-c97f-4e8f-9e12-cc6dde39269c">
      <ExtendedPropertiesCollection>
        <extendee type="Sage.Platform.Orm.Entities.OrmMethodTargetSnippet" />
      </ExtendedPropertiesCollection>
    </methodTarget>
  </postExecuteTargets>
  <postFlushTargets />
</method>