<?xml version="1.0"?>
<entity xmlns:xsi="http://www.w3.org/2001/XMLSchema-instance" xmlns:xsd="http://www.w3.org/2001/XMLSchema" id="bf57a412-bf06-4bd3-9f39-a5ed36f61c3c" lastModifiedUtc="2013-07-31T14:58:29.3721144Z" manageSchema="false" tableName="ENTITYSOCIALPROFILE" name="EntitySocialProfile" isExtension="false" audited="false" onBeforeInsertMethodId="681bdc5b-4375-4267-8f0c-706c5291ac9d" onAfterInsertMethodId="53570e52-b7a0-45df-b3c3-2ef1a37b68e5" onBeforeUpdateMethodId="94646198-46b1-4813-b08a-8316c5809ab9" onAfterUpdateMethodId="0d2c42ce-c1a1-4c1b-8c3c-722e7f772fd4" onBeforeDeleteMethodId="a6b81462-a1f4-4f50-beae-f17887490cab" onAfterDeleteMethodId="d177bdc2-4225-4bdd-bbc0-76689bd0b8d6" onCreateId="3b773544-da54-4826-b468-3857e00cc4f0">
  <extendedMetaData />
  <ExtendedPropertiesCollection>
    <extendee type="Sage.Platform.Orm.Entities.OrmEntity">
      <extender guid="1589723d-0536-4bf3-bdd7-3f6f7fe165d0">
        <OrmEntityMetadataExtension>
          <IsHistoryTable>false</IsHistoryTable>
        </OrmEntityMetadataExtension>
      </extender>
      <extender guid="76aa0e24-2c8f-3b71-a1f9-ca6db3db4459">
        <OrmEntitySDataExtension generateFeed="true" pathName="entitySocialProfiles" lastUpdatedPropertyId="4721d774-a5fe-45bf-9c8d-c40c281588e2" canPost="true" canPut="true" canDelete="true" />
      </extender>
    </extendee>
  </ExtendedPropertiesCollection>
  <keyProperties>
    <keyReference id="d7e2470d-83cc-4b9c-bd4c-84f148c4d06a" ordinalPosition="1" />
  </keyProperties>
  <properties>
    <property xsi:type="OrmFieldProperty" id="d7e2470d-83cc-4b9c-bd4c-84f148c4d06a" lastModifiedUtc="2013-07-01T08:08:33.2109476Z" name="Entitysocialprofileid" audited="false" isNullable="false" columnName="ENTITYSOCIALPROFILEID" maxLength="12" precision="0" scale="0" ordinal="0" isReadOnly="false">
      <ExtendedPropertiesCollection>
        <extendee type="Sage.Platform.Orm.Entities.OrmFieldProperty">
          <extender guid="ae60621d-9d91-3d9a-b9fb-eb6c8be12131">
            <OrmEntityPropertySDataExtension generate="true" />
          </extender>
        </extendee>
      </ExtendedPropertiesCollection>
      <SystemDataType guid="30053f5a-8d40-4db1-b185-1e4128eb26cc">
        <StandardIdDataType />
      </SystemDataType>
    </property>
    <property xsi:type="OrmFieldProperty" id="da6b771b-48bf-47c3-adcc-1351f8092317" lastModifiedUtc="2013-07-01T08:08:33.2148539Z" name="CreateUser" audited="false" columnName="CREATEUSER" maxLength="12" precision="0" scale="0" ordinal="1" isReadOnly="false">
      <ExtendedPropertiesCollection>
        <extendee type="Sage.Platform.Orm.Entities.OrmFieldProperty">
          <extender guid="ae60621d-9d91-3d9a-b9fb-eb6c8be12131">
            <OrmEntityPropertySDataExtension generate="true" />
          </extender>
        </extendee>
      </ExtendedPropertiesCollection>
      <SystemDataType guid="30053f5a-8d40-4db1-b185-1e4128eb26cc">
        <StandardIdDataType />
      </SystemDataType>
    </property>
    <property xsi:type="OrmFieldProperty" id="f00961c8-bb22-480d-84f5-ec45c026c444" lastModifiedUtc="2013-07-01T08:08:33.2177836Z" name="CreateDate" audited="false" columnName="CREATEDATE" maxLength="0" precision="0" scale="0" ordinal="2" isReadOnly="false">
      <ExtendedPropertiesCollection>
        <extendee type="Sage.Platform.Orm.Entities.OrmFieldProperty">
          <extender guid="ae60621d-9d91-3d9a-b9fb-eb6c8be12131">
            <OrmEntityPropertySDataExtension generate="true" />
          </extender>
        </extendee>
      </ExtendedPropertiesCollection>
      <SystemDataType guid="1f08f2eb-87c8-443b-a7c2-a51f590923f5">
        <DateTimeDataType />
      </SystemDataType>
    </property>
    <property xsi:type="OrmFieldProperty" id="875c31ff-1c16-4889-865e-161f3128113c" lastModifiedUtc="2013-07-01T08:08:33.2207133Z" name="ModifyUser" audited="false" columnName="MODIFYUSER" maxLength="12" precision="0" scale="0" ordinal="3" isReadOnly="false">
      <ExtendedPropertiesCollection>
        <extendee type="Sage.Platform.Orm.Entities.OrmFieldProperty">
          <extender guid="ae60621d-9d91-3d9a-b9fb-eb6c8be12131">
            <OrmEntityPropertySDataExtension generate="true" />
          </extender>
        </extendee>
      </ExtendedPropertiesCollection>
      <SystemDataType guid="30053f5a-8d40-4db1-b185-1e4128eb26cc">
        <StandardIdDataType />
      </SystemDataType>
    </property>
    <property xsi:type="OrmFieldProperty" id="4721d774-a5fe-45bf-9c8d-c40c281588e2" lastModifiedUtc="2013-07-01T08:08:33.2236429Z" name="ModifyDate" audited="false" columnName="MODIFYDATE" maxLength="0" precision="0" scale="0" ordinal="4" isReadOnly="false">
      <ExtendedPropertiesCollection>
        <extendee type="Sage.Platform.Orm.Entities.OrmFieldProperty">
          <extender guid="ae60621d-9d91-3d9a-b9fb-eb6c8be12131">
            <OrmEntityPropertySDataExtension generate="true" />
          </extender>
        </extendee>
      </ExtendedPropertiesCollection>
      <SystemDataType guid="1f08f2eb-87c8-443b-a7c2-a51f590923f5">
        <DateTimeDataType />
      </SystemDataType>
    </property>
    <property xsi:type="OrmFieldProperty" id="a11d23e1-2313-4638-a26d-bfefbae616ee" lastModifiedUtc="2013-07-01T08:08:33.2255961Z" name="EntityId" audited="false" columnName="ENTITYID" maxLength="12" precision="0" scale="0" ordinal="5" isReadOnly="false">
      <ExtendedPropertiesCollection>
        <extendee type="Sage.Platform.Orm.Entities.OrmFieldProperty">
          <extender guid="ae60621d-9d91-3d9a-b9fb-eb6c8be12131">
            <OrmEntityPropertySDataExtension generate="true" />
          </extender>
        </extendee>
      </ExtendedPropertiesCollection>
      <SystemDataType guid="30053f5a-8d40-4db1-b185-1e4128eb26cc">
        <StandardIdDataType />
      </SystemDataType>
    </property>
    <property xsi:type="OrmFieldProperty" id="a9ff2674-260c-49d2-9a5b-6acddf8963d9" lastModifiedUtc="2013-07-01T08:08:33.2285258Z" name="NetworkName" audited="false" columnName="NETWORKNAME" maxLength="32" precision="0" scale="0" ordinal="6" isReadOnly="false">
      <ExtendedPropertiesCollection>
        <extendee type="Sage.Platform.Orm.Entities.OrmFieldProperty">
          <extender guid="ae60621d-9d91-3d9a-b9fb-eb6c8be12131">
            <OrmEntityPropertySDataExtension generate="true" />
          </extender>
        </extendee>
      </ExtendedPropertiesCollection>
      <SystemDataType guid="ccc0f01d-7ba5-408e-8526-a3f942354b3a">
        <TextDataType>
          <Length>32</Length>
        </TextDataType>
      </SystemDataType>
    </property>
    <property xsi:type="OrmFieldProperty" id="f06c0763-50bf-486a-b30c-dbb2f58f0c63" lastModifiedUtc="2013-07-01T08:10:53.9252298Z" name="SocialUserId" audited="false" columnName="SOCIALUSERID" maxLength="48" precision="0" scale="0" ordinal="7" isReadOnly="false">
      <ExtendedPropertiesCollection>
        <extendee type="Sage.Platform.Orm.Entities.OrmFieldProperty">
          <extender guid="ae60621d-9d91-3d9a-b9fb-eb6c8be12131">
            <OrmEntityPropertySDataExtension generate="true" />
          </extender>
        </extendee>
      </ExtendedPropertiesCollection>
      <SystemDataType guid="ccc0f01d-7ba5-408e-8526-a3f942354b3a">
        <TextDataType>
          <Length>48</Length>
        </TextDataType>
      </SystemDataType>
    </property>
    <property xsi:type="OrmFieldProperty" id="f32b09da-70aa-40ca-9c4e-6eb662960c5c" lastModifiedUtc="2013-07-01T08:10:53.951597Z" name="SocialUserName" audited="false" columnName="SOCIALUSERNAME" maxLength="64" precision="0" scale="0" ordinal="8" isReadOnly="false">
      <ExtendedPropertiesCollection>
        <extendee type="Sage.Platform.Orm.Entities.OrmFieldProperty">
          <extender guid="ae60621d-9d91-3d9a-b9fb-eb6c8be12131">
            <OrmEntityPropertySDataExtension generate="true" />
          </extender>
        </extendee>
      </ExtendedPropertiesCollection>
      <SystemDataType guid="ccc0f01d-7ba5-408e-8526-a3f942354b3a">
        <TextDataType>
          <Length>64</Length>
        </TextDataType>
      </SystemDataType>
    </property>
    <property xsi:type="OrmFieldProperty" id="92f7a9fe-4619-4fa5-81dc-7d6c97fcfb2e" lastModifiedUtc="2013-07-15T21:21:30.8305443Z" name="SocialKeywords" audited="false" columnName="SOCIALKEYWORDS" maxLength="128" precision="0" scale="0" ordinal="9" isReadOnly="false">
      <ExtendedPropertiesCollection>
        <extendee type="Sage.Platform.Orm.Entities.OrmFieldProperty">
          <extender guid="ae60621d-9d91-3d9a-b9fb-eb6c8be12131">
            <OrmEntityPropertySDataExtension generate="true" />
          </extender>
        </extendee>
      </ExtendedPropertiesCollection>
      <SystemDataType guid="ccc0f01d-7ba5-408e-8526-a3f942354b3a">
        <TextDataType>
          <Length>128</Length>
        </TextDataType>
      </SystemDataType>
    </property>
    <property xsi:type="OrmFieldProperty" id="968d9518-9035-4c7a-b060-be370a26ca42" lastModifiedUtc="2013-07-26T14:50:54.8356446Z" name="ProfileUrl" audited="false" columnName="PROFILEURL" maxLength="128" precision="0" scale="0" ordinal="19" isReadOnly="false">
      <ExtendedPropertiesCollection>
        <extendee type="Sage.Platform.Orm.Entities.OrmFieldProperty">
          <extender guid="ae60621d-9d91-3d9a-b9fb-eb6c8be12131">
            <OrmEntityPropertySDataExtension generate="true" />
          </extender>
        </extendee>
      </ExtendedPropertiesCollection>
      <SystemDataType guid="ccc0f01d-7ba5-408e-8526-a3f942354b3a">
        <TextDataType>
          <Length>128</Length>
        </TextDataType>
      </SystemDataType>
    </property>
    <property xsi:type="OrmFieldProperty" id="ee04db36-fcb0-44d4-8fcd-51937c556b39" lastModifiedUtc="2013-07-26T14:50:54.8434571Z" name="ProfessionalSpecialties" audited="false" columnName="PROFESSIONALSPECIALTIES" maxLength="2147483647" precision="0" scale="0" ordinal="18" isReadOnly="false">
      <ExtendedPropertiesCollection>
        <extendee type="Sage.Platform.Orm.Entities.OrmFieldProperty">
          <extender guid="ae60621d-9d91-3d9a-b9fb-eb6c8be12131">
            <OrmEntityPropertySDataExtension generate="true" />
          </extender>
        </extendee>
      </ExtendedPropertiesCollection>
      <SystemDataType guid="f4ca6023-9f5f-4e41-8571-50ba94e8f233">
        <LongTextDataType>
          <Length>2147483647</Length>
        </LongTextDataType>
      </SystemDataType>
    </property>
    <property xsi:type="OrmFieldProperty" id="ed5b5ea4-2f69-4a91-871d-584aed4c7c1d" lastModifiedUtc="2013-07-26T14:50:54.8454102Z" name="ProfessionalSummary" audited="false" columnName="PROFESSIONALSUMMARY" maxLength="2147483647" precision="0" scale="0" ordinal="17" isReadOnly="false">
      <ExtendedPropertiesCollection>
        <extendee type="Sage.Platform.Orm.Entities.OrmFieldProperty">
          <extender guid="ae60621d-9d91-3d9a-b9fb-eb6c8be12131">
            <OrmEntityPropertySDataExtension generate="true" />
          </extender>
        </extendee>
      </ExtendedPropertiesCollection>
      <SystemDataType guid="f4ca6023-9f5f-4e41-8571-50ba94e8f233">
        <LongTextDataType>
          <Length>2147483647</Length>
        </LongTextDataType>
      </SystemDataType>
    </property>
    <property xsi:type="OrmFieldProperty" id="9e87e14e-7f16-4382-bf92-6ba174e2f335" lastModifiedUtc="2013-07-26T14:50:54.8473633Z" name="FormattedName" audited="false" columnName="FORMATTEDNAME" maxLength="128" precision="0" scale="0" ordinal="16" isReadOnly="false">
      <ExtendedPropertiesCollection>
        <extendee type="Sage.Platform.Orm.Entities.OrmFieldProperty">
          <extender guid="ae60621d-9d91-3d9a-b9fb-eb6c8be12131">
            <OrmEntityPropertySDataExtension generate="true" />
          </extender>
        </extendee>
      </ExtendedPropertiesCollection>
      <SystemDataType guid="ccc0f01d-7ba5-408e-8526-a3f942354b3a">
        <TextDataType>
          <Length>128</Length>
        </TextDataType>
      </SystemDataType>
    </property>
    <property xsi:type="OrmFieldProperty" id="bf1ac7cd-c821-4d59-8d77-1a8c25f015fa" lastModifiedUtc="2013-07-26T14:50:54.8493165Z" name="Location" audited="false" columnName="LOCATION" maxLength="128" precision="0" scale="0" ordinal="15" isReadOnly="false">
      <ExtendedPropertiesCollection>
        <extendee type="Sage.Platform.Orm.Entities.OrmFieldProperty">
          <extender guid="ae60621d-9d91-3d9a-b9fb-eb6c8be12131">
            <OrmEntityPropertySDataExtension generate="true" />
          </extender>
        </extendee>
      </ExtendedPropertiesCollection>
      <SystemDataType guid="ccc0f01d-7ba5-408e-8526-a3f942354b3a">
        <TextDataType>
          <Length>128</Length>
        </TextDataType>
      </SystemDataType>
    </property>
    <property xsi:type="OrmFieldProperty" id="5a106c24-8ce3-450f-8cb2-984f18501615" lastModifiedUtc="2013-07-26T14:50:54.8512696Z" name="Email" audited="false" columnName="EMAIL" maxLength="96" precision="0" scale="0" ordinal="14" isReadOnly="false">
      <ExtendedPropertiesCollection>
        <extendee type="Sage.Platform.Orm.Entities.OrmFieldProperty">
          <extender guid="ae60621d-9d91-3d9a-b9fb-eb6c8be12131">
            <OrmEntityPropertySDataExtension generate="true" />
          </extender>
        </extendee>
      </ExtendedPropertiesCollection>
      <SystemDataType guid="ccc0f01d-7ba5-408e-8526-a3f942354b3a">
        <TextDataType>
          <Length>96</Length>
        </TextDataType>
      </SystemDataType>
    </property>
    <property xsi:type="OrmFieldProperty" id="856a211a-adb7-455a-a85e-3a8d06927b44" lastModifiedUtc="2013-07-26T14:50:54.8532227Z" name="Headline" audited="false" columnName="HEADLINE" maxLength="128" precision="0" scale="0" ordinal="13" isReadOnly="false">
      <ExtendedPropertiesCollection>
        <extendee type="Sage.Platform.Orm.Entities.OrmFieldProperty">
          <extender guid="ae60621d-9d91-3d9a-b9fb-eb6c8be12131">
            <OrmEntityPropertySDataExtension generate="true" />
          </extender>
        </extendee>
      </ExtendedPropertiesCollection>
      <SystemDataType guid="ccc0f01d-7ba5-408e-8526-a3f942354b3a">
        <TextDataType>
          <Length>128</Length>
        </TextDataType>
      </SystemDataType>
    </property>
    <property xsi:type="OrmFieldProperty" id="88ad9cb2-1f88-45bc-ace1-1ba31f74f16a" lastModifiedUtc="2013-07-26T14:50:54.8541993Z" name="PictureUrl" audited="false" columnName="PICTUREURL" maxLength="128" precision="0" scale="0" ordinal="12" isReadOnly="false">
      <ExtendedPropertiesCollection>
        <extendee type="Sage.Platform.Orm.Entities.OrmFieldProperty">
          <extender guid="ae60621d-9d91-3d9a-b9fb-eb6c8be12131">
            <OrmEntityPropertySDataExtension generate="true" />
          </extender>
        </extendee>
      </ExtendedPropertiesCollection>
      <SystemDataType guid="ccc0f01d-7ba5-408e-8526-a3f942354b3a">
        <TextDataType>
          <Length>128</Length>
        </TextDataType>
      </SystemDataType>
    </property>
    <property xsi:type="OrmFieldProperty" id="7ca9c0a6-95ae-4486-b5e9-a5bc2ea3c020" lastModifiedUtc="2013-07-26T14:50:54.857129Z" name="LastName" audited="false" columnName="LASTNAME" maxLength="64" precision="0" scale="0" ordinal="11" isReadOnly="false">
      <ExtendedPropertiesCollection>
        <extendee type="Sage.Platform.Orm.Entities.OrmFieldProperty">
          <extender guid="ae60621d-9d91-3d9a-b9fb-eb6c8be12131">
            <OrmEntityPropertySDataExtension generate="true" />
          </extender>
        </extendee>
      </ExtendedPropertiesCollection>
      <SystemDataType guid="ccc0f01d-7ba5-408e-8526-a3f942354b3a">
        <TextDataType>
          <Length>64</Length>
        </TextDataType>
      </SystemDataType>
    </property>
    <property xsi:type="OrmFieldProperty" id="6fa1c3a6-38db-4ecf-8934-36d3c954171e" lastModifiedUtc="2013-07-26T14:50:54.8590821Z" name="FirstName" audited="false" columnName="FIRSTNAME" maxLength="64" precision="0" scale="0" ordinal="10" isReadOnly="false">
      <ExtendedPropertiesCollection>
        <extendee type="Sage.Platform.Orm.Entities.OrmFieldProperty">
          <extender guid="ae60621d-9d91-3d9a-b9fb-eb6c8be12131">
            <OrmEntityPropertySDataExtension generate="true" />
          </extender>
        </extendee>
      </ExtendedPropertiesCollection>
      <SystemDataType guid="ccc0f01d-7ba5-408e-8526-a3f942354b3a">
        <TextDataType>
          <Length>64</Length>
        </TextDataType>
      </SystemDataType>
    </property>
    <property xsi:type="OrmFieldProperty" id="40af9ec3-c739-44c4-b7d3-6e28ed76e80d" lastModifiedUtc="2013-07-27T17:47:58.0556361Z" name="Industry" audited="false" columnName="INDUSTRY" maxLength="96" precision="0" scale="0" ordinal="21" isReadOnly="false">
      <ExtendedPropertiesCollection>
        <extendee type="Sage.Platform.Orm.Entities.OrmFieldProperty">
          <extender guid="ae60621d-9d91-3d9a-b9fb-eb6c8be12131">
            <OrmEntityPropertySDataExtension generate="true" />
          </extender>
        </extendee>
      </ExtendedPropertiesCollection>
      <SystemDataType guid="ccc0f01d-7ba5-408e-8526-a3f942354b3a">
        <TextDataType>
          <Length>96</Length>
        </TextDataType>
      </SystemDataType>
    </property>
    <property xsi:type="OrmFieldProperty" id="c6295de2-5782-4a87-ab44-72850c05db92" lastModifiedUtc="2013-07-27T17:47:58.078097Z" name="LastUpdatedOn" audited="false" columnName="LASTUPDATEDON" maxLength="0" precision="0" scale="0" ordinal="20" isReadOnly="false">
      <ExtendedPropertiesCollection>
        <extendee type="Sage.Platform.Orm.Entities.OrmFieldProperty">
          <extender guid="ae60621d-9d91-3d9a-b9fb-eb6c8be12131">
            <OrmEntityPropertySDataExtension generate="true" />
          </extender>
        </extendee>
      </ExtendedPropertiesCollection>
      <SystemDataType guid="1f08f2eb-87c8-443b-a7c2-a51f590923f5">
        <DateTimeDataType />
      </SystemDataType>
    </property>
    <property xsi:type="OrmFieldProperty" id="60cb6e4e-3b22-4350-903e-7ec29e480a85" lastModifiedUtc="2013-07-29T19:43:58.2471404Z" name="CurrentEmployer" audited="false" columnName="CURRENTEMPLOYER" maxLength="128" precision="0" scale="0" ordinal="22" isReadOnly="false">
      <ExtendedPropertiesCollection>
        <extendee type="Sage.Platform.Orm.Entities.OrmFieldProperty">
          <extender guid="ae60621d-9d91-3d9a-b9fb-eb6c8be12131">
            <OrmEntityPropertySDataExtension generate="true" />
          </extender>
        </extendee>
      </ExtendedPropertiesCollection>
      <SystemDataType guid="ccc0f01d-7ba5-408e-8526-a3f942354b3a">
        <TextDataType>
          <Length>128</Length>
        </TextDataType>
      </SystemDataType>
    </property>
    <property xsi:type="OrmFieldProperty" id="89e921bf-b3d4-4e91-a23a-57199a18488f" lastModifiedUtc="2013-07-29T19:43:58.2822966Z" name="Education" audited="false" columnName="EDUCATION" maxLength="128" precision="0" scale="0" ordinal="24" isReadOnly="false">
      <ExtendedPropertiesCollection>
        <extendee type="Sage.Platform.Orm.Entities.OrmFieldProperty">
          <extender guid="ae60621d-9d91-3d9a-b9fb-eb6c8be12131">
            <OrmEntityPropertySDataExtension generate="true" />
          </extender>
        </extendee>
      </ExtendedPropertiesCollection>
      <SystemDataType guid="ccc0f01d-7ba5-408e-8526-a3f942354b3a">
        <TextDataType>
          <Length>128</Length>
        </TextDataType>
      </SystemDataType>
    </property>
    <property xsi:type="OrmFieldProperty" id="083a9767-de9a-4cce-a7ee-4bf3100fdda2" lastModifiedUtc="2013-07-31T14:58:29.3516066Z" name="PreviousEmployers" audited="false" columnName="PREVIOUSEMPLOYERS" maxLength="128" precision="0" scale="0" ordinal="24" isReadOnly="false">
      <ExtendedPropertiesCollection>
        <extendee type="Sage.Platform.Orm.Entities.OrmFieldProperty">
          <extender guid="ae60621d-9d91-3d9a-b9fb-eb6c8be12131">
            <OrmEntityPropertySDataExtension generate="true" />
          </extender>
        </extendee>
      </ExtendedPropertiesCollection>
      <SystemDataType guid="ccc0f01d-7ba5-408e-8526-a3f942354b3a">
        <TextDataType>
          <Length>128</Length>
        </TextDataType>
      </SystemDataType>
    </property>
  </properties>
</entity>